"ID","MouseID","Age_weeks","Age_ints","Genotype","Sex","GenotypePerSex","AA1","AA4","CBM13","CBM2","CBM20","CBM24","CBM26","CBM32","CBM34","CBM35","CBM38","CBM4","CBM40","CBM48","CBM50","CBM51","CBM57","CBM58","CBM6","CBM61","CBM62","CBM66","CBM67","CBM9","CE1","CE11","CE12","CE15","CE4","CE6","CE7","CE8","CE9","GH1","GH10","GH102","GH103","GH105","GH106","GH109","GH110","GH111","GH112","GH115","GH116","GH117","GH123","GH125","GH127","GH13","GH130","GH133","GH136","GH137","GH138","GH139","GH13_11","GH13_14","GH13_18","GH13_28","GH13_31","GH13_37","GH13_38","GH13_39","GH13_4","GH13_42","GH13_5","GH13_6","GH13_8","GH13_9","GH140","GH141","GH142","GH143","GH144","GH145","GH146","GH147","GH15","GH154","GH158","GH16","GH163","GH165","GH16_24","GH16_3","GH18","GH2","GH20","GH23","GH24","GH25","GH26","GH27","GH28","GH29","GH3","GH30","GH30_2","GH30_3","GH30_6","GH31","GH32","GH33","GH35","GH36","GH37","GH38","GH4","GH42","GH43","GH43_1","GH43_10","GH43_11","GH43_12","GH43_17","GH43_18","GH43_19","GH43_2","GH43_24","GH43_26","GH43_28","GH43_29","GH43_3","GH43_31","GH43_33","GH43_34","GH43_35","GH43_4","GH43_5","GH43_7","GH43_8","GH5","GH51","GH53","GH57","GH5_13","GH5_2","GH5_4","GH5_44","GH5_7","GH63","GH65","GH66","GH67","GH73","GH76","GH77","GH78","GH8","GH84","GH88","GH89","GH9","GH92","GH94","GH95","GH97","GH99","GT1","GT10","GT11","GT14","GT19","GT2","GT20","GT23","GT25","GT26","GT28","GT3","GT30","GT31","GT32","GT35","GT4","GT5","GT51","GT8","GT80","GT83","GT9","PL1","PL10","PL10_1","PL10_2","PL11","PL11_1","PL12_2","PL15","PL15_2","PL17_2","PL1_2","PL22","PL26","PL29","PL35","PL38","PL4","PL40","PL6","PL6_1","PL8","PL8_2","AA6","CBM23","CBM27","CBM54","CE2","GH101","GH108","GH120","GH13_20","GH161","GH164","GH30_4","GH43_16","GH43_9","GH48","GH50","GH55","GH5_21","GH5_46","GH74","GH91","GT111","GT39","GT6","GT84","PL13","PL30","PL33_1","PL37","AA7","GH156","GT104","GH13_19","GH13_29","GH13_30","GH70","PL8_3","GT107","GH85","GH39","GH43_22","GH93","GH98","GT22","GT101","PL33_2","GH14"
"L1","73","6 weeks",6,"WT","Female","Female WT",3563.15862897121,2189.41072382568,21.4648110178988,85.8592440715953,4232.00857973224,85.8592440715953,42.9296220357977,40360.1824137509,354.169381795331,85.858814775375,42.9296220357977,42.9296220357977,236.112921196887,15981.6761296268,10393.5658658868,7222.19327072362,2291.07493754597,286.912830840508,4730.69194818667,42.9291927395773,515.155464429572,85.8592440715953,9237.9347843808,257.577732214786,15977.3810209421,4769.09120720903,1826.14455512096,1330.81742451729,6126.05749380455,3627.5530620249,1373.74790514553,1671.80183149676,6805.77464908772,128.788866107393,3391.44057012424,42.9296220357977,42.9296220357977,7561.24069315684,8317.18754899276,4936.90653411673,12550.474143573,42.9296220357977,815.662389383935,7727.32896137004,111.616587996854,42.9296220357977,7391.0500702619,2987.9012643953,7104.85201762829,38073.5657174534,3478.42328240451,1452.45206911241,128.788866107393,2137.8947480865,1631.32563736031,1030.3100702667,207.493030074282,2027.70814579966,42.9296220357977,772.733196644358,186.028648352603,515.155464429572,4736.56858414715,64.3940037574761,558.08594505781,343.436976286381,4421.75106968716,42.9296220357977,8158.05988969645,386.366598322179,1717.18445213569,2103.55190905031,1677.8673577942,1553.03059269142,2146.4815310861,1244.95860974191,3520.22857763919,42.9296220357977,214.648110178988,4135.14475634799,42.9296220357977,17032.3253962216,300.507354250584,515.155464429572,214.648110178988,7516.26075237261,5022.76534889211,97674.2620972263,42918.1701298234,3355.6651696007,12531.8705918638,686.873523276542,1459.60629062468,6010.14751430789,8688.74943785967,21400.4170141414,18677.4546242513,397.099003831128,1116.17017293074,547.3522516602,42.9296220357977,16270.3258929749,3133.86240861323,14415.4944765209,12292.1820624475,12127.6177958166,42.9296220357977,171.71805884697,128.788866107393,665.409141554864,20790.8859272207,1330.81871240595,2276.70210008839,171.718488143191,515.155464429572,257.577732214786,300.507354250584,798.490969865837,1330.81828310973,7408.27343462267,42.9296220357977,2124.30108326887,2985.50106922727,85.8592440715953,128.788866107393,715.493414399147,5007.37808446581,1073.24055089494,1159.09979496654,472.225842393774,343.436976286381,485.104729004514,1244.95989763057,12320.8028121626,42.9296220357977,4679.32837260572,128.788866107393,429.296220357977,171.718917439411,128.788866107393,42.9296220357977,5452.06242784252,558.08508646537,85.8575268867139,2833.35505436265,2150.77363469724,1717.18531072813,7915.14691636909,15999.6649291485,6525.30254944124,3649.01658515414,1803.0441255035,13823.3378662306,558.084227872929,22076.5581319089,1579.19448013736,24519.9714090263,19829.80631193,85.8592440715953,3908.7425156556,2060.62142842207,4210.22050866041,42.9296220357977,4421.75106968716,66174.2187685734,128.789295403613,171.718488143191,85.8592440715953,2275.26696282373,6632.62703382696,3833.61395990807,1888.90294027888,1473.91688013031,1602.70574623771,16878.4952522845,39935.2787523197,901.520345566869,8929.36224203835,8192.40229943643,42.9296220357977,2361.12921196887,4357.35620733724,1459.60800780956,128.788866107393,472.224983801334,558.08508646537,970.719891215033,1036.74908427585,257.577732214786,42.9296220357977,85.8592440715953,42.9296220357977,1459.60800780956,1674.25483009989,2404.06012189333,128.788866107393,472.225413097554,2618.70694418366,42.9296220357977,1116.17017293074,343.437834878822,300.508212843024,171.718488143191,300.507354250584,0,0,0,0,0,0,0,0,0,0,0,0,0,0,0,0,0,0,0,0,0,0,0,0,0,0,0,0,0,0,0,0,0,0,0,0,0,0,0,0,0,0,0,0,0,0,0
"L2","74","6 weeks",6,"TDP43","Female","Female TDP43",2996.30045878222,1478.69431407367,0,38.9129980248338,3993.52308090468,0,77.8259960496676,32425.4595723517,155.651992099335,9.72824950620845,58.3694970372507,155.651992099335,0,20071.1839052864,10488.130468608,5845.38098300711,2008.29009981217,483.49400045856,7000.35300782244,0,350.216982223504,0,11814.0068242285,194.564990124169,19288.7999452591,4319.34122423663,1623.9678204698,1361.9545417392,4559.30639828636,5136.51535014808,1361.95415260922,1991.60342799916,8129.66541261022,194.564990124169,5642.38549186086,38.9129980248338,38.9129980248338,7711.50166627559,10225.4389363219,3190.86467064643,8800.82318299324,0,856.087123936285,9825.53200127054,116.738994074501,116.738994074501,7231.33200323829,3424.3434370554,8512.21598315252,42138.2672335539,4634.63106682299,2428.8197564267,194.564990124169,1797.41083526609,2101.30306073097,739.347740731803,207.535470625807,2997.0417513946,77.8259960496676,1050.65094667051,181.593731362571,778.259960496676,4588.49114680498,283.200627895155,272.390207913876,466.955976298006,2490.43187358936,38.9129980248338,7381.14743476388,1361.95570912914,1206.30216050989,1945.65029037167,1677.58253827839,1339.62665260253,2023.47667555132,1556.51992099335,4124.77856889234,0,350.217371353485,5086.48451945757,0,14365.3807331545,116.738604944521,272.390986173837,0,7508.9108703088,4630.64637582524,89572.4137202369,35479.5726831694,4413.8461094997,22876.6744782539,1167.38955161503,1109.0196654478,3969.12502027309,7097.08099266267,17218.9985129491,21265.4876319853,398.858229754547,1867.82351606204,690.70532581082,38.9129980248338,16346.7029579456,3735.64742125407,11878.7487138223,9857.95859165461,10920.6554459937,38.9129980248338,116.738994074501,272.390986173837,583.696137762448,27552.4836687167,1692.71424669033,2461.15490126542,311.30398419867,665.412655354638,1050.65094667051,38.9129980248338,1505.93224530111,2373.69287951486,6759.82048226152,116.738994074501,2467.73236532156,3960.94434069833,194.564990124169,275.633217169266,557.753231109271,7267.14091141068,1854.85303556041,1906.73690321686,1323.04193284435,1050.65094667051,624.553229168603,1609.05169006692,14067.0460620676,194.564211864209,4980.86296891877,233.478377278983,739.346962471842,116.738604944521,0,38.9129980248338,4552.82037977558,428.042978273172,311.30359506869,2529.3448716142,2120.7572249635,1323.04271110431,6624.93596807805,20685.315066194,8872.16354966211,3307.60522124085,1011.7395051656,9961.7267160975,793.826327096551,27098.3647013371,2529.34603900414,21243.252355784,23354.2805529813,77.8259960496676,3272.58274475854,2451.51887556453,2927.4158914187,38.9129980248338,4669.55937385008,60683.192689021,155.651602969355,38.9129980248338,38.9129980248338,1712.17152396271,4695.50150224329,3904.27222863492,2996.30045878222,1241.97331666927,1284.1293239495,17880.526094581,32870.4546090844,1050.65133580049,7082.16564051975,5230.55561421474,116.738994074501,1984.56289926652,3755.10430939646,1958.62232739323,182.891479846699,595.368869779957,622.607968397341,1000.85437222811,721.045012110822,194.564990124169,77.8259960496676,389.129980248338,116.738994074501,1958.62232739323,2062.38967357615,2354.23676963243,272.390986173837,583.695359502487,1789.99790914236,38.9129980248338,1556.52031012333,0,0,272.390986173837,428.042978273172,0,0,0,0,0,77.8259960496676,38.9137762847943,0,0,0,38.9129980248338,46.6955976298006,19.4564990124169,0,38.9129980248338,77.8259960496676,0,155.651992099335,128.412893481952,0,0,116.738994074501,0,0,0,77.8259960496676,0,0,0,116.738994074501,77.8256069196874,0,38.9129980248338,0,0,0,77.8259960496676,38.9129980248338,0,0,0,0,0,0,0,0,38.9129980248338
"L3","75","6 weeks",6,"TDP43","Female","Female TDP43",2880.99027245526,1692.95287216929,29.7009275819174,89.1027827457521,5465.06453000396,59.4018551638347,113.853456727591,33416.0666234551,207.906493073422,29.7009275819174,0,103.953246536711,74.2523189547934,19216.0068130934,8974.2056600747,6018.39845403132,2834.45604715702,271.268669921029,5289.14623294554,29.7009275819174,267.308348237256,29.7009275819174,12141.8689885414,178.205565491504,17818.2223532518,4930.35368158901,2009.76256837022,1336.54114716773,5797.90351981158,4573.94344163383,1514.74760368706,2119.51343597093,8561.29207847841,326.710203401091,3742.31746934014,0,0,9524.3886126949,12144.4259413969,2940.39242462837,9617.30202444941,59.4018551638347,415.813580165395,8360.81081730047,59.4015581545589,148.504340900311,7019.31971354193,2762.18656212759,7675.21420761169,40149.2888849622,3780.50335791366,1999.86235817934,89.1027827457521,2696.84452144737,2494.87732286251,1039.53157433928,222.75695686438,3382.79486918365,0,980.130610203273,59.4018551638347,801.925044711769,4135.85416578199,89.1027827457521,89.1024857364763,475.214544301402,3088.89646851941,29.7009275819174,8498.92013055638,519.766232683554,1336.54203819556,1989.96214798846,1226.17695541246,1182.86884486817,2316.67235138955,1247.43895844053,3712.61505671184,29.7009275819174,297.008978809898,5583.70310317427,29.7009275819174,14424.750594621,237.607123646063,178.205565491504,0,7452.45814177513,5227.36236338963,93517.4086297809,37872.1463891193,3710.49292543612,18071.6455178445,712.822558975293,712.821964956741,4752.14841310678,8096.96619123781,17820.5565491504,22405.4584450249,267.308348237256,1603.85008942354,504.91547188332,89.1027827457521,14904.9162835503,3534.41008523889,12121.184965564,11375.4546698558,9712.20331928698,207.906196064146,178.205565491504,207.906493073422,564.317921065706,23728.35558008,1752.35413331457,2614.24683586061,207.906493073422,1012.23582787295,504.915768892595,332.650982936026,1404.85417163397,1811.75658249696,6840.01818382265,237.607420655339,2271.1307310911,3234.45447740359,128.704217527826,366.806158627404,722.722769166173,6534.52810514174,1291.99034981341,1485.04637909587,534.616696474513,534.616696474513,379.677055595028,1618.69995919595,13031.2828675941,148.504637909587,4999.65544993445,89.1027827457521,504.915768892595,291.068793293514,0,118.803710327669,5286.76540659057,445.513616719485,59.4021521731106,2583.98010560826,2539.42960526321,1277.13988602245,7597.2486786906,20195.7323026445,6534.20406802182,3207.70017884708,2138.46916197226,10335.9222044887,445.513616719485,25013.1330596302,1905.80991585207,21577.7241852722,25738.3281340083,0,3716.08085795138,2405.77513413531,3276.40109742753,178.205565491504,4900.65275400709,61811.8344642693,415.813283156119,148.504637909587,89.1027827457521,2376.07420655339,5821.38240007436,4070.79487793236,2465.17758331769,1098.93402352167,1405.843806541,16006.3264734044,37320.2051415862,564.31762405643,7454.93252605198,7140.59780814645,29.7009275819174,2494.87791688106,4158.13045548698,2019.66307557038,170.567971963814,518.493250927393,498.975583376212,1337.10784086599,804.470711214815,267.308348237256,59.4018551638347,386.112058564926,59.4015581545589,2019.66307557038,1752.35561836095,1900.85936524271,237.607420655339,623.719182210989,1930.56029282463,0,1574.14916184162,29.7009275819174,29.7009275819174,59.4018551638347,237.607420655339,0,0,0,0,59.4018551638347,59.4018551638347,29.7006305726416,29.7009275819174,0,0,237.607420655339,59.4015581545589,14.8504637909587,308.147123662393,89.1027827457521,29.7009275819174,0,0,148.504637909587,0,0,89.1024857364763,29.7009275819174,0,0,118.804304346221,0,59.4018551638347,0,0,0,89.1027827457521,29.7009275819174,0,29.7006305726416,5.94018551638347,59.4012611452831,0,0,0,0,0,0,0,0,0,0
"L37","76","6 weeks",6,"TDP43","Female","Female TDP43",2404.47104107977,1660.22943206197,171.747359012592,228.997242007597,6679.88046398927,0,515.243794517093,32811.2148889463,100.186293378324,0,91.5988968030387,57.2493105018992,0,18439.8002501025,10292.8770073538,5236.40264641854,2413.97099166445,200.372586756647,6735.21306757556,0,793.314000500707,0,9385.82694666514,343.495863011395,20442.7750067152,4121.9452036988,2156.75842697599,2118.22448857027,3824.79609249732,6182.92553420511,1259.48597602799,1763.2793359516,7731.51766580217,286.246552509496,5438.682207708,0,0,8357.65795470628,10975.9420031692,4236.44897714054,7769.68578111378,0,457.994484015193,10247.6260073468,206.097517806837,171.747931505698,5333.72761925797,2161.16089895359,10319.1887904604,43771.0515160852,3190.28423691851,2456.95033903065,57.2493105018992,2074.81119143047,1087.73689953608,973.238851025391,267.163639839898,2760.7804447677,0,1545.73138355128,343.495863011395,915.988968030387,5553.18311868422,171.747931505698,0,973.238278532286,3434.95748512774,57.2493105018992,7225.81847633195,620.200100446434,1488.48035557006,973.238851025391,844.427902396118,1034.57747977644,2175.47608904459,2118.22391607716,4751.69105417832,57.2493105018992,286.246552509496,5363.71538059197,114.498621003798,17439.0920349121,400.745173513294,228.997242007597,457.993339028983,8685.67474914417,3377.70931961205,89630.9008026495,37081.3253156758,3878.64078650367,11268.5689913342,801.490347026588,915.988968030387,5066.56397941808,7613.70430972031,18176.6555118599,20311.9191127148,114.498621003798,1946.47541207836,171.747931505698,0,16874.2342704348,3377.70931961205,10961.6062033264,11278.1147413672,9188.51319056861,228.996669514492,114.498048510693,114.498621003798,892.13833278219,28361.0519457298,2604.8424828502,2772.63734946574,114.498621003798,586.804860151361,686.99172602279,601.117187776836,1648.78128744091,2404.47104107977,7917.78402245115,343.497007997605,2013.26818264093,4710.90378291124,293.880748064924,343.495863011395,610.658930358188,6707.86678942812,2242.26485215542,2232.72310957407,686.99172602279,973.238278532286,457.040710502232,1349.4498325231,14469.7626568619,114.498621003798,4980.69001366523,228.997242007597,228.997242007597,114.498621003798,0,57.2493105018992,4637.19300566762,515.243794517093,228.994952035177,2976.96414609876,2032.35052281742,2175.47379907217,7385.15933726568,15509.6980996082,6698.1693287222,3377.70817462584,2289.97242007597,11602.5288366952,343.495863011395,24025.6223456901,1030.48816152729,21734.2885370104,27236.3503113888,57.2493105018992,2946.43079883567,2633.46828308736,3581.35313197078,57.2493105018992,4350.94874313055,63088.7338756687,400.746318499504,228.997242007597,0,1373.98402453869,4808.94150966643,3091.46104962324,2347.22344805718,1063.88340182236,1641.14651939237,16850.3779102555,34711.2107308144,1144.98563754488,7614.15657927327,7816.43843053516,0,2518.96966208356,2948.3383458616,1259.48196857626,162.206188924346,601.117760269941,381.661688350591,949.588015870846,1317.55108920454,171.747931505698,57.2493105018992,457.994484015193,57.2493105018992,1278.56488124585,1488.48150055627,1831.97507359525,744.242181510899,686.992871009,2232.72310957407,57.2493105018992,2118.22334358406,228.997242007597,228.997242007597,171.747931505698,400.745173513294,0,0,0,0,57.2493105018992,0,171.749076491908,0,0,0,57.2493105018992,57.2493105018992,0,343.495863011395,0,57.2493105018992,0,0,278.069060997405,0,0,57.2493105018992,57.2493105018992,0,0,0,0,57.2493105018992,0,0,171.747359012592,0,286.246552509496,0,0,0,0,0,0,0,0,0,0,0,57.2493105018992,0,0
"L4","78","6 weeks",6,"WT","Male","Male WT",503.760702100157,671.680096532372,83.9601170166928,167.920234033386,5560.55596824472,0,1175.4416382337,13240.5112931336,860.591199421101,0,0,0,0,27854.9702895623,11801.5935720887,806.016283759081,1848.21657469197,461.782322794151,7013.68225989241,83.9601170166928,251.880351050078,83.9601170166928,14479.0632325253,335.839628465601,26954.9917200464,3862.16706197021,1439.31233359493,1595.24222331716,6604.86533731707,8703.8649043297,2602.76446711865,1523.27748821864,6344.58897456532,1511.28210630047,5457.40676648386,83.9601170166928,83.9601170166928,8372.51966092801,8652.29324205337,2182.96136323167,3904.14544127621,251.880351050078,2434.84675188877,10847.6471185567,167.919394432215,167.920234033386,4072.06651491077,5457.40760608503,10460.0276067246,56621.7222618909,6571.47943638655,3029.56144875311,83.9601170166928,1847.12761197426,923.561287183621,419.800585083464,1203.42806403887,3395.58809769089,83.9601170166928,1679.20234033386,251.880351050078,1931.08269138393,3274.44288444868,407.80940117114,1147.45353322618,1091.48152121701,587.719979515679,0,10290.7119555464,3316.42546176054,419.800585083464,1343.36187226708,905.370488230784,979.53581799631,2602.76278791631,2015.04280840063,6045.12758560071,251.880351050078,0,6667.83122707374,83.9601170166928,7206.57475153007,251.880351050078,671.680936133542,0,5027.81055454806,4785.72499074915,87645.2902747836,20356.1202954831,8717.85265982469,25523.877252277,503.760702100157,1091.48152121701,3106.52432961763,6652.43881882107,12677.9759903183,31541.0150536678,489.767069396985,1343.36355146942,433.793378185466,0,15721.5386281851,3946.12549978456,5980.2238963433,10851.8434452052,10536.9946855949,0,587.72081911685,419.799745482294,1721.18071963986,31114.5354412757,2266.92399905188,2796.87186164954,251.880351050078,595.71802026269,167.920234033386,289.66240370759,2002.44963044929,1679.20234033386,7514.42879379166,83.9601170166928,2930.20724428141,4737.42945223881,335.840468066771,658.887093502539,433.793378185466,10846.1526284738,3022.56421260094,2182.96304243401,923.561287183621,1427.32198928378,458.981413290474,2126.98935122249,15868.467153762,167.920234033386,3862.16622236904,83.9601170166928,419.801424684634,251.879511448908,83.9601170166928,0,3190.48276743199,587.72081911685,335.842147269111,3274.44456365102,4953.64774358605,2182.96220283284,7976.21363538933,22939.702394667,4449.88620188472,1847.12341396841,1511.28378550281,4869.68678696818,335.840468066771,30225.6362488012,5877.210709972,17735.1751046257,29421.0271366033,83.9601170166928,2196.95583553601,503.760702100157,1409.33017580827,0,3358.40552026888,49837.3216479523,167.921913235726,0,251.880351050078,503.755664493136,3400.38389957489,4253.97786284382,2434.84255388292,286.863173406254,489.767908998155,28308.5421525134,22797.9626043217,3358.40468066771,8731.85216973605,3652.26509022614,0,2182.96304243401,3526.32575430227,881.581228675274,50.3760702100157,789.226779159252,83.9601170166928,1196.63149256637,1439.11670652228,335.840468066771,0,1259.40175525039,251.880351050078,881.581228675274,2686.722904933,839.601170166928,587.72081911685,1091.48487962169,1175.4416382337,0,671.679256931202,587.72081911685,587.72081911685,83.9601170166928,419.800585083464,251.880351050078,0,0,0,83.9601170166928,0,0,0,83.9601170166928,0,83.9601170166928,0,83.9601170166928,0,0,0,0,83.9601170166928,251.880351050078,0,0,83.9617962190331,0,0,419.799745482294,167.920234033386,0,0,0,167.920234033386,83.9601170166928,83.9601170166928,755.641053150235,0,0,0,83.9601170166928,0,0,0,0,0,0,0,0,0,0
"L5","79","6 weeks",6,"TDP43","Male","Male TDP43",3100.42136323503,1649.16063644289,21.9888055540644,87.9552222162578,4563.305152755,0,109.944027770322,33936.3790742542,351.820888865031,0,21.9888055540644,104.446826381806,0,15277.9784393715,12130.2316693827,7108.61384246434,2664.76705375485,141.094689046543,3627.7885619126,0,593.69774995974,21.9888055540644,11878.7219523509,461.764696747298,15911.1770995166,4551.68340935551,3622.02705508133,1055.4631063712,5498.66628274212,1953.33882009004,1627.17161100077,3273.87126032605,8152.03477947386,241.876861094709,2154.90316418637,21.9888055540644,0,9274.74075266967,15030.8823153904,3540.19769420437,11326.7998545111,21.9888055540644,527.731113409491,8267.79110821628,65.9661967741378,307.843057868847,7069.40098563172,2418.76839105903,7789.53392775122,35166.6272379897,4341.89920996695,2413.27140955857,241.876861094709,2618.84013503435,2506.72471271557,1539.2159490084,172.24557021082,2206.02735698763,21.9888055540644,285.854472202838,65.9664166621933,417.787305527224,4165.04610544034,65.9661967741378,131.932833324387,395.79849997316,2968.48852991064,0,7804.55953825048,802.591842499463,2726.61166881593,2990.47733546471,1708.05941122389,1641.67784591284,2308.82480306482,1033.47364115297,4001.96195117556,21.9888055540644,615.686335625749,4165.51754543141,62.3019822166085,15839.2697473698,461.764696747298,131.932833324387,230.882458317677,7531.16590226707,4661.62699734972,101342.506843122,40364.1161493786,4223.94553988551,13467.096294944,153.921638878451,1055.46266659509,6054.25127581111,11375.7163712347,18624.5178645165,18602.0044060619,390.301298584644,2308.82458317677,665.161368010449,21.9888055540644,13418.8788023489,2902.52211324845,13758.3758452531,10686.5597191634,13377.6737597331,175.910444432516,109.944027770322,109.944027770322,1121.4295230334,16086.6268784727,978.501627267812,2291.33776567184,43.9776111081289,894.394665911571,439.776111081289,839.972152277206,547.52147818426,791.59699994632,5684.23662934259,153.921638878451,2182.38917112895,2793.1504540867,216.223401207004,97.7277070686506,751.284043171831,5161.03411043696,916.20030471537,813.585805500384,307.843277756902,153.921638878451,571.708944405676,1080.38301970563,13017.3757465509,131.932833324387,4595.65992102336,131.932833324387,461.765136523409,43.9776111081289,0,84.2901281065063,4991.45908066068,571.708944405676,153.92119910234,2792.57874514229,2517.71779616427,1715.12771276925,6899.90335645099,20397.321994366,5101.40310843101,3100.42180301114,2330.81316884278,11478.1551798933,461.764916635353,32285.4281092631,1134.51704021112,18900.3194945961,24563.8013301523,21.9888055540644,4116.67095310945,2308.82436328871,4045.52155509011,43.9776111081289,4243.8401315986,62288.7898128283,681.653192064053,263.865666648773,263.865666648773,2616.66852059783,5372.59808374706,3134.50291240355,2704.62308314993,1420.11028540398,1348.64688724132,14785.6376488371,38516.6910288889,1385.29518968217,7959.94805034744,6882.49591853411,65.9664166621933,2198.88055540644,4100.91267560913,1583.19487944486,246.449213321621,650.379833252841,752.331589868427,2126.51869464885,1837.09499952848,285.854472202838,65.9664166621933,263.865666648773,21.9888055540644,1583.19487944486,1759.1042244371,3419.26014320924,175.910444432516,527.731553185602,2000.98152530792,21.9888055540644,3364.28680999575,175.910884208627,153.922078654562,329.832083310967,307.843277756902,21.9888055540644,0,0,0,0,131.932833324387,0,0,21.9888055540644,0,21.9888055540644,65.9664166621933,10.9944027770322,444.487432559303,21.9888055540644,0,0,43.9776111081289,109.944027770322,0,0,175.910444432516,21.9888055540644,0,65.9664166621933,131.932393548276,0,65.9664166621933,0,21.9888055540644,0,21.9888055540644,43.9776111081289,0,0,0,109.943587994211,0,0,0,0,0,0,0,0,0,21.9888055540644
"L6","80","6 weeks",6,"WT","Male","Male WT",69.2321928612618,276.930848431603,69.2328851901137,415.397311140682,5925.30824858636,0,830.794622281364,10834.2860505281,276.931540760455,0,0,214.621944089352,0,23893.7488781936,11967.7204608275,2276.60711822977,1826.27835486642,865.411064876421,9204.59101151473,0,1038.491893194,0,11734.3578670461,692.328159572285,30702.3101984987,4084.73537991474,3276.00389348577,2076.98655570341,3348.56480346697,8642.57091146072,2076.98724803226,2656.24772115631,5933.42165040179,484.630196330796,8584.87845590295,207.697963241489,138.465770380227,10078.6624179996,15379.205495013,2423.15167398283,5469.39723769013,0,415.397311140682,15231.2354341539,69.2321928612618,207.698655570341,1869.28859246192,4407.82586988915,12865.7776003865,43891.31675463,6243.81552156118,2180.83726814629,276.931540760455,1984.67419590632,1453.89058899239,1038.49466250941,138.465770380227,3690.27755489981,0,969.260392661592,115.390449746362,1453.89058899239,2215.45232608364,207.698655570341,69.2405008074846,1246.19193342205,415.397311140682,0,9902.60803726309,623.095966711023,2284.6845189449,2146.21805623582,1630.43444622718,1525.16999826872,3253.94491160649,1592.35635937261,7407.91871534217,69.2328851901137,415.39661881183,6877.13164678397,69.2328851901137,6242.49594276946,207.697963241489,830.794622281364,0,5168.23349478428,3980.88951377383,83571.9593572114,18415.9509222145,7014.27991535903,32643.9610025614,346.164425950568,1765.4385723479,3669.34429973373,12535.7679758662,13535.0283623384,27843.1575067426,346.164425950568,3461.64495183454,484.630196330796,69.2328851901137,18040.9371530052,3461.64495183454,6345.57678552902,10938.7937830514,10523.4013182127,138.465770380227,69.2328851901137,69.2328851901137,1803.51458221591,34122.1509495978,2353.91740413501,2676.1805611314,138.465770380227,940.411741731723,1038.49327785171,732.714470819086,3202.02232470046,2977.01406317489,6727.12752375796,484.630196330796,2173.91190264072,5476.77330927829,426.935663786467,289.459923664458,623.095966711023,12382.4448283242,1730.82212975284,2353.91809646387,830.794622281364,553.86308152091,297.700713988637,1107.72616304182,20129.4599843679,69.2328851901137,3600.10933755706,69.2328851901137,346.164425950568,0,0,0,2284.68382661605,934.643950066535,207.697270912637,4015.50595636889,4777.06838578899,2977.01267851719,5382.85336188708,19799.1235806294,9277.20661547523,1938.52216998089,4223.20391961038,4292.44234343131,276.932925418159,37270.3682452439,2700.08252241443,15704.32658551,35320.3111842615,0,1869.28790013307,276.930848431603,533.257990230628,138.465770380227,4430.90465216728,42332.452495797,484.629504001944,276.931540760455,553.86308152091,1176.95766357423,1938.52009299433,4615.52452545949,2076.98655570341,69.2321928612618,369.241823570989,15854.3300162072,22177.5965044837,1038.49327785171,6023.26170386874,1678.89746586026,0,2700.08252241443,1938.52009299433,1730.8242067394,222.864119071236,1334.87718236403,1003.8761429278,1786.20774557608,2365.12551591844,415.397311140682,0,276.931540760455,207.698655570341,1730.8242067394,1523.12278185365,3807.81007011396,276.931540760455,969.260392661592,830.794622281364,0,3946.27514816533,484.6315809885,450.015138393443,276.931540760455,830.794622281364,69.2328851901137,0,0,0,0,0,0,0,69.2328851901137,0,0,69.2328851901137,0,103.849327785171,0,69.2328851901137,0,138.465770380227,138.465770380227,0,0,69.2328851901137,69.2328851901137,0,69.2321928612618,207.699347899193,0,346.164425950568,0,0,0,0,346.164425950568,0,0,17.3082212975284,0,0,0,0,0,0,0,0,0,0,0
"L7","81","6 weeks",6,"TDP43","Female","Female TDP43",4639.26151089356,2124.37564135193,85.9120939976414,109.342863893114,4132.18679126289,31.2408182551755,203.065318658641,44738.1283974493,152.298988993981,0,0,80.7053430231426,46.8612273827633,15440.1286749072,9475.41437373809,7214.80642760854,2282.53743850377,123.401075903852,4702.46699716289,0,290.930744817687,15.6204091275878,7753.53762458127,468.612117623541,13362.7200111078,3936.34356876439,2198.1013169646,1179.34088913288,5384.6522826652,3345.37100689307,1390.21641235531,2514.47723963885,6185.19793804589,421.75104644487,3858.24074210599,0,31.2408182551755,9403.1949741776,10902.909985905,4061.30590456054,12310.8538443751,31.2408182551755,484.232214342947,8013.26878902388,93.7226109696178,249.926546041404,7640.98320457153,1390.2165685594,7306.44730665372,36124.0018268418,2620.1382168965,1785.9333915195,78.1020456379388,2478.19509054184,2030.65412381096,1327.73477584496,130.170023995201,1740.81946310175,31.2408182551755,827.881683762151,78.1018894338475,671.677592486274,4906.11011475516,46.6248905926629,265.546955168992,359.269409934518,3655.17557965144,0,8172.85829156998,610.493074749877,1999.41252453532,1858.82868618294,1183.09712891579,1154.57957278791,1468.31908280961,1155.91027544149,3733.27778149347,15.6204091275878,156.203935071786,3988.41139091756,124.963273020702,18648.4262179911,296.787773424167,281.16736429658,136.678892274575,8534.21083926575,5592.10646767642,100091.016000198,44807.1432700773,3407.33232757539,10283.5096852583,416.544295470371,507.663452850693,5873.273831973,9169.36572835445,21798.2801565283,14719.4454852731,187.444909531053,1530.8000945036,312.408338755846,46.8612273827633,15377.2513734336,1671.38377665189,16860.8058222858,10986.3549924851,10590.6369198922,46.861071178672,124.963273020702,46.8612273827633,975.493612793308,19432.0612184503,1335.54529281694,1714.99064799701,78.1020456379388,746.135084266564,234.306136913816,570.665405189084,1072.08100679693,1655.7633675243,7608.38528517135,124.963116816611,1111.65250164803,2725.58831863093,231.702995732704,73.4159228996625,492.042887519014,5101.09874467029,1101.23884349494,952.844956782853,499.853092082808,421.75104644487,170.783087726929,723.745727047627,11004.5796362224,46.8612273827633,4982.90973068004,52.0679783572621,577.955137720747,0,0,0,5420.28181106886,702.91856694554,78.1025142502126,2546.12653159271,2179.04722950258,1062.18782067597,7939.46423034512,13754.0870187381,3639.55517052386,3827.00054866718,1796.34751828487,14167.7115473344,343.649000806931,19003.7891198069,1408.44089988856,23750.6088628508,24733.3526885406,15.6204091275878,4168.30617569679,2874.15512327206,4909.49458880083,31.2408182551755,4279.99194475495,71950.0762152096,281.167208092488,109.342863893114,0,2592.98713415911,6649.0872249697,2695.04120274511,2905.39641013951,1713.03809685606,1988.99886638224,17452.1635834462,42551.2953312212,593.574453419696,8737.01576570424,10193.6184482395,15.6204091275878,1624.52254926913,4936.04912811364,1140.28908529345,210.52843773162,705.868949821559,567.541479567658,1354.19668613164,1234.79334153581,93.7224547655265,78.1020456379388,124.963273020702,46.8612273827633,1145.49583626795,1499.55943245252,1796.34751828487,140.58368214829,296.788242036441,2655.46955168992,31.2408182551755,2514.88571333754,187.444909531053,179.634704967259,66.3865825881567,136.678579866393,31.2408182551755,0,0,0,31.2409744592668,46.8612273827633,15.6204091275878,31.2408182551755,31.2408182551755,0,62.481636510351,15.6204091275878,7.81020456379388,414.312763822403,15.6204091275878,15.6204091275878,0,31.2408182551755,15.6204091275878,0,0,140.58368214829,31.2406620510842,0,15.6204091275878,78.1020456379388,0,31.2408182551755,0,15.6204091275878,46.8613835868546,46.8612273827633,93.7224547655265,0,15.6204091275878,0,0,46.8612273827633,0,0,0,0,0,0,15.6204091275878,0,0
"L8","82","6 weeks",6,"WT","Female","Female WT",6475.14806059945,2966.58778840626,114.099530323318,57.0497651616588,2195.91363554162,0,256.723943227465,64712.9403518907,148.80461396411,19.0166834701615,0,42.7873238712441,0,12668.3065484743,8014.54127087665,11443.7065258897,304.264938780804,114.099245074492,2624.99832601727,0,57.0497651616588,0,3444.85479617895,199.674178065806,8088.43612019759,3850.85971890962,889.760117911915,741.646947101565,7164.49891422145,2681.33896259797,541.971057542804,808.977935691832,6845.49573910879,741.646947101565,2182.1540879311,57.0497651616588,28.5248825808294,7412.05467493861,3601.62184586667,5163.0046028766,16674.219827375,28.5248825808294,1055.41979974421,4107.58366213709,0,57.0497651616588,9936.1673372393,1183.7823418556,4014.87750850057,37483.9337734971,1089.65108508534,1275.29957838615,28.5248825808294,275.740056199975,256.723943227465,114.100100820969,256.723943227465,1057.32212416353,85.5746477424883,541.972769035759,57.0497651616588,342.298590969953,5410.2192059981,161.641096374309,399.348356131612,228.199060646635,6760.39717165657,0,8403.90591810497,908.040574162666,313.774278886775,313.773423140298,238.1824843011,115.050264659737,399.348070882786,427.872953463615,1854.11708250509,0,85.5749329913141,2724.63488512563,28.5248825808294,27203.2297830006,114.099245074492,142.624412904147,270.986384517879,11445.6091355578,6674.82252391408,95894.9439847582,58173.6443943482,2218.28684194506,9919.5276322346,541.972483786933,114.099530323318,6598.75664577992,2491.17127214987,28196.8464311499,10639.7812026494,21.3936619356221,855.746762673708,92.7055831388698,28.5248825808294,14996.9573021199,941.321125167371,23306.8666009004,10791.914099913,12208.6488888485,85.5743624936624,199.674178065806,57.0497651616588,577.629157510621,16446.527368643,456.398121293271,562.890921178759,28.5248825808294,438.060900526185,228.199060646635,232.953302826382,751.630941253681,941.321125167371,8218.83334218346,114.099530323318,920.40240252672,1559.58654515382,114.099530323318,213.936334107395,222.494084130469,2224.90632619677,955.583566457786,484.9230038741,285.248825808294,171.149295484977,99.8373742817288,870.008918715297,5961.70074464217,28.5248825808294,4221.68262196275,142.624127655321,599.022534197418,0,28.5248825808294,0,5676.45077783858,228.199060646635,114.099245074492,1911.16770341322,2258.21939556762,427.872953463615,8953.95921587823,4552.74098295173,2709.86384517879,3879.38374574397,713.122064520736,22192.3583626365,627.547416778247,7532.94854704386,1063.57049969286,25453.7037464593,16235.3471086906,0,5426.383686459,4535.4566156007,7369.09734276719,28.5248825808294,5476.77659977277,84679.0833814688,57.0497651616588,57.0497651616588,57.0497651616588,3080.68731872958,9570.09810586827,1326.40675475974,3736.75933283983,3011.75237599179,2743.14268469055,21797.7633929381,50413.8086460076,570.497081118937,10326.0077795091,15952.5405833289,28.5248825808294,370.823473550782,5762.02571082989,342.298876218779,35.1805934334143,273.839158024788,90.3286046734093,519.322871271277,454.597345455943,0,28.5248825808294,142.624412904147,85.5746477424883,351.807075329447,969.8460077482,969.847433992329,57.0497651616588,228.199916393113,4592.50609551354,28.5248825808294,855.746762673708,57.0497651616588,57.0497651616588,0,85.5752182401399,0,0,0,0,0,28.5248825808294,0,199.67389281698,28.5248825808294,0,57.0497651616588,0,156.886854194562,28.5248825808294,0,57.0497651616588,0,85.5746477424883,0,0,0,28.5248825808294,0,0,28.5248825808294,57.0503356593105,0,57.0497651616588,0,28.5248825808294,0,57.0497651616588,171.149295484977,0,0,0,0,0,0,0,0,0,0,0,0,0,0
"L38","83","6 weeks",6,"TDP43","Female","Female TDP43",5601.82670240341,2461.64785969411,31.5595879447963,94.678763834389,3956.25171731991,47.3393819171945,252.476703558371,46185.6345488035,122.293403286086,6.31191758895927,0,89.4187273116298,0,13251.4955767214,10626.0758629012,7625.58559495935,2449.65142912454,134.391140132965,2900.99377520975,0,568.072583006334,0,8275.61558749541,426.05443725475,12866.3554626721,4815.46781103458,3661.95098543358,931.007528775612,6008.982785003,1867.27572526574,899.448572022575,2910.6888806264,6710.2440878416,599.63217095113,2461.64817528999,63.1191758895926,31.5595879447963,8874.4090623969,12527.6893666385,4970.6346279116,13446.7512757812,15.7797939723982,394.494849309954,6422.37630456399,31.5595879447963,126.238509577125,7516.44196738428,1514.86022135022,6331.64264702064,33601.2853071401,3117.82423978036,1604.27926425773,63.1191758895926,2809.83153846211,2303.84991997013,1499.08026957989,63.1191758895926,1620.15279020633,126.238351779185,489.173613144343,110.458557806787,126.238351779185,5100.81840157771,105.198521284028,94.678763834389,315.595879447963,4481.46133036314,0,7949.33394716522,433.944649836829,1704.21743342312,2224.95095010814,1324.18776344973,1056.69816390602,1357.06180823242,1120.36537204027,3092.83930299416,15.7797939723982,299.816085475565,3796.13635705314,78.8989698619908,19752.8824142907,173.57773369638,268.256497530769,126.238351779185,8675.99330179621,5175.77226514866,100864.107908745,47878.2612501601,3576.52770195576,12668.2562447385,336.635552145181,639.081498084186,5838.52345419144,10118.2920341396,23504.0023328974,16324.9475092452,142.018145751583,1357.06196603036,268.256497530769,0,13590.3485055156,1735.77765255968,15823.4470366455,10976.1621114285,11440.3506299887,63.1191758895926,110.458557806787,142.018145751583,1048.56730946586,13783.1674887901,1033.57634739414,2226.81075662573,173.57773369638,858.4209498964,189.357527668778,746.909722033714,650.127511662804,710.090728757917,5580.7684095493,331.375515622422,1199.00129273674,2033.51411898762,287.981239996266,35.5045364378959,428.68445551613,4860.25907182111,646.971552868325,489.173613144343,347.15546739276,236.696909585972,218.813037885295,1096.69568108167,9459.98743324034,94.678763834389,4726.04766354149,63.1191758895926,804.769492592306,0,0,15.7797939723982,5522.92773254142,631.191601097987,78.8986542661114,2445.86775012584,2098.71244053102,1088.80546849959,8245.7314980746,14478.2301729605,4655.03922185746,3866.04904984373,2051.37368980558,15574.6561773632,508.109365911221,20422.3832524073,1169.39540108367,22479.6314439129,24697.6317103721,0,4322.87455873848,2998.16085475565,4529.57108182207,15.7797939723982,4434.12226404182,69972.4705951054,268.256655328708,284.036291503167,94.678763834389,3155.95847888375,6706.4119648754,2984.48482291565,3424.21513421246,2186.8165532068,2211.80117439712,15762.1710984898,42559.1555934323,867.888668481899,9057.60095116685,9513.90083512437,0,2130.27218627375,4718.15839774705,1073.0256745272,194.692360414966,584.904258044932,845.721687303293,1317.06776261144,1146.23287270334,157.797939723982,47.3393819171945,205.137321641176,15.7797939723982,1073.0256745272,1293.94357913047,2477.42828485827,142.018145751583,236.697067383912,3203.29817639683,0,2288.06965260391,205.137479439116,197.247582452917,142.018145751583,236.696909585972,15.7797939723982,0,0,0,31.5594301468566,78.8989698619908,31.5595879447963,31.5595879447963,0,0,15.7797939723982,63.1191758895926,15.7797939723982,351.28851103001,15.7797939723982,31.5595879447963,0,47.3393819171945,55.2292789033936,0,0,173.57773369638,15.7797939723982,0,15.7797939723982,78.8991276599305,0,15.7797939723982,0,15.7797939723982,78.8989698619908,126.238351779185,142.018145751583,0,42.0790297985558,7.88989698619908,15.7801095682776,0,0,0,0,0,0,0,31.5595879447963,0,0
"L39","84","6 weeks",6,"WT","Female","Female WT",989.349251651477,118.721910198177,79.1479401321182,237.443820396355,7127.25617930922,0,652.970506089975,15544.1374186798,227.549932140139,0,0,79.1479401321182,0,32184.754783377,10367.3409448535,2080.27142931271,362.821676619942,199.000082915382,14361.3937369728,0,277.017790462414,0,8060.03918962767,395.739700660591,32112.7202643642,3996.97018519257,1743.591525839,2987.83473998746,3696.86968947002,11779.8510967641,2216.14311517871,1276.9186497526,4640.70808406613,1068.4971917836,13138.558853411,39.5735743263584,39.5739700660591,6788.25565823084,7860.1455264682,1068.49600456449,3710.05929795334,0,751.905035515422,16589.4086474317,197.869454590595,316.591364788772,3245.06633689625,3254.95943367306,12983.5610678121,56406.0981398366,3199.55587558058,4254.20019914255,158.295880264236,400.775884091197,593.610342470287,197.869850330295,26.3827786239396,4686.78326593464,39.5739700660591,3126.34363521867,158.295880264236,2532.73408422778,4722.49402504285,39.5739700660591,118.721910198177,435.31367072665,1028.92361745724,0,9012.97009958615,798.075590651792,870.6273414533,435.313274986949,474.887245053008,197.869454590595,949.775677325119,3126.34363521867,6450.55712076763,0,593.609550990886,6756.97243489362,237.443820396355,7797.38833325804,316.591760528473,395.739700660591,415.52628995392,5066.12667931746,4432.28346017952,72470.868730007,15466.8249192794,5763.28943778021,22237.2730824599,1385.08895231207,435.31367072665,1899.55056317084,6350.11165716506,14207.0552537152,24487.3358388616,197.869850330295,3482.5097615529,316.592156268173,158.295880264236,19536.352791369,3838.67470066803,4723.22179035237,11727.0851437765,8073.08989347605,118.721910198177,435.313274986949,79.1479401321182,1497.21506891933,50782.4383321199,2691.02917301262,3282.75460728866,277.017790462414,647.034410580066,1068.4971917836,1327.04699763528,4766.68548593622,5579.92977931433,9326.92425500972,565.812794416486,2288.03556363892,7692.14333856586,678.033888551912,158.296276003937,646.375108238766,10312.4866734656,5599.71676434736,4432.28464739862,2334.86423389749,2018.27247336901,387.824906647379,1127.85814688268,22092.1699765966,79.1479401321182,3917.82343227955,277.017790462414,118.721910198177,0,0,0,1385.08855657237,395.739700660591,554.035580924827,4551.0077448159,5599.71597286796,2651.45559868626,5500.78144344251,11691.8468978709,12347.0786606104,989.350043130878,2136.99042617018,5540.35462202917,118.721910198177,21994.5516774155,1517.00205395236,19884.976910488,36556.4540570427,0,1813.80682944781,1009.13584094481,1071.32396046541,0,4432.28583461772,52732.4924044096,197.869058850894,0,277.017790462414,1147.64473617601,2822.94306613231,5653.80092627784,1939.1245332369,247.337312912869,395.739700660591,15268.95388173,23180.6049302392,989.347668692675,5936.09511416916,2341.4596317487,79.1479401321182,3205.49157535079,2136.99319634809,474.88803653241,60.0202574403892,625.928029385034,105.530323016357,899.057677288457,939.248209808146,514.461610858768,79.1479401321182,395.739700660591,118.721910198177,501.270815156349,2770.17830036384,2136.99359208779,395.73930492089,554.036372404228,791.479401321182,0,2414.0121740296,237.443820396355,237.443820396355,39.5739700660591,277.017790462414,0,0,0,0,158.295880264236,79.1479401321182,0,79.1479401321182,79.1479401321182,0,79.1479401321182,0,59.3609550990886,39.5739700660591,0,0,0,118.721910198177,158.295880264236,0,0,79.1475443924175,0,39.5739700660591,0,435.312879247249,0,158.296276003937,0,0,118.721514458477,79.1479401321182,474.887640792709,0,39.5735743263584,0,0,39.5739700660591,0,0,0,0,0,0,0,0,79.1479401321182
"L9","85","6 weeks",6,"WT","Female","Female WT",6874.27547546677,2826.35740365099,83.8323882278011,167.665255499189,2311.08925901626,0,179.641345177703,57658.4842348517,0,0,0,47.9043587140541,0,11792.7702366738,8209.38097082996,12175.2910919196,0,145.309728418102,2339.94828183637,0,550.901083298797,0,4480.34305323015,0,9892.84863941431,4071.86977212922,1201.48706521105,514.971856176082,5992.83455656279,2027.95102588043,526.947945854595,914.402950047943,7043.53858085086,431.139228426487,1808.38954145554,71.8565380710812,23.9521793570271,8016.45287271933,2175.65645127782,5317.3840567818,18406.8505530454,23.9521793570271,502.995287453981,3861.09227043994,47.9043587140541,71.8565380710812,8718.59328595785,1580.84383756379,3497.01890469133,34051.8440471868,2018.20009366418,1151.70078376491,119.760896785135,0,71.8565380710812,95.8087174281082,15.9681994119492,1348.30865519017,71.8565380710812,359.282690355406,47.9043587140541,455.091407783514,5972.07663984482,27.9440495686692,47.9043587140541,359.282690355406,6562.89690430362,0,8785.65986720111,67.8644283376455,407.18704906946,23.9521793570271,217.964832148946,95.8087174281082,1077.84831058801,383.234869712433,1437.13052189983,71.8565380710812,191.617434856216,2245.51705424308,23.9521793570271,30714.6783946974,95.8084779063147,215.569614213244,71.8570171146683,13489.0688482179,5556.90537130848,87523.8866132601,59683.2400400059,2012.78091308466,10656.0589662723,167.665255499189,335.330510998379,6187.64625405806,2586.83680768968,26898.2964598542,11246.1189885583,109.780742212443,502.996006019362,129.740811836034,0,15107.8349737487,1125.75242978027,20425.4300492306,11119.7983084126,12742.5603760256,23.9519398352335,23.9521793570271,119.760896785135,1009.98340320678,17283.1014835466,502.995526975775,883.950388735212,263.473972927298,306.986699556241,359.282690355406,463.304131041452,978.446526734556,982.03935363811,7236.72296728062,519.534027778215,1196.81088123518,1428.12881385387,175.649235444267,316.244935443113,522.956075642953,3605.02526945701,666.668912263322,886.230636210001,263.473972927298,239.521793570271,275.450062605811,1279.04637766525,5125.76734049096,47.9043587140541,5413.19181612273,95.8087174281082,1125.75242978027,0,0,0,5988.04483925677,95.8087174281082,479.043347618748,1580.8433585202,2074.25849279675,1844.3173314475,9688.65607087386,6387.04742863993,2898.21370220027,4622.77013686263,1053.89708931816,21089.8936843405,622.756663282703,13518.3058364282,698.03572826211,23896.2905393243,17018.5930159928,0,5487.61506973372,4766.48393157018,6751.72007791605,0,5844.33152359281,86603.8932245502,287.425912762531,0,71.8565380710812,3377.25728934082,9169.69258400793,1771.26366345215,3808.39627824551,2916.17807623984,2938.13408096925,21711.4524991336,52774.2365392112,407.186809547666,10610.8149761194,14117.8135563398,47.9043587140541,550.900125211622,6383.25603816951,251.498122770578,29.9402241962838,257.485928088041,0,286.685071855018,387.968299396969,143.713076142162,47.9043587140541,119.760896785135,71.8567775928747,267.466322182527,982.039832681696,742.517799589632,167.665255499189,47.9048377576413,3616.77908291109,0,646.708363596143,119.761136306929,119.761136306929,47.9043587140541,119.760417741548,47.9043587140541,0,0,0,0,0,0,47.9043587140541,0,0,47.9043587140541,47.9043587140541,11.9760896785135,0,0,23.9521793570271,0,0,71.8565380710812,0,0,0,23.9521793570271,0,0,167.665734542777,0,143.71355518575,0,23.9521793570271,0,0,95.8087174281082,0,0,0,0,0,0,0,0,0,0,0,0,0,0
"L100","91","6 weeks",6,"WT","Male","Male WT",498.766172193874,498.766172193874,249.383086096937,498.766172193874,4763.21694445149,0,498.766172193874,13175.7563409939,498.766172193874,0,0,2244.44777487243,0,18104.0349624712,17421.1791837823,332.507456354768,0,748.14925829081,6982.72641071423,0,498.766172193874,0,10640.3483319105,0,32419.8061802635,2992.60202082496,2128.06068859099,2493.83086096937,1995.0646887755,5735.81098022955,3990.12937755099,3990.11940222755,5985.19406632648,2493.83086096937,7980.24877977853,1496.2935289199,498.766172193874,5985.18907866476,9775.82196266165,0,5486.41791880917,0,0,10474.0896160713,498.766172193874,0,4488.89056208314,5985.19406632648,9725.93537011882,56870.0571274803,6691.78113948838,498.766172193874,0,0,498.766172193874,0,498.766172193874,4488.90552506831,997.532344387748,0,1995.0646887755,997.532344387748,7730.87566900504,0,0,997.532344387748,1995.0646887755,498.766172193874,9476.56225934532,498.766172193874,1995.0646887755,997.527356726026,0,0,1995.07466409894,498.766172193874,3990.12937755099,498.766172193874,997.532344387748,7232.10949681117,0,6234.57715242342,0,997.532344387748,0,4239.51246364793,3491.36320535712,71822.2789193006,20449.3980969637,7814.00003926287,27432.1394706631,0,997.527356726026,2493.82587330765,7980.2637427637,10474.1045790565,33084.8310682965,623.457715242342,1496.30350424334,374.074629145405,0,16958.0498545917,6982.73139837595,4987.65673427701,10474.0946037331,10474.0796407479,1496.29851658162,997.532344387748,0,1496.30350424334,40910.711717781,498.766172193874,2942.71542828213,498.766172193874,997.532344387748,2493.83086096937,0,3491.35821769539,2992.59703316324,7730.87566900504,0,3208.73735388346,2493.83086096937,0,897.779109948973,498.766172193874,9672.51252541513,2078.19404669505,1995.0646887755,997.532344387748,997.532344387748,199.506468877549,1995.0646887755,17456.8309897707,498.766172193874,1496.29851658162,498.761184532152,498.766172193874,0,0,0,2493.83584863109,498.766172193874,498.746221546986,3990.13436521271,9476.5572716836,5486.42290647089,4987.66172193874,13283.7990692145,5985.19406632648,1745.68160267856,4488.89554974486,6982.72142305251,2493.82587330765,33417.3036110192,3491.35821769539,18886.5990866434,42145.7615010292,0,1496.29851658162,997.532344387748,1995.0646887755,0,4488.88557442142,51123.5376375338,1496.30849190507,0,0,1496.29851658162,1995.05970111377,5237.04480803567,4488.89554974486,498.766172193874,249.383086096937,20698.791158384,23358.8807351925,498.766172193874,4987.67169726218,3491.36320535712,0,4488.89554974486,3990.12438988927,748.14925829081,199.506468877549,1795.5482445745,498.766172193874,1221.98709719843,1396.54528214285,997.532344387748,0,498.766172193874,997.532344387748,748.14925829081,3865.4328468408,1995.0646887755,498.766172193874,498.766172193874,0,0,1496.30350424334,0,0,0,0,0,0,0,0,0,0,0,0,0,0,0,0,0,0,0,997.532344387748,0,0,498.766172193874,0,0,498.766172193874,0,0,0,997.527356726026,0,1496.29851658162,0,498.766172193874,498.776147517318,498.766172193874,0,0,0,0,0,0,0,0,0,0,0,0,0,0,0
"L101","92","6 weeks",6,"TDP43","Male","Male TDP43",3845.75275268159,1830.68380506941,39.5111584179616,39.5111584179616,3797.48816052385,0,26.340772278641,40186.6161585414,121.825940084853,743.468297564643,13.1703861393205,333.649738294833,1257.77187630511,12690.3035699974,10870.7129177654,7212.76170579116,2418.80792493622,421.013387488233,1497.05922221211,454.158903173477,526.815445572821,39.5111584179616,13525.2656181449,421.452356458257,14429.3176681252,4003.79672783413,2975.51250822134,961.438056466537,5728.23990096052,1343.37925450683,1606.78737240483,2735.85099164412,8917.41769078183,592.667376269423,1317.03821882047,26.340772278641,65.8519306966026,8580.2982142586,14162.7954124246,4504.27232305534,11852.6888743776,79.0223168359231,395.111715883477,6413.97725962593,73.7541623801949,197.555792089808,7673.94490270818,2436.52130407044,6781.65124176922,32582.8542680117,4250.56998951886,2047.99504466434,263.40772278641,2529.98402738109,2028.23920204764,1488.25323863163,155.849525414006,2323.22516456871,0,171.215019811167,52.6815445572821,105.363089114564,4531.71032020325,241.45716702345,92.1927029752436,223.896564368449,3582.34489819132,0,7034.52212882873,803.392369163799,2673.5882545782,2620.90684172478,1625.00596755135,1261.87076387939,2594.56567433456,908.756643613116,3029.18881204372,0,658.519306966026,3298.97785032235,105.363089114564,15980.0678132883,474.133901015539,579.496990130103,105.362825706841,7244.04163627977,4938.89493394906,102162.12593641,45592.3625601941,3590.81253455187,10111.6367906987,302.918881204372,952.657623435174,6361.29637358795,11426.7778153958,20256.0542773865,17202.8760021016,470.841304480709,1817.51315552237,714.493579762,52.6815445572821,14764.9122773412,2265.30602085155,15536.6568671315,10088.5156510157,12956.6031144685,158.044633671846,118.533475253885,316.089267343693,706.371402629881,12654.7992381546,1068.99625383894,2184.14641375293,26.340772278641,749.175289286534,329.259653483013,651.934113896366,545.912505474836,92.1927029752436,5055.98598851296,72.4373871739857,2323.25637838386,1186.97196323983,230.481757438109,68.0469072505818,952.657755139036,2497.55735137133,149.70343301823,355.600425761654,79.0223168359231,79.0223168359231,472.816994105468,1080.84946966047,10641.6706835324,158.044370264123,4491.10154180444,171.215019811167,421.452224754395,89.5586257473795,0,39.5111584179616,5873.99234984081,1106.31230399906,210.726968452297,2199.45409015494,1995.31323669934,2120.43190502288,7089.50928118356,22612.3620031948,3318.93717540491,4043.30841306754,3222.35451932171,13124.2893927213,579.496990130103,34120.6652990161,714.963630843312,20104.7200871565,21383.4071951702,0,4802.1423367332,3187.23344571557,4418.13141251111,92.1925712713823,4082.81970318936,69999.0646879068,836.31925643913,237.066950507769,92.1927029752436,2370.66950507769,5735.7027685625,2606.19907641142,2752.61057141413,1626.54255650222,1802.14792453293,14812.5130820375,40537.037988473,1132.65320798156,7678.33511922386,8076.73943164217,0,2620.90684172478,4583.2945081874,1211.6751297059,246.704512269079,916.679684506808,733.151407286268,1922.68066440277,1440.02236266241,316.089135639831,105.363089114564,408.281970318936,131.703993097067,1211.6751297059,1527.7650555689,2212.62526651743,289.748495065051,790.222773247647,3200.40383185489,0,2699.92915856071,342.430039622334,329.259653483013,197.555792089808,526.815708980544,52.6815445572821,0,0,52.6816762611435,0,26.340772278641,52.6815445572821,26.340772278641,0,0,0,144.874379236387,0,265.132384851355,0,0,0,65.8519306966026,144.874247532526,0,65.8519306966026,144.873984124803,171.215019811167,65.8519306966026,13.1703861393205,105.363089114564,0,39.5111584179616,0,79.0223168359231,13.1703861393205,92.1927029752436,26.340772278641,52.6815445572821,0,0,0,0,0,0,0,0,0,0,0,0,0
"L102","93","6 weeks",6,"WT","Male","Male WT",1513.63186087054,908.180125610233,302.726372174109,706.36153507292,4423.14713289079,0,1513.63186087054,21458.2543476081,201.817581449406,0,33.6359272122652,100.908790724703,0,23929.8204224436,15571.4211689038,4798.20492625637,958.633511884678,795.499315359587,5741.09666678799,0,706.36153507292,0,13367.892051255,201.817581449406,30384.834674554,4742.71215497313,1987.90317727665,1362.26867478349,3784.07965217636,6508.61599265543,2320.90218666817,706.363553248735,8632.02554864465,2623.62855884228,4843.62195478574,504.543953623515,201.817581449406,6528.79775080037,7046.80192801865,3027.2657399169,6836.57158068653,100.908790724703,605.45173526031,7669.06607690161,100.907781636796,100.908790724703,6071.34389345645,6559.07139710569,7971.79648542735,59409.6257131599,6674.39601767332,3447.71836187789,302.726372174109,201.817581449406,302.727381262016,201.817581449406,369.999235686546,4176.18497664697,807.270325797623,1210.90548869643,504.543953623515,1311.81427942114,4137.26142880073,100.910808900517,201.817581449406,3027.26372174109,1715.45045140786,0,11086.5118015621,1513.65506989241,403.635162898812,706.36153507292,100.908790724703,0,2219.99541411928,1740.67664000113,3329.9900939152,0,100.908790724703,4877.86030747863,0,12327.6848820364,504.543953623515,504.543953623515,403.634153810904,6180.66141371224,4036.35364716393,71171.9368043481,24831.9742750717,6252.49838182915,32391.7208135417,403.635162898812,1311.81327033323,1715.45146049576,4931.91815575776,12310.8724684138,28660.4891132437,201.817581449406,1109.99467979592,403.634153810904,100.908790724703,14631.7837368731,3733.62222955029,8846.33563838578,10211.9716395158,12865.8718264875,0,100.907781636796,302.726372174109,908.178107434419,28394.139351038,908.179116522326,1888.4363731714,605.452744348217,403.635162898812,605.452744348217,100.908790724703,2391.53834017546,2421.81097739287,5603.43992174507,201.817581449406,2798.53679306912,3704.57361596437,302.726372174109,788.531563360046,1109.99669797173,10802.0479023333,2169.53900058111,1311.81427942114,504.543953623515,201.817581449406,837.541953927127,1412.72307014584,13622.6847296591,302.726372174109,3632.7154570014,0,403.635162898812,302.726372174109,0,302.726372174109,2522.72077720548,2320.90218666817,504.542944535607,2724.53936774279,5297.70949487109,2320.90117758026,5499.52909449631,17596.808934671,6659.98018783039,2825.4481584675,2926.34887648894,9485.42430994626,1311.81427942114,33602.6263022382,3531.80969354042,18314.9434983578,31786.2690782814,0,3548.62412533887,1816.35924213256,1717.97216208807,302.726372174109,5146.34832695985,52825.7428625908,201.817581449406,302.726372174109,302.726372174109,706.36153507292,4910.89280012236,4910.89280012236,3632.7154570014,647.498410179479,857.724721159975,23991.0619675344,26261.5127861039,1311.81024306951,8577.24922977556,4793.16655033548,0,3128.17251246579,4036.35162898812,201.817581449406,20.1817581449406,887.9993765532,0,684.858880857393,727.86318020054,605.452744348217,100.908790724703,706.36153507292,100.908790724703,201.817581449406,1917.26601468145,1009.08286180749,201.817581449406,1109.99770705964,1614.53964250734,0,403.635162898812,504.545971799329,504.545971799329,100.908790724703,1109.99669797173,0,0,0,0,0,0,0,0,0,0,0,0,50.4543953623515,0,0,100.908790724703,0,0,0,0,0,100.908790724703,0,0,0,302.726372174109,0,201.817581449406,0,201.817581449406,0,201.817581449406,706.36153507292,0,201.816572361499,20.1817581449406,0,0,0,0,0,0,0,0,0,0,0
"L103","94","6 weeks",6,"TDP43","Male","Male TDP43",5013.91699312746,2101.26832549811,62.4139044787651,83.2185393050202,2956.94735242586,0,31.2069522393826,50561.3473593474,193.483103884172,191.402432355198,0,234.052141795369,322.471839806953,12056.4826936603,9554.72681212752,9331.91915936305,1400.11052258366,621.513707918926,1901.44438501159,142.858353776052,436.897331351356,0,9675.12635456228,353.678792046336,11024.4991578707,3661.61614551358,2570.75944604636,707.357584092671,6199.78138627035,1255.21269045559,977.818044880335,2423.98774045949,7150.45479190748,478.506601003866,1435.5198030116,0,20.804634826255,7193.06164379991,10199.3896291713,4660.23861717383,14470.6641694944,62.4139044787651,332.875197451822,5242.76839230897,41.6092696525101,166.43707861004,7874.55407369119,1747.58974149812,4733.05525515842,33828.507865728,3754.24524528956,1537.8093269228,208.04634826255,1512.33717227328,1435.51917887255,873.794454656363,242.720808988425,1700.58104496915,20.804634826255,249.655617915061,62.4139044787651,145.632443783785,5065.9285801931,62.4139044787651,83.2185393050202,270.460252741316,4899.49108549037,20.804634826255,8456.73682751742,312.069106301129,2413.33805593828,1768.39396023168,980.145667424697,960.99604129887,1830.80744861775,582.529775135141,2267.70540410815,62.4139044787651,561.725348355234,2241.08837040413,228.850983088805,23751.9577465639,291.264887567571,665.748314440161,145.632651830134,10535.8134731854,5346.79115034755,99194.3769868781,49821.8994582206,2432.01271225102,13632.4339897954,312.069730440174,520.115870656376,6095.75800409273,8362.42255232052,22978.719373645,13167.1017157489,398.755570185338,1518.73855036297,641.476171127414,20.804634826255,13967.0415891892,2080.46306653281,17560.5375349839,10464.7315256526,11525.7660293745,145.632443783785,41.6092696525101,62.4139044787651,904.654593633192,12486.1433408336,561.724932262538,1665.31198777994,0,574.207505111943,228.850983088805,655.346205073382,467.064259895774,291.264887567571,6090.73035604061,41.6092696525101,1363.74402090737,1607.5050616371,228.850983088805,52.3090933436531,568.66015728187,2518.1403636438,169.904587096532,478.506601003866,41.6092696525101,104.023174131275,365.814967725883,1204.3570089009,7396.0495531508,62.4139044787651,5221.96334139002,212.669554213641,894.599297528967,0,0,20.804634826255,5554.8374986101,811.380758223947,166.436870563692,2662.99242557525,1591.55435616216,1893.22156114286,8671.71819275296,15790.6273329661,5409.20505482631,4639.43356625487,2642.1873746563,16456.464483197,603.334826054093,24868.1253647608,862.403084903596,23053.2677894326,19200.2001126256,0,4940.0611636333,3474.37401598459,5313.05809934756,0,4597.82471269506,75806.7117248635,624.139044787651,270.460252741316,104.023174131275,3099.89121325105,6865.52990875686,1976.43989240153,2767.01684798462,1676.50696177995,1823.87326383016,18179.0888709499,44905.4161872359,1081.84080291891,8987.60120471044,10690.1145841623,0,1622.76151644789,4982.70983284174,925.805833675653,113.558978503889,697.822195812754,478.506809050214,1268.73570309266,976.13390969115,332.874573312777,83.2185393050202,374.483426872591,62.4139044787651,925.805833675653,1185.86397705019,2278.10813761397,353.678792046336,769.77107247874,3203.91376324328,20.804634826255,1955.63546562163,416.092488478753,416.092488478753,83.2185393050202,332.873949173732,0,20.8044267799068,13.8696178532712,0,0,41.6092696525101,20.804634826255,41.6092696525101,0,0,0,0,0,572.127249675665,20.804634826255,0,0,62.4139044787651,62.4139044787651,0,0,166.43707861004,83.2183312586719,20.804634826255,0,124.828225050227,0,104.023174131275,0,20.804634826255,0,0,20.804634826255,0,0,0,0,0,0,0,0,0,0,0,0,0,0
"L104","97","6 weeks",6,"TDP43","Male","Male TDP43",2840.32898766713,1065.12371907631,25.360082511321,202.880660090568,5788.32851685009,0,63.4002062783025,30218.8635782044,143.706965163602,28.7413423125554,262.054101416709,294.176957131324,50.720165022642,15551.674221978,9587.4185015328,6299.44474941296,2467.84288534992,350.693169011928,3138.62011098426,20.2880660090568,1115.84363049812,0,13105.1733676663,228.240742601889,17379.4740192898,3448.97198234213,2361.779158662,1014.40380765449,4408.84983739151,2244.36780945356,1775.20679019577,1968.87818992318,6768.42520488327,355.041155158494,2865.68881657762,25.360082511321,25.360082511321,7518.18158908344,15799.6638752347,3093.92955917951,9583.99742640202,202.880660090568,379.11395988154,7988.42548386446,822.089425942264,278.961414826181,5968.07241286311,3347.53139869602,5645.15538142336,36644.3978970612,5054.50409728601,2337.35410239287,304.320990135852,2219.00671253894,2003.44601119271,1217.28396054341,228.240742601889,2747.70458310525,0,583.281897760383,50.720165022642,304.320990135852,3989.9862305809,106.87398132416,253.60133231486,126.800412556605,3423.61088542751,0,7338.3616128229,588.353407060997,2028.80710810733,1724.485357169,956.075110676802,791.114113961286,3760.89947562643,1039.76338296416,3753.29195807468,0,814.058395012579,2703.62571649068,126.800412556605,13323.7645988726,431.121402692457,684.722227805667,273.888891122267,6785.93558105486,4995.93650833106,99793.1754413176,35225.1513114141,4205.12392575084,13225.5257256435,735.441885626659,1841.14173672108,4837.43497823201,9882.34003068665,17587.2179824036,25226.6993821469,310.661010763682,1749.84594688197,754.462708312625,101.440330045284,14530.7221874182,3448.97223594296,12188.1152511348,8310.50005336319,10537.1152978572,304.320990135852,811.522893963097,380.40098406899,1194.45963268239,21480.6269323616,1191.92362443126,2864.48218385173,101.440330045284,909.158704430033,532.561732737741,516.499924479196,1179.2445975789,938.323052918877,6333.8005603927,431.121402692457,3510.04692265497,2163.81378976377,305.588994261418,472.65868183775,1043.98964071467,6031.78683056373,955.229605525874,1115.84363049812,253.60082511321,329.681072647173,387.586509847748,4843.77677406561,11494.4571446554,1242.64353585308,4336.57385583507,507.201903827245,760.802728940455,1051.59817266972,0,152.160495067926,7694.24979473727,963.682881829373,938.323306519702,2079.52701952915,2523.32719547314,2688.16925340168,7334.74095384275,20393.4267542575,5122.73666728684,3246.09132225156,4668.36843775873,10372.2729863278,2823.42192785848,34404.3293823958,1681.01082132067,18918.923845629,30045.7178684592,50.720165022642,3873.32985102882,2130.24693095096,4095.68375767736,177.520831180072,4057.61421621466,61450.7982917274,811.522133160622,202.880660090568,0,2079.52701952915,4932.53604845194,3413.04435344834,2206.32641768245,1441.29793819314,1749.84543968032,13485.2233681933,34996.4916202492,1115.84185529235,7345.96989117712,5796.89210951252,0,2688.16874620003,4121.01366169049,1242.64328225225,242.400037470435,536.153734824645,793.770329003522,1321.02419647164,915.384097484912,608.641980271704,126.800412556605,202.880660090568,152.160495067926,1242.64328225225,1724.48561076983,1699.12578185933,329.681072647173,634.0018091822,2732.54889059484,0,2891.04915268977,228.240489001064,196.540385861913,222.998559945974,461.723667859693,25.360082511321,25.3598289104959,16.9065526069973,25.360082511321,101.440076444459,0,177.520323978422,152.160495067926,0,101.440330045284,76.080247533963,431.121149091632,333.907837599335,431.121402692457,0,0,1521.60418987678,101.440330045284,608.642233872529,126.800919758255,0,202.880913691393,0,76.080247533963,0,862.243058985739,862.243058985739,25.360082511321,456.481738804603,0,101.440330045284,0,0,0,0,0,50.720165022642,0,0,0,0,0,0,0,0,0,0
"L10","98","6 weeks",6,"TDP43","Male","Male TDP43",3056.86928859311,1590.56601469046,68.3446441225812,74.5577935882704,3800.93593799978,0,0,36973.6534592952,422.494163666866,153.671565416741,95.2682089652416,12.4262989313784,273.378576490325,15190.3002362372,11252.2303970165,7091.2742588053,2151.7958295105,256.810343599139,2419.11086917427,69.5870254897404,646.167544431677,0,14062.8323110758,248.525730101589,16615.4408978777,4821.40448242678,2633.40761329145,969.251316647516,5513.5488358526,1938.50263329503,1342.04053311485,2111.16829368034,8364.14156218482,1018.95651237303,1516.00896668012,0,49.7051957255136,7098.73302047587,13473.7678351755,3379.95306080895,11496.8115227853,124.262989313784,1057.35153933718,6188.29612224851,303.201445399654,323.083772215839,7352.22678489023,2410.70075005752,6300.13355820885,34615.7336624746,4165.8272473923,1783.17439370476,173.968185039298,2177.08782130347,1540.86181306886,894.693274533266,339.652253633003,1834.12246784939,0,298.231174353082,140.83122220497,223.673380764811,3951.56306017833,122.003888168059,347.936867130553,24.8525978627568,3230.83797068436,0,7565.33731451141,1118.36814645395,1913.65003543227,1640.27170746793,1273.67625543995,1273.24133497736,3174.50384153092,1118.36665529808,2783.4904635768,0,773.536859952327,3099.76934597184,24.8525978627568,15452.1024726431,571.609999369385,397.641565804109,335.510071147217,6906.12265325374,5069.92996400239,102673.416766782,41461.5875232813,3692.68299222918,12619.3501836866,720.725089493969,1640.27021631206,5277.03511187601,9338.89300726535,19844.7988963594,21627.9138923552,395.570598824205,1764.53444825573,822.206696450878,74.5577935882704,13936.9213459978,2708.93291851451,14704.9598171989,9707.0109294384,11556.4582547079,149.115835702519,273.378327964346,248.525978627568,758.004980392019,17284.7312993609,878.124793116102,1695.36171557237,124.262989313784,809.573375379303,521.904555117893,285.804626895725,903.392180837189,869.840925196488,5708.40513234359,269.236891056496,2800.05844794201,1268.05584043329,368.646536929588,352.019403381468,944.398718784759,4787.73865630993,683.446441225812,646.167792957656,298.231174353082,149.115587176541,476.755834684537,3095.92266087464,10658.0365934433,695.872491631212,4709.56679794046,124.262740787805,591.492077659591,447.346513003644,49.7051957255136,49.7051957255136,6003.97335083567,347.936370078595,298.230428775146,2187.02836339662,2609.52227853751,2435.55384497223,7258.20120581813,21896.229000557,4895.96177896309,3379.95281228297,3029.53167947006,13296.1403536268,1516.00697847229,32617.9988385894,2091.16791702431,21092.0434198684,23658.1917019859,124.262989313784,4640.80860658944,2882.90160060577,4140.26535638654,99.4108885029845,4269.67705839956,65431.4859752334,484.625658323758,248.525978627568,24.8525978627568,2062.76562260882,5434.43456697217,2474.90519990214,2087.61797194559,1364.82191547172,1532.57744809729,15594.1758276892,38511.1706097436,1441.44993046196,8010.82037972731,8953.14813153216,49.7051957255136,1888.79743756952,3740.31548129294,1540.86206159484,123.848696507412,485.039702604151,559.183451912028,1190.73493501464,994.518704368602,298.231174353082,24.8525978627568,149.115587176541,74.5577935882704,1540.86206159484,1714.82875547826,1491.15487766149,124.262989313784,422.495406296759,2700.64855354294,0,1839.09249036998,372.788719415374,336.10156297635,466.072945493231,279.504244811537,24.8525978627568,24.8523493367782,16.5682328911855,24.8523493367782,74.5577935882704,24.8525978627568,24.8525978627568,49.7051957255136,24.8525978627568,24.8525978627568,124.262989313784,248.525730101589,138.760255225066,333.024562834963,24.8525978627568,24.8525978627568,869.841173722467,124.262989313784,404.860499905304,99.4108885029845,24.8525978627568,149.115587176541,99.4101429250486,49.7051957255136,24.8523493367782,472.199110866401,223.67362929079,74.5577935882704,49.7054442514922,0,0,0,0,0,0,0,0,0,0,0,0,0,0,0,0,0,0
"L11","99","6 weeks",6,"WT","Male","Male WT",0,118.529652137455,88.8967946191183,237.058118984315,6228.52724595014,0,0,10738.2379311661,944.28130973909,118.529059492158,138.283705192418,489.91971747072,0,30479.153225175,7144.341431471,1589.27437367929,2980.58269748538,483.711165334521,10021.7250253736,0,474.118608549821,0,10921.4459278419,474.115645323333,26231.6051137438,3378.07938081709,3751.0684031629,3437.34331791787,3858.12147911503,9897.17587494987,2963.22589465865,3167.68970757321,3987.51313426435,2963.22648730394,9837.91193784909,0,0,9630.20279928563,20305.6469979593,1777.93529973707,3318.81248048982,0,2084.13616028554,16297.7427169452,568.938300271762,59.2645297460788,533.381953005305,3373.13790432686,10726.8816619762,60569.1660657125,4686.83932643046,2681.71997101007,237.058118984315,2836.79628070604,2429.84986810632,1185.29000227628,1007.49700568334,4708.99003706835,0,2014.99401136668,177.793589238237,2429.84571958923,3185.46728856114,730.930187943802,1511.2466938156,59.2645297460788,355.587178476473,59.2645297460788,7436.70935813143,4432.85110923358,2429.84512694393,2785.433490711,1850.74533040191,1355.32230869897,1555.69331318927,3141.02007654218,7704.38945963555,0,296.322648730394,6055.5643085315,0,6728.50119089228,59.2645297460788,829.703416445104,711.175542243541,5393.07161424788,5630.13210381338,84167.6564198721,13171.541736066,4635.33489420933,11951.6779924265,1777.93589238237,1748.30362750933,3042.24566275028,12829.7786017981,11319.5275520823,28628.1530572952,59.2645297460788,1659.40683289021,592.644704815491,0,19167.7010579159,3555.87297005533,4117.89569235102,10993.5673046711,7686.60832277583,829.703416445104,770.438886699025,355.587178476473,1422.34989919649,43754.2247608997,3911.4607411771,3967.90072343548,296.322648730394,1523.9441193137,1777.93589238237,829.703416445104,3437.34391056317,3091.63316596888,8973.63655797661,118.52846684686,3971.71084005285,5920.90107346127,237.058118984315,434.605168632217,276.568003030134,8416.2868438514,4474.47199582895,2429.84571958923,1600.14230314413,1244.55512466766,207.425261465978,1766.08417172374,19201.7034892125,651.909827206867,3970.72349298728,177.793589238237,237.058118984315,266.690976502652,0,59.2645297460788,3791.94018610229,1126.0260651755,474.116830613928,4326.31007881846,4267.04614171768,2953.34886813116,5766.43992958407,16454.6585976445,6993.2145100373,1185.28940963098,5874.09987432079,4326.30889352786,1394.69292109988,25394.8521814854,3919.92964247781,19669.4724960453,30591.7825007309,0,592.645297460788,237.058118984315,711.173764307649,296.322648730394,3615.13512922021,43135.1445199457,207.425854111276,296.322648730394,0,829.704009090401,1777.93648502766,5198.34437092529,1837.20042212844,29.6322648730394,296.322648730394,18292.9850458381,18929.083689154,2666.90087534706,2745.921236084,829.703416445104,0,4148.51708222552,1422.34871390589,1155.65951533913,247.499936480277,999.031067609113,768.463007277291,2021.34479837427,1320.75271585278,533.38076771471,59.2645297460788,533.38076771471,59.2639371007814,1155.65951533913,2489.11084198061,2014.99460401198,355.587178476473,1066.76272072001,651.90923456157,0,2548.37537172669,711.174356952946,622.277562333828,19.7552383455579,454.362777558965,0,651.910419852165,434.60694656811,0,118.529059492158,59.2645297460788,355.588363767068,59.2645297460788,59.2645297460788,0,414.851708222552,355.58777112177,306.199675257876,524.91542228578,0,0,829.704601735699,118.529059492158,213.352307085884,177.792996592939,0,118.529059492158,59.2645297460788,0,0,592.644704815491,355.587178476473,0,237.058711629613,0,237.057526339018,0,0,59.2645297460788,0,0,0,0,0,0,0,0,0,0,0,0,0
"L12","101","6 weeks",6,"TDP43","Male","Male TDP43",1737.61661631842,473.895440814115,78.9825734690192,315.930293876077,6384.23565711988,0,0,24159.2630264969,236.947720407058,142.1678424185,250.110956101404,39.4912867345096,394.912867345096,14914.0092277536,12320.0287975518,5012.75934645753,3719.31781838256,131.63788572361,1933.71928868171,78.9817836432845,1579.65146938038,0,15670.6851865331,473.895440814115,15894.4854677605,3791.16194686145,3298.83987165701,789.826524515927,4867.96059451677,987.281378537005,1579.65067955465,3531.64811538856,7512.55542727478,1974.56433672548,1105.756818392,0,78.9825734690192,10655.3154660225,19928.6183460818,3554.2165959316,7850.86622316904,78.9825734690192,947.789301976761,5291.83321225002,837.214488945869,394.912867345096,4317.71427958163,2843.37027540749,6910.97675819065,36653.9973274335,5237.85968084423,2408.96691115362,473.895440814115,3086.9059322676,1974.56196724828,1263.72117550431,78.9825734690192,2553.76961222304,0,78.9825734690192,78.9825734690192,78.9825734690192,2527.44156118288,157.963567286569,789.825734690192,78.9825734690192,2764.38770193847,157.965146938038,6460.7729301143,1721.64002135711,3949.12867345096,2843.37185505896,1850.38635506602,1817.91503946144,3945.18033460324,1105.75602856627,4502.00589790836,78.9825734690192,1374.29677836093,3499.68228825418,78.9825734690192,8717.04678110893,394.912867345096,394.912867345096,236.949300058527,4511.78709980676,5212.8482693038,105204.610149943,31986.6200866729,4220.30191241935,10090.02139119,947.79088162823,2069.3434248883,6213.29525301235,14689.2579963417,14624.9369579857,27083.1228628752,302.766268355995,1105.75602856627,802.989760210273,0,14493.3109196481,2685.40591829518,10451.1494627337,8075.97050668442,10843.1778864957,394.912077519361,1026.77345509725,631.860587752153,1500.66889591136,19263.1325073267,1421.68711226808,2310.80499936911,78.9825734690192,555.511293282591,552.878014283134,908.298805067986,989.913867710728,157.965146938038,5570.15200464015,236.949300058527,3373.87173680111,1683.60833258031,78.9825734690192,734.537143436144,1197.90262755537,5599.9860921166,1388.77744338074,552.878014283134,78.9825734690192,0,704.260753548265,4533.59892729597,12321.2854102957,1263.72038567857,4107.09303056326,157.965146938038,710.843161221173,1026.77266527151,0,157.965146938038,7269.03003814922,710.843161221173,710.844740872642,2685.40591829518,2830.20782953887,3475.23402246258,8331.15846260841,25065.8131573883,3870.14609998194,2685.40828777239,6858.31749680738,8056.22407349143,4344.03996114459,41867.3471360788,1500.6696857371,17492.7610279649,29236.7075209741,78.9825734690192,3654.26066244187,1737.61582649269,3181.8690498266,631.861377577888,3238.28393257832,58824.9009209228,1066.26474183176,78.9825734690192,0,868.806728507742,3659.52643061505,3870.14531015621,1500.66810608563,592.368511191909,697.679135701091,14907.9583728002,30522.8155171025,2053.54296106583,6318.60429787007,4844.26345299886,78.9825734690192,3633.19837957488,2251.00492351852,1421.68632244235,118.473860203529,947.791671453965,750.334447955682,1732.91478371981,1806.2548421402,315.930293876077,78.9825734690192,473.895440814115,78.9825734690192,1421.68632244235,1895.58334290793,2053.54533054303,157.965146938038,1026.77503474872,2606.4241346519,0,4896.92113473066,473.89465098838,473.89465098838,524.670177994409,265.157136347252,0,0,0,0,0,0,78.9825734690192,78.9825734690192,0,78.9825734690192,157.965146938038,473.89623063985,329.093529570424,473.895440814115,0,0,2369.47720407058,0,537.08149958933,236.947720407058,0,157.966726589508,0,0,0,1105.75523874053,1184.73860203529,78.9825734690192,236.948510232792,0,0,0,0,0,0,0,0,0,0,0,0,0,0,0,0,0,0
"L40","73","8 weeks",8,"WT","Female","Female WT",3171.65784167608,2091.20239419739,52.2800685682794,104.560137136559,4555.50289186746,0,453.093927591755,37208.6644471436,95.846792375179,0,34.8533790455196,69.7067580910392,0,20828.4340374076,9649.20992028688,6738.89979284985,1412.85212343581,298.536269680608,7500.58762971338,0,344.177118074506,34.8533790455196,9905.94409274167,453.093579057965,18933.2679589897,4461.23216929272,1575.95513282134,1446.41523038906,4935.23951844695,4798.14897997826,1428.98819233251,2000.41770659478,6351.77878085199,383.387169500716,4809.76735388308,0,0,8176.22839878795,9175.73303956173,3694.45887589266,10339.8358996821,69.7067580910392,766.774339001432,9724.09379930134,90.6184369845606,69.7067580910392,6215.51984400732,2509.44294274362,8390.95205081022,45303.1707339483,3971.62549327909,2361.31643033395,34.8533790455196,1300.52874465065,1359.28178277527,1045.60067429801,296.253373353126,2772.83480766368,104.560137136559,1568.40205704838,139.413167648288,1324.42840372975,4487.37255211065,0,139.413516182078,801.627718046951,3241.36425123332,0,9481.28006643734,618.635976442888,1324.42770666216,2021.49598464014,913.379849949553,636.115643101797,1812.37536183323,2265.46963795878,4879.47271783896,69.7067580910392,418.240548546235,4794.16558728714,174.266895227598,15682.8589073602,34.8533790455196,383.387169500716,243.974001852428,7856.53264268881,4914.32679395206,90605.6224426869,37674.7572909841,4101.4961542785,16269.8877484819,662.214201864873,1054.31471612697,4077.8453483258,7924.82609625956,18629.1300542289,19527.8502244181,255.59133015588,1707.81557323046,441.476250754512,0,15846.6680462052,4008.13824170097,11998.7229052733,11035.1597660388,9898.35790625862,0,104.560137136559,174.266895227598,527.448732312305,28240.2741595236,2056.34901515187,2364.42814001514,243.973653318637,769.679368144876,766.774339001432,313.679714342096,1854.19941668785,2614.00342841397,8143.03578325395,34.8533790455196,2167.8808736989,4010.14997873947,243.973653318637,151.61219884801,644.787512342113,6390.35275811061,1905.31817066634,1463.84191991182,766.774339001432,662.214201864873,533.837705225139,1289.57467615044,13616.0556211637,243.974350386218,5053.73996160034,139.413864715869,418.240548546235,104.560485670349,0,63.897396871732,5053.73926453276,662.213853331082,69.7067580910392,2579.15109496982,2457.16252564155,1463.84226844561,6883.54236149013,15447.0757981173,6691.84877673977,3380.77741888161,1185.01628168283,10525.7211688145,250.944329127741,22747.6398854884,2131.0331843044,22022.6899498754,22710.7113362546,0,3483.01457830479,2788.27032364157,3970.04872641107,0,4600.6456854748,63701.8049365354,453.094973193126,104.560137136559,34.8533790455196,1847.22978648012,4931.75278640724,3426.08611457321,2160.90984935601,1876.27345577254,1498.69529895734,15021.8025347473,38176.0673831474,993.320257195938,7406.34339570671,7083.94894246807,0,2370.02977509533,4252.1118950196,1359.28143424147,194.016910997532,568.109729908179,597.154096268182,1110.85456468219,827.656570051936,69.7067580910392,139.413516182078,243.973653318637,104.560137136559,1359.28143424147,1533.54867800286,1185.01523608146,174.266895227598,453.094624659336,2335.17639604981,209.120274273118,941.04123422903,348.534138988987,325.29843678071,174.266895227598,383.387169500716,0,0,0,0,0,0,69.7067580910392,69.7067580910392,0,0,0,69.7067580910392,17.4266895227598,34.8533790455196,0,0,0,0,209.120274273118,0,0,34.8533790455196,34.8533790455196,0,0,34.8540761131005,0,69.7064095572488,0,0,34.8533790455196,0,278.827032364157,0,34.8530305117292,0,0,0,0,0,0,0,0,0,0,0,0
"L41","74","8 weeks",8,"TDP43","Female","Female TDP43",3955.93304922805,1938.00740513025,22.1993776279181,0,4846.98439177705,0,69.9281094560514,40187.5572352335,309.681627591085,41.2907504824123,39.9589196891722,74.922974417198,79.9178393783445,14361.3064635764,10354.4967188271,7579.20789224915,2465.04957226256,449.870904098797,3317.51418442451,13.3195066999918,419.568656736309,99.8972992229306,11198.1364035756,439.548116580895,14942.8036474881,4655.21414378857,2795.11004910053,1178.78833062518,5890.1109912899,2164.4416163599,1538.41880762233,2796.12700360661,6797.67735534642,379.609737047136,2597.3291804124,0,0,9220.54449383371,14263.1975258041,4015.87162855641,10746.2849356225,0,419.56845694171,7891.88703820071,171.823554458039,259.73297797962,7845.26756598315,1938.00760492485,6839.63601917144,34530.4253266292,4156.06050547492,2144.46215651531,259.73297797962,2231.96759535883,1957.98646538564,998.972992229306,176.484962234379,1702.05957450642,0,579.404335492997,93.2371462837378,559.424875648411,4067.48496676212,39.9589196891722,99.8972992229306,259.73297797962,3436.46669367962,19.9794598445861,7723.05980333557,559.424276264616,2377.55552171115,2677.24761917454,1713.73816816937,1499.93417227509,1798.15098642355,1178.78813083058,4175.7065081347,19.9794598445861,719.260354610502,3973.10519516987,92.5718302709131,16571.5831585603,179.814938806677,499.486496114653,259.73297797962,7482.3081113867,4855.00914182362,100594.169995455,44911.8259864937,3514.19638261578,14077.684844639,419.568656736309,1083.8856965688,5554.29003658954,9825.94530329809,19889.5516759017,16647.64676034,344.64568231911,2157.7820628045,414.573791775162,0,14392.4722231933,2357.57566227737,14814.019445838,10689.0106172644,11062.6271157419,79.9178393783445,119.876759067517,99.8972992229306,873.959314241148,17409.3199118978,1148.8187412691,2032.79116140056,19.9794598445861,931.185482101004,399.589196891722,772.063469649963,904.40381535773,1058.91137176306,5738.8381094334,59.9383795337584,1927.01910180493,2040.31602536183,259.73297797962,271.720653886371,715.930577832803,3895.93593008235,819.157853628031,659.322174871342,399.589196891722,239.753518135033,477.841748292021,1411.88189561562,12517.1299942764,279.712238029607,4425.44995598663,99.8972992229306,659.321975076743,139.856418706701,0,59.9383795337584,5334.51637788829,832.477360328023,159.836078345886,2277.65862207742,1720.45386400693,1618.33644720607,8358.90651247872,18371.4296019463,5634.20767617329,4135.74838762392,2996.91857709872,11613.0610346657,719.2605544051,28041.3938636755,928.095259046841,22762.9796092362,22547.7740542338,39.9589196891722,3931.29158222333,2457.47336108949,4271.25168161969,79.917639583746,4035.8506888118,66033.8855658831,459.527776220079,199.794598445861,179.815138601275,2357.57746042875,4871.65862509591,3405.72110210318,2637.28829989617,1511.77919483855,1548.40833775002,15732.1603386065,39568.8766781943,1498.45888896016,8161.60954630803,7961.81474806757,19.9794598445861,2757.16545855288,4425.44995598663,1388.57305858253,229.969776443738,828.370782151566,819.728866590389,1774.0407732561,1266.04822190721,359.63027720255,79.9178393783445,139.856218912103,39.9589196891722,1388.57305858253,1258.70636979812,2497.43367934086,179.814938806677,479.50663668087,2617.30923964078,79.9178393783445,2996.91857709872,219.774457879644,219.774457879644,99.8972992229306,379.609737047136,79.9178393783445,0,0,0,0,79.9178393783445,39.9589196891722,0,0,19.9794598445861,39.9589196891722,179.814938806677,19.9794598445861,295.696005699875,19.9794598445861,19.9794598445861,0,59.9383795337584,99.8972992229306,0,0,139.855619528307,19.9794598445861,19.9794598445861,19.9792600499877,39.9591194837707,0,39.9587198945738,0,0,59.9385793283568,19.9794598445861,19.9794598445861,0,19.9794598445861,0,59.9387791229553,0,0,0,0,0,0,0,0,0,0
"L42","75","8 weeks",8,"TDP43","Female","Female TDP43",5729.22085005524,2407.67887653306,41.0066346198141,140.594376688472,4029.67454930387,0,67.3680802489026,49572.9222263029,83.4779111587803,31.6337347549062,0,140.594376688472,0,13693.3478377335,9082.31308042117,9614.31200871804,1821.46728381402,187.166263966529,3530.80229229936,14.0594376688472,316.337347549062,0,6864.35735233769,369.060063064268,11446.8514511822,3954.21737159219,2096.99131401122,1089.60606784972,6162.46962728257,2835.32022278914,1124.75518925075,1653.4497982095,7102.23425054604,298.763050463003,2477.97553764838,0,0,8240.51338863343,10395.0427755614,4252.98024631222,14999.6629144373,17.574297086059,615.099870783153,7521.79897709029,35.1484184291472,123.020079602413,7791.27147382887,1265.34939019625,6171.50720955908,34462.4426484167,2179.7147605961,1697.38413498088,105.445782516354,1835.34236710644,1599.26121057434,1019.30905524845,61.5100398012066,1538.08578538965,0,527.22891258177,35.148594172118,386.634535893298,5443.63834666381,14.6451889907256,70.2971883442361,298.762874720032,4863.68671856683,17.574297086059,8011.36898290417,175.742795117619,1651.98357460361,1915.59838238043,1168.90006610122,906.842516789188,984.160461076334,1089.60641933566,3198.5217181768,17.574297086059,333.911820378092,3999.95201935707,123.020079602413,22776.2904294763,123.019903859442,298.763050463003,140.594728174414,10254.4564830496,5043.822912213,97277.7877072166,52857.041667353,2478.18555049856,10250.9066507812,433.499210960809,706.486742859572,6350.179288515,7376.7199912714,24621.5909205406,14229.1127621529,215.285139304223,1353.22069988357,294.369651934459,35.148594172118,16155.9242490461,2231.93555418652,18065.9640570012,11247.5503108207,11012.0554328394,35.148594172118,105.445782516354,105.445782516354,478.899595595108,17302.650121542,992.948136848276,1504.0809264719,0,511.95579395616,351.48594172118,603.384141373703,883.987143428768,1089.60641933566,6693.61075413867,123.020079602413,1270.91464285449,2040.77377377748,175.74297086059,96.6586339733246,263.614456290885,3344.09963828996,1186.26505330898,949.012042647187,246.040159204826,386.634535893298,321.902600207305,1437.28488959314,9687.83074146112,140.594200945501,5175.63049184438,140.59402520253,702.971883442361,70.2971883442361,0,123.020079602413,6414.61826066857,527.22891258177,140.594200945501,2073.76688041199,1599.26050760246,825.992314530715,7873.28527029741,12188.256916408,3514.8594172118,4586.89083648952,1739.85576300578,14888.9450185381,439.356899922563,17427.9819241831,1050.69270775582,22527.3197562323,19449.7241401601,52.722891258177,4471.78006929069,3233.67066383486,5200.44346615721,35.148594172118,4850.50582000932,75000.5094261496,527.22891258177,35.148594172118,35.148594172118,2847.03542496968,6792.46582376181,2776.73876385435,3479.71117452563,1840.90744402171,1991.75396265831,16704.6614651167,44954.1727040558,632.674870841096,9516.48152061502,11496.5194023779,0,1476.24095522896,5439.24529962121,957.798312475362,182.981999573309,561.624448123751,573.466185243308,834.360491831213,734.772925505526,123.020079602413,52.722891258177,140.594376688472,52.722891258177,957.798312475362,1230.2009717671,2012.25648912484,35.148594172118,369.059711578327,3145.79917840456,87.8714854302951,1862.87513963631,123.020431088355,114.233282545325,105.445782516354,246.040159204826,0,0,0,0,0,70.2971883442361,35.148594172118,70.2971883442361,17.574297086059,0,70.2971883442361,17.574297086059,26.3614456290885,473.459999161031,0,52.722891258177,0,70.2971883442361,102.517025906962,0,0,70.2971883442361,0,17.574297086059,17.574297086059,35.148594172118,0,35.148594172118,0,17.574297086059,35.148594172118,0,52.722891258177,0,0,0,35.1482426861763,0,0,0,0,0,0,0,0,0,0
"L43","76","8 weeks",8,"TDP43","Female","Female TDP43",4730.20249014909,2389.48360896791,36.5737287086925,73.147457417385,4094.67055937246,0,73.147457417385,48037.5213666984,310.876694023886,0,28.4460708901888,65.0197995988813,146.29491483477,15025.9858134588,7988.16927458163,8537.1211926856,2214.96938036095,224.20256495602,5706.02687730029,0,195.05988644636,24.382485805795,6675.55229306842,438.88474450431,14104.5126692422,3828.05051533467,1794.86183200054,1487.3316341535,5495.8123006262,3425.73974336392,1145.97658904751,1812.77954551978,5841.11413870957,365.737287086925,4291.31774564478,0,0,8497.62668600223,9657.11775545732,4169.40507279095,12563.075567611,24.382485805795,609.561413670301,7997.45534430076,121.912185204117,219.442372252155,7282.23535428935,1527.96870412172,7607.3358152329,36319.0924126034,2405.9698267455,1897.77006394276,97.52994322318,1949.72840972033,1048.44664582433,633.944874775528,40.6375576179444,1635.3099158083,24.382485805795,853.387003202825,89.4022854046763,902.151974814416,5547.01527699351,36.5737287086925,24.382485805795,560.797173533285,3876.81475547169,0,8552.56188947184,463.266986485247,1316.65398968807,1511.71411995929,1214.94440074806,717.76454623011,1048.44542670004,1170.35931867816,4218.1702882274,24.382485805795,146.294671009912,3814.93029972258,142.811145262838,21714.0553432653,268.207343863745,268.207343863745,146.295402484486,10024.8587952278,5193.46947663434,96959.5127733298,42939.1821090343,2489.80071414355,13006.217494137,463.267717959821,877.76948900862,5559.20627607155,7862.23812424214,23687.584716505,13886.6968526181,215.378543342903,1609.24357553275,199.123715355612,0,16219.2288265403,2487.01379601595,16853.2512376207,10224.3882351472,10618.5723245989,73.147213592527,195.059642621502,121.912429028975,1110.62222845396,22639.8902703678,1499.52312088125,1637.4294852994,73.147457417385,653.450619595306,707.092088368055,537.227843629114,1677.92147947708,2511.39603799689,7128.10415234145,97.52994322318,1126.47084422773,2693.36496781412,121.912429028975,81.2753590607468,341.35480128113,4263.9279240397,1024.06440384339,1048.44688964919,560.797173533285,365.737287086925,394.996270053879,926.534948269926,10015.1058009054,73.147457417385,4974.02686055732,121.912185204117,487.6497161159,73.1477012422431,0,0,5120.32128774238,414.502014873657,121.912429028975,2608.92549357035,1706.77376258079,950.917190250864,7482.98391849906,11400.320658606,7265.98077012691,3608.6076554328,1828.6871669092,13507.897867885,560.797417358143,17512.5831566172,1150.03968648219,25529.9141280474,20721.0461801182,0,4712.72780639694,3017.33261846713,4779.08327856826,48.764727786732,5095.93904576144,70701.8953101881,292.589342019824,146.29491483477,48.76497161159,2730.83938554847,7184.70565489103,2525.61882961712,3072.19345535503,2109.08526602613,2198.4875514308,17335.5409518819,43718.2044811283,755.856816154787,8631.39973142658,9793.63163611109,0,1682.39152059986,4888.68864788676,926.533485320778,169.980549196235,473.832649059472,550.927387103958,921.880819379316,849.768642309245,121.912185204117,0,195.05988644636,73.147213592527,926.533485320778,1121.59434706657,1706.77498170508,219.442372252155,512.031958096837,3194.105884384,731.47457417385,2048.12832003706,219.442859901871,215.959577979655,170.677400640565,268.207343863745,0,0,0,0,0,24.382485805795,73.147457417385,0,48.76497161159,0,24.382485805795,48.76497161159,0,215.959577979655,48.76497161159,0,24.382485805795,0,97.52994322318,0,0,146.295158659628,0,0,0,24.382485805795,0,48.76497161159,0,73.147457417385,73.147457417385,24.382485805795,48.76497161159,0,0,0,24.3829734555111,0,0,0,0,0,0,24.382485805795,0,0,0
"L105","78","8 weeks",8,"WT","Male","Male WT",1654.3695530995,1536.19975066391,236.338423179063,59.0846057947657,6292.51110798861,0,1240.77672169008,21227.1301629942,945.353692716252,0,0,0,0,26535.4607204146,9622.91181236408,4805.54655933348,1724.32336297627,0,8168.11942241026,0,354.507634768594,118.169211589531,9137.09514052326,59.0846057947657,22080.0566251736,4431.34543460743,912.525104044564,2363.38541348274,4017.75378489013,8409.70987619842,768.099875331954,1079.46393094921,5635.40402802635,1004.43770766496,8862.69323259909,118.169211589531,0,8136.51270338641,6532.45960058173,2776.97529066187,6528.84834947555,0,768.10105702407,10073.9246971615,118.168620743473,0,4244.24457682138,4431.34602545349,10989.7378595185,55230.1813582122,4879.96598371622,2727.74067949915,118.169211589531,1695.16511001655,1181.69447927955,472.676846358126,265.880726076446,3705.16785962504,0,1772.53817384297,59.0846057947657,1181.69211589531,4554.4387572439,411.622950652221,354.507634768594,1890.7073854325,1299.86132748485,0,11887.8220950608,1039.88906198788,1063.52172261367,1063.52172261367,680.457907018405,670.681177297545,1949.79080953515,2363.38423179063,5317.61393068286,177.253817384297,236.338423179063,8084.74336263509,59.0846057947657,12053.2595821322,118.169211589531,236.338423179063,177.254408230355,7095.07621557277,4726.7678727352,77369.4330773935,23042.010728734,6361.43861826272,32446.4731640155,1299.86073663879,472.676255512068,3545.07634768594,4362.41319756485,12496.3953072851,29533.8549804463,88.6269086921486,1713.45356804821,147.711514486914,0,19763.8030017334,5553.95294470798,7592.3718446274,11152.2222979923,9099.02870154786,118.168620743473,354.507634768594,59.0846057947657,945.35428356231,35435.5716430175,1890.70797627856,2307.95814478667,59.0846057947657,1097.9893182501,413.59224056336,649.931845434539,2841.96894788217,3308.73792450688,9474.07532698284,147.711514486914,1802.08106758641,5009.06289314749,994.591258109262,334.812372272967,492.372108853753,14748.9250016836,3025.131816692,2658.80726076446,1358.94593327961,886.269086921486,443.135134306801,827.18448112672,14416.6473589992,177.254999076413,6144.79782096352,177.253817384297,118.169211589531,0,59.0846057947657,0,3722.3307559163,472.676846358126,59.0840149487078,3781.41595255712,3515.5334539425,1408.18408951868,5376.69853647762,14655.9329223153,8862.69086921486,1890.70856712462,1299.86605425331,6144.79782096352,315.118291469456,20995.5462780435,3080.83796472743,21984.3962850077,27288.6511863203,0,2210.74860625678,1713.45356804821,2538.03478144361,59.0846057947657,4608.59984283778,51847.7241619013,59.0857874868816,0,0,1063.52290430578,4263.93924847095,5826.72470835827,2481.5528525341,526.837931952014,777.94691573371,26983.944784084,28636.3338211973,709.013496999015,6794.72789385988,5883.84120593401,0,2245.2150202011,4165.4658902231,1654.36896225344,105.508562259829,295.423028973829,189.915648406115,516.130619689886,370.134922155252,118.169211589531,177.253817384297,59.0846057947657,0,1654.36896225344,2127.04639945762,1004.43888935708,118.169211589531,709.015269537189,1654.36837140738,0,472.676255512068,59.0840149487078,59.0840149487078,236.338423179063,118.169211589531,59.0846057947657,0,0,0,0,0,0,118.168620743473,118.169211589531,0,59.0846057947657,206.797301973796,0,94.9584150491157,59.0846057947657,177.253817384297,0,59.0846057947657,118.169211589531,0,0,0,0,0,59.0840149487078,0,0,0,0,118.169211589531,118.169211589531,118.169211589531,827.18448112672,0,0,0,0,0,0,0,0,0,0,0,0,0,0
"L106","79","8 weeks",8,"TDP43","Male","Male TDP43",4356.15047839459,1950.91387037079,53.4497024005288,53.4497024005288,4316.12627224302,0,106.899404801058,42868.2102975997,204.890347703019,93.9822152219218,99.1045674514765,106.899404801058,160.349107201586,13793.3314886665,11047.4158312397,7995.62970860109,3015.6180452667,413.344454313594,2978.76875143773,21.3798809602115,614.671577606081,0,10092.0839116264,534.497024005288,12620.5875595688,4596.67574268804,3527.80703422959,1086.81043731174,5563.92213546343,1688.11985656621,1229.34288796365,2751.71468288879,8093.93867723234,320.698214403173,2171.39416002148,80.1745536007932,0,10023.0888977797,12945.9832010675,4890.64776964839,12035.9817068116,26.7248512002644,694.845596709851,7883.83003508395,194.200407222913,213.799076850627,7425.05440272396,2636.85260867262,8017.45562732783,35405.5911767801,3833.23333241437,2073.40321711952,187.073958401851,2599.59308837772,2351.78610387773,1336.24256001322,195.982153052435,2050.05077489222,0,507.772172805024,0,427.59761920423,4175.7577327928,120.262364898214,160.349107201586,213.798809602115,4008.72794728817,80.1745536007932,7993.40272675057,494.408945459355,1950.91467211633,2886.28392962856,1614.05406945277,1600.44657696713,2565.58544797687,1042.26919681031,3714.75458408526,53.4497024005288,454.322737653007,4496.2651317584,106.899939298082,16086.1331734601,133.624256001322,160.349107201586,80.1745536007932,7603.22016647522,4356.15101289161,102307.66273315,44998.8570769961,3304.97281968518,14271.2188638654,547.85944960542,1042.2689295618,6574.31339526505,10835.4642433525,20711.7586112109,16210.5304073361,367.466704003636,1844.01500006676,567.902820757107,0,14611.1744715464,2512.13601282485,14524.4050264149,9995.09327990484,12215.9292163923,53.4497024005288,106.899404801058,133.624256001322,917.55260096255,14957.3951860944,1182.57439836319,2206.83639043476,0,719.343466059597,507.772172805024,707.826925931867,851.632281246442,748.295833607403,4922.43110068384,133.62398875281,1885.43851942717,2113.95256659717,133.624256001322,284.174162013308,748.295833607403,3750.65434395109,441.850784094867,641.396428806346,187.073958401851,187.073958401851,579.483767776229,1688.12039106323,11257.8433008629,213.798809602115,4302.70077599406,106.899137552546,614.671844854593,187.074225650363,26.7248512002644,89.0827482513774,5692.39303840781,587.946726405817,80.1745536007932,2271.61235202247,1937.55171201917,1256.06773916391,8842.10623155398,17276.2787221684,5077.72172805024,4730.29839519829,1710.39074406543,13308.9756304832,988.819761658295,24088.7394044671,1508.68145540078,21607.0416609167,19895.6952361724,0,4288.44787835193,2619.03568487442,4181.83416221021,160.34964169861,4516.49958559617,66633.0682906371,320.698481651685,213.798809602115,26.7248512002644,2244.88856981626,5995.27486350981,3439.59391263627,2806.10910877925,2042.22413496971,2004.36410726834,15344.9637886738,41413.2741214537,1175.89291831461,7919.46361543183,8079.81272263341,26.7248512002644,1924.18928641904,4155.7140943926,1683.66455662261,294.228051034847,739.132683876369,650.304890705442,1744.30030426238,1241.07830462271,187.073958401851,0,26.7248512002644,53.4497024005288,1683.66455662261,1683.66589286517,2739.29911876669,133.624256001322,374.147115058166,2405.2366080238,0,2271.61181752545,75.7205898997572,75.7205898997572,133.624256001322,267.248512002644,0,0,0,0,0,80.1745536007932,80.1748208493052,0,0,0,53.4497024005288,133.62398875281,0,151.186759216088,0,0,0,80.1745536007932,187.073958401851,0,0,187.073958401851,53.4497024005288,0,53.4499696490408,80.1745536007932,0,26.7248512002644,0,53.4497024005288,0,26.7248512002644,26.7248512002644,0,0,13.3624256001322,0,80.1745536007932,0,0,0,0,0,0,0,0,0
"L107","80","8 weeks",8,"WT","Male","Male WT",1140.40952518226,896.036055500346,122.186734840956,162.915646454608,7022.05373058865,0,977.49387872765,14647.9608213872,325.831292909217,0,0,40.7289116136521,0,30284.6599594203,8364.48517400048,2343.26950511996,1891.17858620842,505.037689431054,12129.5521088591,0,81.4578232273042,81.4578232273042,11134.9374248455,407.289116136521,31288.5298813089,3991.43170898144,1580.28014145324,2606.6495286955,3502.68639877408,10127.9216018238,2525.19333462466,2339.00192976108,4339.76165266604,651.662585818434,10915.3483124588,81.4570086490719,162.915646454608,5636.87729443829,6788.15166408261,1384.78218028594,4533.12704802125,162.915646454608,570.20476259113,15639.9069471118,0,81.4570086490719,4439.45055130985,4887.46939363825,12788.8717300609,58291.2166723024,3706.33177142057,3461.95748716043,81.4578232273042,1749.98366831738,1466.23918893501,325.832922065681,135.763310238251,5393.86579956074,162.915646454608,2280.81905036452,81.4578232273042,1792.07211100069,3855.66921332142,162.915646454608,81.4578232273042,1466.24081809148,1058.95170195495,81.4578232273042,10616.6693557659,366.560204522869,1221.86653383133,1221.86734840956,481.959873532526,381.186771261564,2117.90177475344,2443.73469681913,6109.33511289135,0,81.4570086490719,5735.98784253718,244.375098838377,7765.64391365379,81.4578232273042,162.915646454608,0,5511.97801408386,3339.7715668977,70044.4140879738,18898.2076575305,6247.42974603037,31133.1816666321,1547.69864131878,651.661771240201,2606.65034327373,6394.43912334338,14906.7824651749,32614.1606486801,244.373469681913,1954.98694287707,325.831292909217,81.4578232273042,17696.7112815536,4806.01157041095,6007.51527759192,9462.68732807751,8471.61117190494,0,162.915646454608,81.4578232273042,1079.31860149648,39495.0194613777,2117.90258933168,1766.27849127577,244.373469681913,1310.11468120286,1466.24081809148,81.4578232273042,3141.55617274754,4887.46939363825,8186.5120489223,162.915646454608,1497.46686004743,6778.06474183237,631.298130011608,526.759232572847,543.05161179654,15212.7958842711,3747.05986845599,2606.65034327373,1873.529934228,1547.69864131878,338.049966393313,407.289116136521,17187.6039592741,81.4578232273042,4480.18109207996,0,162.915646454608,0,0,0,2851.02625669034,570.20476259113,81.4586378055365,4643.09592395634,5661.31871429764,2443.73225308443,4867.10493783143,16687.9864734006,11241.179605368,1547.69945589701,3421.23264843794,3991.43252355967,488.746939363825,27301.9449128095,2769.56517515011,21375.8915313361,32490.3545323134,0,1452.66505727241,896.035240922114,1387.49716953411,0,3665.60204522869,48772.8675844572,81.4586378055365,0,570.20476259113,488.746939363825,3013.94027398849,6459.60619650346,2036.44476610437,407.289116136521,529.475850977477,19448.0536663624,23038.9849541951,1303.32028416747,6679.53987548248,2565.92143166008,0,2362.27687359182,2036.44476610437,1425.51597936898,40.7289116136521,1058.95333111142,285.103195873797,343.095463964012,971.869216033805,488.746939363825,244.373469681913,488.746939363825,81.4570086490719,1425.51597936898,2932.48082160472,1629.15646454608,244.373469681913,325.829663752752,977.49387872765,0,1303.32517163687,325.829663752752,325.829663752752,244.373469681913,81.4578232273042,81.4578232273042,0,0,0,0,81.4578232273042,0,0,0,0,81.4578232273042,81.4578232273042,0,81.4578232273042,81.4578232273042,0,0,162.915646454608,0,0,0,0,0,0,0,162.915646454608,0,244.374284260145,0,162.915646454608,244.373469681913,81.4578232273042,325.831292909217,0,0,0,0,81.4578232273042,162.915646454608,0,0,0,0,0,0,0,0
"L44","81","8 weeks",8,"TDP43","Female","Female TDP43",3547.61636990318,1388.19925240402,0,308.488379991581,4403.67162437982,0,154.244189995791,46584.3120020503,462.732569987372,0,0,0,616.976759983163,13887.8522608181,7131.96136632817,9138.9682572506,1760.95193171544,349.619135695859,1804.65702295075,0,462.732569987372,0,6457.87723744096,154.244189995791,13815.1369223284,4318.83886232404,1928.05545983118,1696.6876323956,5475.66874485057,1928.05237494738,462.732569987372,2596.44180833994,7421.71833188666,616.976759983163,3393.37372234929,0,308.488379991581,8454.61146530967,13891.52327254,4010.34431256486,15601.7982756323,0,616.976759983163,7249.48618445356,154.244189995791,154.244189995791,7737.91429405233,2005.17446994528,4704.45087975541,38371.5446295607,4097.74832526787,1542.44035751601,0,2005.16830017768,1388.19770996212,771.219407537053,308.488379991581,269.927332492634,154.244189995791,616.976759983163,462.732569987372,925.465139974744,4935.8156223072,0,771.220949978953,154.244189995791,4935.8140798653,0,8534.84158073598,1079.71087241243,1233.95351996633,1388.19616752022,632.404263866541,451.717992379773,1696.6860899537,771.220949978953,3856.10783477857,0,0,3470.49119002149,0,16324.1762604072,154.244189995791,154.244189995791,0,7321.45652350559,5861.27921984004,98896.2059024942,53407.0569558101,2096.99140892407,8946.16918952346,154.244189995791,154.242647553891,6940.98700736868,7789.33159478743,23367.9963268042,13830.5690535375,231.366284993686,1388.19925240402,231.366284993686,0,14126.1965529672,1542.44035751601,14483.5309830466,11722.5568972382,9177.53547451714,0,154.244189995791,462.731027545472,1542.44344239981,13121.2216179334,616.976759983163,2474.88350464616,154.244189995791,539.854664985267,462.732569987372,154.242647553891,462.732569987372,462.732569987372,6247.8059053181,308.488379991581,863.769006418327,1172.25584396801,0,154.244189995791,0,4220.68402957832,488.44044913397,616.976759983163,616.976759983163,154.244189995791,192.805237494738,925.465139974744,9717.38242729291,154.244189995791,4627.32569987372,308.488379991581,771.220949978953,0,0,0,6015.52032495203,925.465139974744,0,3547.61791234508,2159.41403261537,1233.95351996633,7866.45368978532,11663.0124701322,4935.8140798653,3856.10320745287,1388.20079484592,17352.4682896426,462.732569987372,23398.8451648033,1696.6768353023,25450.2944341893,23496.5372649791,0,4691.59462651927,3701.86055989897,5074.63539330341,154.244189995791,4935.8156223072,75913.8416448661,771.219407537053,0,0,3084.88534235771,5012.9361748632,3619.59596360662,4318.83886232404,1439.61192581341,1928.05083250548,19447.6288200315,39987.8108837344,1079.70932997053,9177.52776230764,13753.4392463301,0,1542.44189995791,3933.22530245076,2467.90703993265,249.729055812685,616.978302425062,984.22600659554,919.036242135719,1452.46509416576,308.488379991581,154.244189995791,0,0,2467.90703993265,1388.19770996212,1542.44189995791,0,154.244189995791,2313.66130749496,154.244189995791,1388.19616752022,0,0,154.244189995791,0,0,0,0,0,0,0,0,0,0,154.244189995791,0,154.244189995791,0,440.700329888373,0,0,0,0,0,0,0,154.244189995791,0,154.244189995791,0,0,0,0,0,308.488379991581,0,154.244189995791,154.244189995791,0,0,0,0,0,0,0,0,0,0,0,0,0,0
"L45","82","8 weeks",8,"WT","Female","Female WT",5697.93359193067,2523.74201569835,0,0,2842.30463671625,0,338.233500890862,55048.7420258584,52.0359232139788,0,0,156.107769641936,0,12811.2739557578,10135.667439776,10261.4835374374,451.70069343472,124.97883965687,3140.41896116837,0,468.322528386961,0,5264.85135182192,182.125731248926,11463.7594935971,4292.96392533286,1600.34140228047,312.215539283873,6324.5322268799,2528.07842935939,1144.78926998907,986.009195510478,7692.02484104015,1326.91604195646,2887.99269765736,104.071846427958,442.30534731882,7540.34845061912,3261.35096707689,5203.59154085903,15415.6419919616,0,338.233500890862,7050.86863621259,26.0179616069894,52.0359232139788,8685.66276307342,2003.38278355857,4279.95468434975,34007.4068734456,2108.56949964138,2077.1002547185,104.071846427958,481.331509190455,234.161654462904,494.341270532798,156.107769641936,1514.30702809579,52.0359232139788,468.323308925809,506.920694790162,416.28738571183,6044.83913960476,78.0538848209682,52.0359232139788,234.161654462904,4292.96366515325,0,8800.14075342571,34.6905287494472,1014.70024249297,520.359232139788,469.769127052309,427.463401120113,1222.84367516927,598.413116960756,1925.3288987376,0,390.269163925225,2478.21006252689,26.0179616069894,24056.6410212424,130.089808034947,130.089808034947,130.089808034947,10473.5307050732,5099.52073514954,89766.4090703393,55046.2029329851,3643.8144823404,10405.015265157,390.269424104841,546.376933567161,5697.93385211029,3723.91389930291,24560.9565375368,13369.5153399974,234.161654462904,1587.09565802635,338.233240711246,26.0179616069894,16176.6689300437,1691.16724427469,19653.9684580994,12089.6798402872,11799.1461091289,104.071846427958,52.0359232139788,52.0359232139788,947.055623751726,17811.5366877359,962.664839638223,1125.95851009639,442.30534731882,541.173861604995,312.215539283873,642.644432231486,761.025897363672,1027.70948347608,7582.09765235254,218.550877498711,1079.31194744969,2183.93859100413,379.429040401289,95.3987589262676,424.960213033904,3704.59061939701,871.601713834144,1040.71846427958,442.30534731882,338.233500890862,217.249979418361,1425.78377570379,7259.01128835004,26.0179616069894,5268.63696523573,208.143172496683,832.57477142366,0,0,0,5958.11320800057,520.358971960172,156.107769641936,1665.1492826677,2237.54391766224,1378.95170499082,8572.91782914377,8655.57637280994,3434.3709321226,4084.82049265657,1118.77286945978,18082.4820159595,520.359232139788,15115.8125634803,884.610954817255,23467.5826623774,21652.1492104143,0,4731.3660580514,3512.42481694357,6232.35501195981,26.0179616069894,5671.9158905033,82756.196621293,182.12547106931,156.107769641936,364.251462497851,2419.67094980925,7718.66203013339,2029.40126552479,3850.65857801405,2831.62140150081,2415.33401578898,20610.5607054985,46871.7925951298,754.521406961924,10381.167201548,13384.0731700553,0,728.502924995703,6153.2481802326,585.404656516493,52.0361833935948,637.440579730472,143.098528658826,741.935478214159,590.18467642293,130.089547855331,52.0359232139788,234.161654462904,26.0179616069894,602.749790801409,910.628656244629,1092.75360695471,260.179616069894,260.180396608742,3928.71194247578,0,1092.75386713432,234.161914642521,208.143953035531,104.071846427958,156.108290001168,208.143692855915,0,0,0,0,0,0,0,0,0,0,0,13.0089808034947,78.0538848209682,0,0,0,156.107769641936,0,0,0,182.12547106931,0,0,0,104.071586248341,0,104.071846427958,0,156.107769641936,26.0177014273733,416.28738571183,182.125731248926,0,52.0356630343627,19.513471205242,0,0,0,0,0,0,0,0,78.0538848209682,0,0
"L46","83","8 weeks",8,"TDP43","Female","Female TDP43",4681.30020934088,2885.45679633081,10.0890090718554,80.7120725748428,2419.82461226273,0,272.403244940095,54136.1646159848,141.246127005975,0,0,100.890090718554,161.424145149686,13672.7251771484,9705.00201568312,9609.10780047677,1270.81117913054,85.7565771107705,2662.84846100541,0,242.137024845254,20.1780181437107,6130.62106870411,221.958199580818,11354.1702041255,4318.09568097391,1927.28887482346,766.764891241188,6192.48989903545,2327.19782353439,948.367054534585,2005.91131183935,6586.77765545191,625.518562455032,2340.64929754972,181.602163293396,40.3560362874214,8244.42525245879,10804.4390671371,4862.90176729374,14781.0702182723,40.3560362874214,403.560161094033,6073.58406659747,80.7118707946614,100.890090718554,8646.28057279986,1533.5273611202,5483.37643055339,34260.222098235,2267.62404098672,1533.5295807022,80.7120725748428,1418.44324531863,1392.28345369622,847.476358475487,84.0751428588551,1452.35886177495,20.1780181437107,484.272435449057,161.424145149686,262.314235868239,5466.56087735314,0,60.5340544311321,141.246127005975,5044.5043341475,0,9080.61261512341,151.33513607783,1029.07932888961,1472.99572805124,1143.9816407477,997.894201848504,1029.07872354906,1008.90090718554,2663.49819318963,40.3560362874214,141.246328786156,2967.22579349602,40.3560362874214,22441.3192460903,221.958199580818,383.382344730504,60.534457991495,10073.2028231227,5407.70886251447,99459.0275353473,53254.4949915233,3179.28627161699,11811.7874776067,312.759079447335,443.916399161636,6093.76127762045,7082.13084956458,25000.563874717,13058.7819365817,131.15711793412,1291.39316119749,332.937501151408,60.5340544311321,13537.7691437383,1654.59789134464,17934.873065435,10795.2399086654,11182.6578570247,80.7118707946614,121.068108862264,141.246127005975,768.782491275378,14248.1693644374,908.0106146868,1506.38530357455,121.068108862264,587.805039423711,282.49225401195,696.141424177838,722.373049544843,726.408653173586,6338.56381866249,141.246127005975,752.976444322865,1890.33687019689,262.314235868239,95.125029154714,248.862358292553,3739.38991883211,726.408653173586,766.764689461007,201.780181437107,282.49225401195,217.586430169801,1008.90090718554,7385.15363169721,20.1780181437107,4782.19030005944,90.8012834268796,786.942707604718,0,0,20.1780181437107,6113.93949754434,605.34034253114,121.068310642446,2421.36157190474,1432.6388846431,1251.03692312988,7465.02629871728,11429.7980214686,4237.38381017925,4459.34140441952,1452.81730634717,16788.1110955673,564.9845080239,16716.0214937056,954.131914318243,24667.626777126,22230.4095203441,20.1780181437107,4786.56186769027,3161.22270799456,5136.6510878242,40.3560362874214,4358.45191904151,74280.831925967,242.136217724529,100.890090718554,80.7120725748428,2905.63541981507,8024.12508062884,2491.98524074827,3329.37279193209,2656.77225440179,2417.99951052164,18216.7149819222,46820.0646015393,544.806086319826,9631.64039155767,11291.2823838779,20.1780181437107,1331.74919748491,6235.00760640661,1119.87960341558,117.897335091162,662.992370630806,611.393949754435,944.119178154971,920.170090200382,141.246127005975,20.1780181437107,242.136217724529,60.5340544311321,1119.87960341558,1129.96861248744,1694.95332229152,60.5340544311321,464.094013744983,3611.86524772422,80.7120725748428,1614.24165327704,181.602566853759,181.602566853759,201.780181437107,201.780181437107,161.424145149686,40.3562380676029,26.9041587117352,0,0,40.3560362874214,20.1780181437107,40.3560362874214,60.5340544311321,0,60.5340544311321,60.5340544311321,0,350.880803785703,40.3560362874214,20.1780181437107,0,20.1780181437107,20.1780181437107,0,0,141.246127005975,20.1780181437107,80.7122743550243,20.1780181437107,100.890090718554,0,0,0,40.3560362874214,20.1778163635293,60.5340544311321,221.958199580818,0,60.5342562113136,10.0890090718554,20.1780181437107,0,0,0,0,0,0,0,0,0,0
"L47","84","8 weeks",8,"WT","Female","Female WT",5803.84210028437,3062.45272259887,74.0915981273921,0,1720.01051846806,24.6971993757974,197.577595006379,58657.7894704177,172.880395630581,0,0,12.3485996878987,49.3943987515947,12636.0274230382,10201.7650076303,10252.6306185487,572.937732747441,95.0842175968198,765.465985341438,0,395.155190012758,49.3943987515947,8647.43663906272,98.7885505311957,10685.2146611874,4198.52438782954,536.28264337787,312.831521389425,7001.30408794744,1148.41977097458,493.944481459935,620.959461157729,8719.81647430137,321.063591885366,518.641186891744,98.7890444751832,24.6971993757974,7411.62805084482,3034.10527715533,4568.98139057852,15248.4625969309,49.3943987515947,642.126936798737,2272.14209560136,49.3943987515947,98.7887975031894,9804.78815219155,2387.39577501242,3377.3415206963,37659.0821413438,3519.58602838918,1317.18388438519,148.183196254784,620.722861987709,444.550823624321,222.274547410182,214.042476914242,1536.2248274811,0,271.669193133771,49.3943987515947,0,5388.1052521998,69.9753159074279,296.366392509568,296.366392509568,6470.6664834309,49.3943987515947,9898.6365219316,629.778584082832,419.852389388555,444.549341792359,376.632537452903,296.366886453556,1728.80370933382,296.366392509568,864.40148420892,49.3943987515947,197.577595006379,1760.11679447841,24.6971993757974,22355.9051219438,74.0915981273921,296.366392509568,197.577101062391,9319.90062768671,5211.10882132125,93799.978788514,59316.9090682749,2851.46751199536,12646.3382568056,197.577841978373,555.686738983447,7347.41755521569,3019.52726127978,27018.7361171223,14180.3670093182,226.39107660214,716.218781898123,415.736107168591,0,13869.5342322742,1432.43731682425,20872.6622083956,10731.7560394672,13567.2301390907,0,271.669193133771,148.183196254784,549.514414915447,10693.7912576147,345.76128520515,537.163839451599,197.577595006379,199.63536565837,74.0915981273921,58.4501208467183,223.510148294954,148.183196254784,5476.28018129925,123.485996878987,1675.29302836226,613.799743058685,222.274794382176,105.375046632727,769.729215897688,3343.77950857655,172.880395630581,197.577595006379,0,0,443.726184137163,987.887975031894,5982.89605484292,74.0915981273921,4593.67883692631,74.0918450993858,889.099177528705,0,0,0,6075.51079947415,345.760791261163,49.3931638916259,1284.25461451346,1988.12479672368,1255.44187383368,8594.62562974947,12984.9630392791,3111.84712135047,4568.98114360653,938.493082336312,18325.3219368416,724.451346338052,16642.4819382941,1111.37421888287,24195.0238117295,18532.5998508468,24.6971993757974,6449.26240861987,4519.58748577092,6567.89664068148,0,5433.38410964741,83893.7083622553,321.063838857359,0,123.485996878987,3531.69951073902,9006.24570167009,3519.35091105112,3951.55165315558,3284.72776395304,2584.97361699079,20224.1246195549,50672.4793132362,642.12644285475,10854.417643831,14244.1097399911,0,716.218781898123,6594.15248030989,469.246047224168,24.6971993757974,98.7892914471769,74.0915981273921,468.426100204892,324.971676714592,197.577595006379,98.7887975031894,197.577595006379,24.6971993757974,469.246047224168,839.704531805116,370.458237608954,98.7887975031894,246.972487701961,4124.43229575816,0,444.549588764352,74.0913511553983,74.0913511553983,123.485996878987,123.485996878987,98.7887975031894,24.6969524038036,16.4646349358691,0,0,0,0,0,24.6971993757974,0,49.3943987515947,24.6971993757974,24.6971993757974,0,0,0,0,24.6971993757974,24.6971993757974,0,24.6971993757974,74.0915981273921,0,0,0,24.6971993757974,0,0,0,222.274794382176,49.3936578356134,98.7887975031894,74.0915981273921,0,0,0,0,24.6971993757974,0,0,0,0,0,74.0915981273921,0,0,0
"L48","85","8 weeks",8,"WT","Female","Female WT",7052.12873475669,3453.51117028661,29.0211047100644,87.0633141301931,1651.16939239833,0,590.095699034293,66220.8407994515,0,0,0,62.8788667311081,0,11015.4771585798,9394.12375894957,11863.8264446301,70.4806548988623,244.60612231506,1258.21463808159,0,203.147152548356,0,4971.8129487798,29.0211047100644,10204.5122791949,4208.05960253724,720.775411855336,290.211047100644,6955.39152558244,1591.32439195361,261.189361968485,570.748779579329,7038.09848168461,957.696455432124,870.632851090884,58.0419192090816,203.147732970451,6897.34873574022,2873.09052714056,5310.86129130864,17542.7734349963,58.0422094201287,435.316570650966,3018.19663111298,58.0422094201287,87.0633141301931,10408.9026958691,1422.03384058211,3163.29983297492,32291.3505062174,1953.87953908655,1189.38122108608,29.0211047100644,113.045038543972,232.169998524703,174.126628260386,116.08412862921,885.626604839339,232.168837680515,87.0633141301931,278.678060088864,290.211047100644,5794.54762739092,29.0211047100644,0,696.506222830498,5397.92518586093,0,8646.83756794159,357.927441775872,435.315990228871,203.148023181498,261.190522812674,93.3452224557337,899.653085167807,232.168837680515,870.632560879837,58.0422094201287,261.189652179532,1429.28998739276,116.084418840258,26114.0873506736,58.0422094201287,348.253256520773,145.105523550322,11077.3550874095,5891.28396593202,93789.851318464,58837.8723416332,2122.1340370199,8502.03154219187,261.189652179532,203.147442759404,6355.62251192619,2212.86010477555,28498.7251154943,11807.4427913442,116.084418840258,696.506513041545,348.252966309725,58.0422094201287,15236.0802629948,1073.78058406133,22491.3541188226,11057.0417651677,11593.9316218818,87.0633141301931,116.084418840258,174.126628260386,557.204049589048,14147.3587435956,580.421513779193,1103.00977009217,783.569827171738,294.011650973474,464.33767536103,99.1555378297357,737.135189002494,377.274361230837,7242.9993795906,261.190232601627,908.844359240532,887.82959689788,101.573576274178,107.793089224592,261.189942390579,2847.6227664912,246.679390035547,522.379884781159,58.0422094201287,174.126628260386,48.3683143760759,1067.97665333037,3859.8077970717,0,4730.44064816259,252.483320766513,812.590931881803,0,0,0,7487.44501519661,203.147732970451,232.169708313656,1712.24546810485,1987.94480200627,1393.01128481681,9098.11690702728,6594.56139291347,1654.20296847367,4353.16570650966,1305.95000216394,21417.5773075048,464.33767536103,11621.9628167102,1484.22200502112,25045.2116235193,15551.1609457768,29.0211047100644,6152.95769013812,4919.07724835591,7030.25901066928,0,5572.0529749655,88849.5610936203,203.147442759404,87.0633141301931,29.0211047100644,3308.40622715839,10021.9547298052,1538.11796921132,3830.78553151745,3424.49006557655,3318.07954178034,20519.8558670665,53816.7380253986,377.274361230837,11115.0836843768,16467.058594306,29.0211047100644,580.422094201288,8401.60952335259,246.678229191359,34.8253256520773,110.280778320339,58.0422094201287,189.467184210126,201.627607505737,116.084418840258,0,116.084418840258,0,246.678229191359,667.485698542528,377.274361230837,261.189942390579,145.105813761369,3656.65890325706,0,406.296046362995,145.105523550322,145.105523550322,203.147732970451,232.168837680515,29.0211047100644,0,0,0,58.0424996311759,0,0,58.0422094201287,0,0,29.0211047100644,29.0211047100644,14.5105523550322,29.0211047100644,0,29.0211047100644,0,0,29.0211047100644,0,0,87.0633141301931,174.126338049339,58.0422094201287,0,29.0216851321586,0,0,0,145.105523550322,58.0422094201287,116.084418840258,261.189942390579,0,84.1609134481396,0,0,0,0,0,0,0,0,0,0,0,0
"L109","91","8 weeks",8,"WT","Male","Male WT",3287.3979859658,1356.92597718588,95.5909586359136,125.90034839869,4783.4796597869,27.977855199709,41.9667827995634,34561.8165771147,272.784088197162,305.657928167544,89.7623320621583,235.480374523734,923.269221590396,14767.5117213973,10202.2754194348,7002.39048586242,3303.14951844324,636.429618498004,2792.56457241208,153.178617329131,1021.19171478938,13.9889275998545,13378.1040138816,503.601253705485,15937.0858097989,3385.32005949696,3495.16657469278,1189.05898587691,4712.76982744791,1874.51643826978,1776.5945046279,3479.94522257138,8001.59930037501,601.523886793743,2210.25084055556,13.9887877105785,27.977855199709,9931.44278663787,17533.9991142026,3916.90000773781,10249.4540569903,55.9557103994179,489.612046327079,8603.19117335689,249.00291127741,251.800836686657,6833.59127241819,2685.87367950423,8187.02029748267,33390.6936346492,4333.98561958778,2224.23934848759,237.811769197526,2967.19017420165,2518.00668819525,1636.70466907225,202.83945019789,2619.26050461287,0,405.67890039578,27.977855199709,223.822841597672,4057.95442151614,158.874069312135,111.911420798836,111.911420798836,2727.84088197162,41.9667827995634,7054.38271340497,251.800556908105,3175.48628538842,3133.51950258885,1676.77874996755,1555.1952447369,2308.17249441889,1314.95919438632,3693.07674647231,13.9889275998545,559.556964104903,4368.10937023921,221.491167145328,13451.7529199093,433.656895484765,643.490669593306,13.9889275998545,6590.18365240217,4425.16377101232,104349.555463874,39710.3691973747,3734.44424361349,7059.50154179231,494.275395231766,1231.02562878719,5977.93473459617,12547.9892994071,19227.7815455571,18255.8819155049,391.689972795926,2210.25056077701,601.523886793743,13.9889275998545,14409.8941598885,2476.04032506352,13407.0865538616,9330.61498888149,10901.5715583452,181.856058798108,279.77855199709,167.867131198254,709.238629312622,15333.882132579,986.219395789741,2405.14597876949,0,951.946942837926,349.723189996362,843.99886500668,878.970904227765,510.595857394689,4835.10649654054,27.977855199709,2897.3398215744,2270.96964091345,219.470466553529,276.980766477119,666.80545566688,3283.5238923563,594.529422993816,797.368873191706,153.878203598399,139.889275998545,605.953760496789,1908.55639524488,12656.4825257469,307.756547086075,4210.66678788837,283.275923786329,517.590461083892,237.811909086802,0,123.568953724899,5777.42681896135,867.313231412426,55.9558502886939,2839.75216288118,2119.32281115651,2112.3282074673,7359.92369413778,22635.983713597,2615.92946117279,3874.93280527042,3441.27604967493,10813.4414543553,923.269501368948,36481.3337168019,873.6418222586,20412.1763431937,23785.3407240527,0,4398.11869750497,2420.0846146641,4205.58824761252,139.889415887821,3455.26483738551,64793.180438307,951.246936900829,279.77855199709,125.90034839869,2126.31671539933,4700.27967355111,3205.0962287712,2490.02883299555,1141.26343661431,1548.10775456844,12579.775220478,40089.7343653981,1119.11364843125,8624.17456475667,7115.7010791998,0,3077.56407196799,3658.10442747267,1748.61581009253,236.113233608352,1011.49892674471,892.693342756842,2285.91848872521,1674.33600343007,195.844986397963,125.90034839869,321.745334796653,111.91128090956,1748.61581009253,2000.41664677919,2713.85195437177,335.734122507232,811.357660902284,2140.30592277774,0,3133.5197823674,461.634470905922,440.65107950614,209.833913997817,671.468524793015,0,0,0,41.9666429102875,0,83.9335655991269,13.9880882641985,27.977855199709,0,27.977855199709,0,55.9557103994179,20.9833913997817,483.533857284942,0,0,0,83.9334257098509,265.789624397235,0,55.9557103994179,251.800277129553,111.911560688112,27.977855199709,13.9889275998545,83.9334257098509,0,41.9667827995634,0,27.977855199709,41.9667827995634,69.9446379992724,27.977855199709,13.9889275998545,0,3.49723189996362,13.9889275998545,13.9889275998545,0,41.9667827995634,13.9889275998545,27.977855199709,0,0,0,0,0
"I34","92","8 weeks",8,"TDP43","Male","Male TDP43",4674.12058929336,1889.74079312219,220.367115506404,77.0731610082444,3304.16287493051,0,170.793736087296,41393.2376590616,268.689204064757,371.734148782322,6.58519306966026,195.483660047048,628.885938152555,14429.3527731138,10024.9245458504,8018.40085213017,1654.56984573727,414.939879808005,2238.51447937336,227.079451586738,378.042886384938,19.7555792089808,13240.9046317534,268.043760028392,16014.546923089,4409.23737266196,2018.96872411643,705.212508163172,5594.89318909322,2190.60497175808,1233.27497652107,1683.1719091301,8079.06470974808,869.509506127348,1604.25834933436,99.146472250307,32.9259653483013,7892.16191237115,10090.8676557473,4401.54461923633,12402.4118256738,96.8287402172252,369.50860333953,5872.25589689081,36.8770811900975,156.095477844168,8718.52002564998,2708.51720564025,5731.29421305966,37629.2986602446,3874.90417918195,2089.14934629779,246.339024991733,1629.91299585283,1472.65882247838,916.079937889426,335.853880803689,1805.20734833602,85.9763726988955,314.877837102638,169.6347267768,195.975499055441,4752.00555723259,178.046165310989,265.813557326193,1143.66475457097,3940.58147998014,0,8380.18042462549,1161.15443001005,1852.65207689457,1683.0174159697,1053.23682733258,860.20542254884,2873.51662323494,626.331067204349,2632.28696451959,85.9763726988955,386.577235282277,2991.94779527818,81.3403354569139,16239.467440279,294.384532307033,461.701240462842,109.999281240593,7317.57219123532,4819.46832074434,95946.2616996185,45881.7916874874,3944.26963478169,13784.011360358,323.412185999977,992.18704791096,6046.52670358134,8929.14684024387,20717.4506626951,18378.5189261895,450.361583987593,1367.2975187432,658.164380915043,54.9995631782729,13868.8971496975,3826.57878181535,16165.3541671579,11022.0055846542,13366.2378993695,136.339898635187,202.560692125101,272.679797270374,790.233122298053,15052.9227311257,993.039067901489,1646.14335532795,213.781922436743,606.723564342376,365.241363038929,507.473496880275,854.729134824126,361.343051383572,5098.55040869668,64.8774844866247,2502.85988988261,1752.89398956324,229.876042317582,124.776673591337,982.634278992317,3279.05167986083,476.074789103961,493.046912776777,182.805112916121,182.805112916121,467.589505839067,769.694488851471,9977.88743001681,136.339766931325,5369.35811919836,142.925091704847,382.678857774989,44.7793128736898,0,48.4140835207036,5860.19284668285,868.402851895481,134.022848301598,1844.8556084679,2344.61979063236,1662.05084799162,6943.21121877127,20684.8382448363,4410.71251406711,4257.03932352923,2413.62369143845,12676.0205659286,604.995194961002,29831.0077003751,1389.1982878084,20525.7148912608,19436.7295900165,0,4543.3163612899,3227.1678041368,4305.18314228635,46.0962856356911,4219.4779599667,72389.2201655152,618.771737692806,118.533475253885,46.0963514876218,2303.02702444867,6302.13001814574,3586.25112175732,3095.83302627288,1849.7643113171,1679.63787723577,18036.2798277365,41793.6599566694,967.547957058174,8137.98619455671,9227.99900570011,0,2055.58198425282,5028.56149842063,949.743628824352,171.117003163229,544.316788128118,404.787615901249,1342.74097889468,1096.87370848555,272.680304594261,167.316708155809,376.093730557259,180.487160147061,949.743628824352,1623.6459681855,1450.21755087848,144.874247532526,624.382000408787,3090.45875612039,28.6587908996318,1894.48131978545,285.850183409694,250.606199440402,127.436686944536,607.313345285854,26.340772278641,0,0,26.3408381305717,0,41.8291770389523,54.9995631782729,13.1703861393205,28.6587908996318,0,0,72.4371896181936,28.6587908996318,189.883774224941,0,0,0,32.9259653483013,72.4371237662629,0,32.9259653483013,129.754573861665,85.6075099055834,32.9259653483013,63.9027748689239,138.657917256178,0,19.7555792089808,0,68.1699493175934,35.2439839692921,103.413933286885,70.4879679385842,26.340772278641,0,0,0,0,0,0,28.6587908996318,0,0,0,0,0,0
"I35","93","8 weeks",8,"WT","Male","Male WT",3134.81835644204,1870.98307588405,171.179872970444,402.722484744934,3227.787042423,0,766.724273876967,37779.2938702779,138.065078631059,87.8539124607381,25.0748834464002,139.629486337605,133.762636462881,17720.9260196833,12031.8317857055,7107.05194853293,1348.34595159782,675.879236090594,3670.81699440088,57.4682928783957,640.522727345611,0,11003.1699939596,209.900568583346,20475.5459613052,4630.45858035986,2025.74008875537,1008.10986913454,4886.83653225702,3833.9461867503,1685.59319666048,1520.89164398993,8131.3150412268,1460.43943104656,3018.78837250468,262.180320253452,100.908790724703,7389.36392463522,8856.84207528239,3832.18563164878,10778.3682727525,70.2710822457412,500.892736464052,6311.61929520825,70.2704786183531,129.72114289591,7248.36933304996,4488.35349935618,6051.78755305675,44947.5402875098,5293.19933165679,2349.73634045058,230.629933620613,1010.24701008625,1112.47290539197,467.517696234281,236.192758653175,2960.23914607602,403.635162898812,684.719491881776,262.180320253452,735.173887244128,4770.30582494707,109.905366016993,110.817134166398,1573.08192152071,3245.63589606895,9.90834344169485,9229.65488009675,885.635702437935,835.951363551007,1274.65700486438,738.046266501192,580.974627785999,1991.84017428705,1197.31365357649,2903.53787808602,0,238.712920754554,3769.10157984602,69.358404091864,17662.4752032719,371.172098112096,757.597492338195,221.633763788842,8105.85171962462,4997.28515416239,86327.3053971513,39634.2056801207,4324.40462334031,20436.395283992,330.626046191439,1012.60699906763,3899.5871668482,6682.8480898102,17985.9981054237,21774.5951220003,187.606795839533,1149.49794639965,352.919314391299,50.4543953623515,14424.4920731202,2669.38683446899,13659.5051148993,10657.9609943098,12401.0613141801,108.991777858643,60.3622342600927,230.629933620613,594.787728756145,20697.721471815,1031.25076190676,1764.90021491803,352.268089382583,444.171104195279,659.426736075123,164.400146774973,1568.32298257889,1349.62229688016,5545.13971500658,120.725477608093,2275.82654603765,2509.43598748046,261.180824371563,400.871277918863,797.75276330739,6830.65998566253,1132.6597938976,774.807261010907,281.997007136842,120.725477608093,575.322902425777,1473.2673174601,10709.4501441278,190.996559853834,4253.80991790733,168.441739425378,694.757667673725,171.179872970444,0,161.271529528749,4541.0219687203,1626.14323509374,301.813189476278,2630.5375453249,3342.43898652105,2240.46022210174,6642.50487782059,16024.7009295913,4697.34148886909,3552.92626263984,2860.25046718971,12590.1199626286,1101.78269367027,28999.8049081931,2034.66846445931,21186.2003901461,25153.7206228354,0,4133.81888122389,2582.68966271271,3756.97609195195,161.271529528749,4594.47612650224,65252.5860957276,348.617574933943,190.996559853834,190.996559853834,1978.14909197442,6091.80844316319,3402.35349074999,3421.5091678884,1308.80361619595,1497.31212776504,19123.5925621384,35938.2772397344,1002.69714199407,8836.55395737542,8621.50004241253,0,2545.01225696069,4614.16179621811,632.656786623674,117.431332413121,937.765436759915,290.644807012005,905.589064873397,732.451121475711,401.809806591057,80.179425687436,660.339414229001,119.812799454215,635.959534743094,1543.22517131729,1356.65886780607,269.350629233515,901.790973072574,2739.3968914676,0,1083.66014776025,509.889717216862,498.801785488433,129.72114289591,921.607056328575,0,0,0,19.8166868833897,0,9.90834344169485,0,0,19.8166868833897,0,0,19.8166868833897,30.1813694020232,64.8759686022756,0,60.3627388040463,0,59.4500606501691,44.5875454876268,0,0,109.904456012521,19.8164887165209,0,9.90824435826044,181.088216412139,0,140.542164491482,0,110.817134166398,0,110.817134166398,353.18076753646,0,110.81653053901,10.0908790724703,0,0,0,19.8166868833897,0,0,0,0,0,0,0
"L112","94","8 weeks",8,"TDP43","Male","Male TDP43",4395.6546954472,2592.30934553997,56.3545509899994,84.5318264849991,1828.19883398484,0,352.215943687496,50042.0362543586,218.373885086248,0,56.3545509899994,28.1772754949997,0,13278.204922122,9156.27386110685,10098.7358191806,1677.09960300667,469.352822738779,1839.51595491465,0,366.304581434996,56.3545509899994,12308.7553331246,309.950312217752,13643.302107302,3954.21090054071,727.580082739645,403.873906397989,6430.05539504995,2080.42236189598,648.077336384993,804.259747862452,8641.56774104959,563.545509899994,929.850373107745,169.063934742753,84.5318264849991,7429.22468360294,6090.85425314084,3775.75435278445,15041.164064835,0,676.253766561728,3578.51567850149,61.9900060889994,0,9265.62789489366,3158.20258603421,3965.95039883019,34131.1774818701,5415.83972315538,1460.52173746048,281.772754949997,1786.17101872027,1127.09271043652,563.545228127239,248.899172948246,1776.1740031474,169.063371197243,140.886377474999,366.304581434996,140.886377474999,5337.24569393545,248.899736493756,84.5318264849991,929.85009133499,3381.27305939996,28.1772754949997,7906.54378566967,732.608881097237,732.609444642747,1437.04076847223,1131.18376906564,926.114629922618,2395.06926239324,619.900060889993,1408.86349297723,0,169.063652969998,2690.66099856425,84.5318264849991,19515.1110108815,56.3545509899994,253.595479454997,140.886377474999,8430.17111292141,4987.37691729668,99133.9660558016,51657.8691619382,3536.98519214941,15418.4028380258,253.594915909487,591.722503622239,5579.09942091892,4795.77313456721,21442.906369922,18334.3524250828,375.696912675744,648.077054612238,497.798627669246,28.1772754949997,13278.5399499276,3071.32331072772,19408.1937478795,12043.9075404734,11947.1650916526,28.1772754949997,169.063652969998,169.063652969998,850.952874630726,13374.4001682526,493.102321162495,1108.30607554574,225.418203959998,395.153039632287,253.595479454997,146.521832573998,386.028392508741,340.945033489496,5522.64512237367,84.5318264849991,2580.09928674972,1624.4295125604,140.886377474999,112.709101979999,807.748376341488,4008.65418693388,342.823612446748,422.659132424996,28.1772754949997,84.5318264849991,457.411011611243,817.140989354991,7851.59725313616,56.3545509899994,5607.27810527769,84.5315447122442,704.431887374992,0,0,0,5945.40512944494,817.140425809481,28.1772754949997,2423.24512902446,2211.91640813023,1070.73646880999,6692.10264828967,20153.9653614515,4113.88222226996,4282.94587523995,1014.38360845652,15253.2983740356,479.01340164224,20720.158408157,1296.15439099723,24274.0510926944,16813.8494395033,0,4879.83411877869,4085.70494677496,5942.5538709376,84.5318264849991,5100.08601927668,74831.0921462305,169.063652969998,0,56.3545509899994,3240.38668192497,7715.87661557766,2708.77560543447,3381.27418649098,2089.81469313673,2296.44795284248,19085.8724846285,47891.0354528027,704.431887374992,10566.4783106249,13067.2115108061,0,1296.15467276999,5987.67132446019,1324.33138471948,89.2278512189958,546.639144602994,209.450705482491,515.006771586798,309.681219236774,197.240928464998,56.3545509899994,253.595479454997,28.1772754949997,1324.33138471948,1352.50894198723,1098.91318075948,140.886377474999,394.481575157241,3099.50030444997,0,535.367952632239,197.240646692243,197.240646692243,140.886377474999,197.240646692243,0,0,0,0,0,0,28.1769937222447,112.708820207244,0,0,0,0,0,52.3297089582937,56.3545509899994,56.3545509899994,0,56.3545509899994,0,0,0,28.1772754949997,84.5318264849991,0,0,140.886377474999,0,0,0,84.5318264849991,56.3551145355093,84.5318264849991,169.063652969998,0,28.1769937222447,0,0,28.1772754949997,0,0,0,0,0,0,0,0,0
"I37","97","8 weeks",8,"TDP43","Male","Male TDP43",3491.94693782691,1661.41754557412,45.8816829863231,114.720986737549,5521.88960027897,13.280656692265,204.348640138597,36314.9095917649,151.537289928825,14.3706711562777,131.027050708354,147.088478565662,25.360082511321,20816.7776843455,9885.95606928807,6946.440734478,1513.53916180882,232.010631188584,6691.84885666976,10.1440330045284,664.167068787182,26.5613133845301,8610.55525276802,167.242998070005,17456.0132237033,3942.35592439246,1234.01220610006,1574.08114769711,4926.95940780352,4774.36449509967,1551.63622971114,1217.22974982479,5868.61176920697,323.607668387596,5589.69021858091,52.5218785258887,25.9606979479256,7593.7826688,9090.06338171722,3193.76620943062,10778.6972287205,101.440330045284,455.169980979504,8469.79418003212,437.605893549095,152.761231298789,6443.6472747666,2204.99183423205,6645.19306541998,43420.9915689963,3086.58934954756,2486.78222790374,192.002465144721,1340.58638429518,1254.05534994282,701.606842730693,173.883326416137,3292.4961472603,53.1226267690602,1792.35515510614,107.763635542353,1015.40318006515,4862.50815089097,66.7176473543449,140.081322849695,621.187787353435,3079.71294921049,0,9065.00085980192,679.315614799618,1094.08749420726,915.365570966695,557.057728270512,473.913064271574,2172.62391942991,1542.49225678649,4320.28734164038,26.5613133845301,420.309854198554,4472.76678250792,63.4002062783025,16452.1614228467,215.560701346229,355.641770595099,176.786415637929,8438.9534335601,4968.17039892683,89923.5520329145,36640.6587169363,4206.85067341502,10526.129347325,832.543927042606,1040.09691139749,4463.93835411169,5757.48828885634,19185.7224544795,22294.4737690645,211.773296323968,1831.13025528407,466.875786829102,50.720165022642,17139.5296100213,3583.77765646888,13019.919957777,9972.17739228056,9053.54400938472,165.441151760191,405.761446981549,283.16508888035,905.341184408313,29761.8340237121,1724.81763105816,2633.6978782883,409.297895713798,779.95544117551,956.875014366653,318.012784548224,1791.52172943944,2447.97937360693,8629.67715481908,215.560701346229,2145.03225659909,4161.37483657574,205.917123899769,262.890521496838,632.667047997257,6816.69690505192,2297.06476960325,1819.58420101424,750.991277093062,948.399281167224,327.928020322318,2707.4225059165,11899.4922537932,647.88308131107,5036.90864064022,266.881608605888,619.453184930999,525.79908633486,0,76.080247533963,5786.10064163276,561.525381068277,482.442177145549,2739.6875663745,1852.65255492923,1516.73316370028,7837.49641267947,13422.1839446544,6107.30367047819,2990.95316762252,2506.83235745911,10848.1230853641,1653.4187829219,20489.1273553401,1532.99749730601,22540.2448646675,26847.3861784635,25.360082511321,3844.65264790534,2506.07471658624,4442.1546326765,88.7604155900361,4977.11302659674,67939.4588812572,405.761066580311,101.440330045284,39.8419700767951,2181.90011810593,6448.25154485458,3233.79729791495,2789.80687437202,1791.9553198748,1744.80586599009,15349.5841634197,37413.0334300767,650.885391685463,8214.96966714977,7790.15455880503,0,2114.36246125139,4829.52361837594,780.689521433308,145.547845068848,347.760409146212,452.221145515154,730.783638571903,520.227208135592,370.724273597177,89.9615196628326,128.001643429814,76.080247533963,780.689521433308,1512.99485049933,1048.77260850707,178.121193015852,383.404055245858,2548.25275810244,0,1525.20838369191,140.681823498196,124.83177192862,124.779936665252,257.423147314377,25.9606979479256,12.6799144552479,8.45327630349863,12.6800412556605,50.7200382222294,0,102.040818681476,76.080247533963,13.280656692265,50.720165022642,38.0401237669815,215.560574545816,166.953918799667,228.841358038494,0,0,760.802094938392,50.720165022642,317.60177362853,63.4004598791276,0,114.721113537962,13.280656692265,51.3207804592465,0,431.12152949287,431.12152949287,12.6800412556605,228.240869402302,13.280656692265,50.720165022642,0,53.1226267690602,0,64.9274040831138,0,25.360082511321,0,0,0,0,0,0,0,0,0,0
"I38","98","8 weeks",8,"TDP43","Male","Male TDP43",2653.56198769982,1357.84661044153,68.4748519425106,64.7210304676459,5061.11544042515,0,41.1632005102661,33190.730565285,293.573482853965,299.345795647976,162.548176451115,89.9116571698968,520.879159674312,14941.7114404092,11258.8421396018,6691.19170172882,3096.75667123016,258.755443959414,2711.63135639646,179.550905083308,611.226175787701,0,14825.9144653065,398.684201785902,17159.3925186017,4427.69906621643,2815.04485406208,1033.4681945833,5089.86236196232,1877.12875529372,1768.70520186585,2577.84430680903,8328.83746779777,729.0153255746,2020.34290674289,27.4421336735107,52.2947315362675,8302.10298334567,14491.2142158237,3432.55215588307,10495.89488691,117.015762003913,819.333930844972,7306.51530558681,381.199999241979,381.078955496005,6697.03498674098,2783.27264962362,7349.39942170407,33368.1799012464,4766.45956844985,1762.87494098634,251.636894560713,2959.73807244471,2060.21146361077,1435.26344951302,288.742085138604,2053.1652935867,0,190.278787686807,97.8577447759955,276.48949242347,3722.93038714446,97.5913641749318,270.0161758439,81.0316331151552,2781.70952925572,0,7353.11938999562,943.373121392114,2274.04743404465,2178.52133336208,1644.81390478568,1484.7342157887,3496.99555704697,1217.7945358133,3381.3000603286,0,592.845818850734,3288.70305873261,39.8684326048891,13541.4968221068,477.899798188599,349.752518106363,208.918236083875,6328.76834263729,5320.34196149454,105054.216749277,38435.3140708156,3811.42740895413,10233.2462611099,634.78401869276,1629.67805152459,5224.93865466639,10579.4855358225,18262.5210575066,21927.8893617078,423.496848876728,1815.29976902723,775.397398319957,50.9999636308906,14473.8823117547,2699.13114646995,13659.1390010872,10133.8293066603,11563.6185790226,184.326452545303,397.389433880525,206.589390334316,859.24037832512,18661.0917034156,1077.0914556245,2012.23966585425,75.8525614936474,654.28137393443,315.836544905968,446.726112675447,1100.93114477062,860.27353453766,5911.5667651434,285.550043521889,3155.18240257618,1751.60895128104,314.67340341397,351.223608876049,1119.37625371889,5077.17199839364,1017.48562511244,652.389500560956,286.326255544094,170.605261445558,510.969824236031,3291.12490362988,11470.9487096687,690.96291673449,4138.52195053776,130.736704577679,666.214980632858,456.931529937331,38.5736646995122,93.4579320465336,6259.59653543706,805.136985108707,327.488808844056,2465.62072816318,2635.70448522335,2205.69346031116,7604.4198152758,23101.5822442843,3984.74037519815,3734.41563923937,3207.25888520613,11299.5110112095,1800.80429440822,34301.4346367533,1637.54878920492,20550.9660497172,24652.9012385137,75.8525614936474,4303.09846120587,2772.39428346815,3864.22734216651,186.916112619046,4028.34588988268,63619.045545414,571.618844876012,343.80005870187,26.1473657681338,2211.39428484403,4965.18562892562,2556.96163206793,2141.49460733456,1321.58407935516,1571.25788699785,13451.3115131407,36498.6207195954,1406.77816985808,7552.30637879692,7575.24814345244,66.0157983730229,2357.66860297056,3592.15121702726,1799.51200402875,229.125564038361,550.329346024401,737.614109191071,1339.58276513807,1242.26937400624,245.163055033828,39.8684326048891,266.652729302845,37.2788967941352,1799.51200402875,1680.67893678713,2062.79971794859,117.015762003913,389.621846447536,2468.59108675636,0,2058.39520426769,213.836493381197,195.492915161686,327.02578057839,375.068555866791,26.1473657681338,26.1472415051444,22.0051832823481,12.4261746683891,37.2788967941352,26.1473657681338,67.3107034890682,79.7368652097782,12.4262989313784,26.1473657681338,144.457895677424,288.915667091859,261.47492611644,216.822768345139,26.1473657681338,26.1473657681338,1024.92646084171,75.8525614936474,438.628399168604,132.031708061356,12.4262989313784,184.326191071645,104.589476020214,24.8525978627568,26.1471042944761,483.078758494797,317.652954407394,64.7210304676459,148.342323656544,0,13.7210668367554,27.4421336735107,0,54.8842673470214,0,0,0,0,0,27.4421336735107,0,0,13.7210668367554,0,0,0,0
"I39","99","8 weeks",8,"WT","Male","Male WT",333.673362254328,392.938043247681,138.74739099013,147.544134470795,5318.47445563568,29.0150749786372,0,16596.1507109334,750.201548289194,73.7720672353974,179.399282590405,324.751314926612,0,27762.8288330611,8443.16100671778,2182.76653884212,2743.23206757557,562.523953090039,9530.07330925123,121.863314910276,309.597572023003,0,14062.6953018845,396.640589968796,23692.6598596889,3981.23090387163,2901.99311025658,2550.43738347216,3817.45829429153,8280.48561747152,2279.52736416647,2354.7424638589,4005.0186019386,3178.99512990225,8371.75003645775,0,14.5075374893186,8727.14578378713,15917.2324866943,1948.01832181492,4071.28434784413,14.5075374893186,1909.61751632565,14626.4868474534,396.418884378206,102.169952319632,1756.13110520503,3078.08320281291,10023.9871043563,56226.7042075407,4269.19095572772,2399.91007714992,205.574284428069,2625.7709740827,2056.36225350901,1071.39373828565,1456.89357081453,3890.60154307844,14.5075374893186,1906.96433002109,229.13637204099,1925.79219677123,3294.95103785141,667.221728674353,1510.01544142774,131.18502729827,772.602481224924,58.6473398516766,7165.34515130169,3886.00142406279,1969.31480306728,2132.60173761225,1932.51826951805,1299.19945878337,1864.70291011917,2549.76867372472,6695.67178757347,29.0150749786372,281.630669266928,5622.83518663723,72.537687446593,8408.52094525609,160.199957201532,603.449695583694,544.185613407538,5483.79644725928,5414.81633476646,93544.0600667831,17513.3314961369,5047.91636641448,12434.9742036386,1632.47895236801,1497.97621594611,2884.83077506959,11146.280667315,11956.0340308778,29362.6765456655,98.5430679473028,1859.73828803598,474.039686651898,0,17831.3828352035,3634.90099350969,5722.16924765466,10357.5346684333,8623.5383444199,545.419545626419,921.998040303551,337.376936846866,1378.52138395615,44017.5789097261,3065.55669837067,3396.8462563451,191.683936833153,1236.12640475687,1387.06001829933,588.942013019,2930.29317628963,3170.66078178812,8289.69271814863,160.81699584866,6733.20565798212,5584.25010956182,397.315474861647,510.032484117332,445.359969913353,8351.50077128709,5269.31133318207,2235.28628151823,1264.31235123026,1231.59413688521,207.683364431564,2097.32297371784,17562.1042022183,645.120883443818,4248.53715960122,233.972169512304,365.157196810574,278.420863144512,0,131.18502729827,3665.40656574962,998.239157267307,396.641472764844,3933.07446803072,3642.3068246726,2332.61885578463,6068.34895011968,19322.164155384,7399.13483964536,1854.80075653696,4482.82878202417,5790.03881909358,1617.12535290037,23751.2027302298,3780.31535168077,19956.9203623064,28830.5583532885,29.0150749786372,1137.75982311087,713.337951478846,1061.51669276607,177.176544419209,3504.94945086038,45109.1827080579,256.041780542734,278.729161769065,0,1111.21409418324,2438.85692767295,4539.69416179278,1731.02216539069,307.384853496237,467.327294205581,17159.4872735897,20748.2620828176,2377.9929918291,3732.85386655574,2013.09894839632,14.5075374893186,3568.53490251258,1625.14892862927,1221.80266315231,195.297371177711,778.566856808601,657.456889737729,1556.27694672355,1170.07431495062,411.765613675166,145.692564787588,498.810983686452,44.1395060397093,1223.41459564274,2013.45476284882,1703.85910149328,279.346351663467,997.622560018202,1312.46673132833,0,1970.54919519989,544.18531091299,494.901116132116,79.9971902706524,534.257357177768,14.5075374893186,485.538122308587,376.88638566656,0,73.7719221600226,58.6473398516766,279.346944308764,29.6322648730394,29.6322648730394,0,250.948466579232,322.869405529446,622.176834758448,334.995398589483,0,14.5075374893186,966.138725461956,131.802217192672,186.467609734194,132.419400915175,14.5075374893186,102.787142214035,29.6322648730394,0,14.5075374893186,441.397582225557,337.376646696116,14.5075374893186,147.544285718069,14.5075374893186,176.558913126783,0,0,58.6473398516766,0,0,0,0,0,0,0,0,0,0,0,21.761161158603,29.0150749786372
"I40","101","8 weeks",8,"TDP43","Male","Male TDP43",1733.83143165004,680.841165356297,73.6369363459896,203.492679753345,6228.50355798665,11.3818832038267,22.7637664076533,24271.2362293682,226.601750639882,93.8476876169033,228.440993031349,48.2003513768215,271.438674497421,16358.3826788003,11234.8943856385,4897.71310671508,3715.17323185149,304.743565236245,3354.56396436763,130.545957452256,1283.04040794541,0,14876.341377192,419.057965487116,17087.4857801102,3659.7719594732,3211.93476428822,1305.46414620176,4995.4181377837,2060.54653444942,1711.75787928728,3117.36771365282,7152.06268131791,2102.70672233775,2465.03444598238,45.5275328153066,39.4912867345096,9863.42264330953,17212.5722777457,3404.71759611301,7635.54779168366,85.0188195498162,827.711872262536,7585.65403040461,762.3401172285,436.475753315244,4524.39182771318,2787.51146361944,8108.97087170453,37907.099708206,4794.0070377604,2503.91493164897,350.766552445324,3268.57427225315,2227.90648047891,1417.21041499736,358.183788803992,2789.18492843376,0,392.329666053136,115.370432214133,221.601417995736,3108.5341981199,133.994295007668,713.605938508739,119.164469161296,2540.30035313976,101.746339876673,6409.3463300671,1458.36865124179,3158.27996228579,2912.71262723077,1612.23449261947,1512.34597692817,3456.02890692742,1376.16764190582,4629.81642473512,39.4912867345096,921.723538707397,4082.68034817697,73.6369363459896,9661.72190574683,345.420915322295,402.330331341428,252.211777674227,5214.0448807591,5511.08038681197,106835.884400773,31078.8580416883,4395.44325372623,10372.4905236826,803.970395181585,1864.41065654662,5494.94596701736,13475.4719633185,14460.2907895395,26365.8272148914,281.705696861813,1110.59029127064,794.738717159684,11.3818832038267,15167.4971482659,2663.00152461032,10290.9664389342,8898.0486984632,10533.4771233477,322.656640182942,1048.33489667198,406.98535950669,1317.15223150625,24004.4146438035,1644.15797884783,2548.59918159699,50.8731699383363,741.919884120055,549.604204033407,784.22367398847,1482.14533815665,773.277448902446,6000.13271317914,311.966550675485,4737.0908310331,2564.82005165447,161.65690900147,649.71501144964,1107.34202100272,5984.19210572581,2064.95719542411,697.568571864322,267.128950811043,261.783313688013,552.072049175466,4575.66796639528,12830.1100738749,1109.89940121884,3692.5378104515,238.328938322592,614.928403839002,1045.48925859582,0,168.140506807219,6748.02860038724,844.842558375133,571.678037490196,3072.74920612924,2791.17348029325,2872.01118084796,7752.76957280202,23516.4458374215,4268.35910677544,3004.45931928255,5526.08053744042,8341.84554335835,3331.45429323738,36523.6266795748,1899.90584318687,18469.0833520311,29226.0527417277,107.78258595747,3205.66612319735,1646.57000805372,2924.52542267561,463.895056619859,3337.80644388582,55922.0294590567,885.970522596842,198.837651588083,34.14564961148,1276.66283515588,3675.52519898219,4143.25280770756,1501.53811685771,667.992364375071,745.308575329729,13414.8604733241,30067.7186667785,1630.01106269806,6152.73731772261,4957.44621015182,50.8731699383363,3205.18894065429,3080.34112965415,1587.24873700999,190.128700764603,749.337067803091,788.329584276749,1785.44327562723,1591.32297293226,237.638329364825,62.2550531421629,464.585384483591,85.0189333686483,1587.24873700999,1767.28714831065,2108.05156963505,170.0375252808,809.315911579692,2421.48220592075,0,3768.75890519039,407.675459732758,392.4996534006,382.210676363555,320.013713491763,0,56.9094160191333,56.9094160191333,11.3818832038267,34.145535792648,11.3818832038267,141.928349387782,62.2550531421629,0,39.4912867345096,226.947055118766,487.349431985279,574.294560122972,285.117671226965,0,11.3818832038267,1731.06899581897,0,545.391514286736,186.765159426489,0,170.038315106535,0,11.3817693849946,22.7637664076533,939.861762119206,922.443800109785,73.6370501648216,243.674970358489,0,68.2911854041279,0,11.3818832038267,0,0,0,11.3818832038267,11.3818832038267,0,0,0,0,0,11.3818832038267,0,5.69094160191333,0
"L13","73","10 weeks",10,"WT","Female","Female WT",2529.15824653244,890.953760614637,28.7404346196868,57.4808692393736,6710.6391426809,0,287.404346196868,25953.6617748451,114.961738478747,0,35.9255432746085,205.972923171525,86.2213038590604,21846.7671924086,10314.3240656613,5527.7432086473,2188.9807142869,365.962013164589,8781.72716896654,0,316.144780816555,0,10776.5685466322,517.327823154362,21783.3683802767,3535.07345822147,3581.05700399559,2112.42194454698,4249.75149935276,5824.72789132029,2213.01432792892,3156.79559401366,6882.85527577422,517.327823154362,5690.60519248495,86.2213038590604,28.7404346196868,9258.4622896684,14925.3520251226,2759.08086127689,8146.47590554588,0,431.106231890956,11898.540507359,229.923189553148,229.923764361841,4866.71407460754,2184.27331850054,10181.2983892154,41456.7778712534,4556.11188660739,2502.81303973396,172.442607718121,1904.77287922843,1666.94549534618,1322.05970510125,0,3628.68593965168,0,1264.57912326622,16.4234339590738,1264.57912326622,3575.78859492546,35.9255432746085,114.961738478747,488.587388534676,2011.83042337808,0,8485.61303405818,411.946133747395,2442.93694267338,2155.53202166782,1587.9090127377,1327.73967719514,2155.53202166782,1781.90694642058,6610.30024993231,28.7404346196868,632.289561633109,6328.71124327639,28.7404346196868,11996.735363685,373.625650055928,488.587388534676,129.331955788591,6575.81115357999,4282.32504573768,95319.8144213007,29033.1079497625,5015.95884052238,12651.6973919765,661.029996252796,1135.24688007328,4670.3206256991,11001.3572575406,15778.4988936124,21244.6599730001,289.799286613726,2845.30273994465,342.489987615037,28.7404346196868,15235.782632728,3793.73736979866,10548.6066043375,10672.2812929756,10478.7610253161,172.442607718121,143.702173098434,114.961738478747,870.834881572164,28406.7728313739,2299.23534438364,2910.85938390781,114.961738478747,822.934348808917,603.549127013423,747.250725303164,2279.59499357758,3190.18824278523,6717.05027143152,229.923189553148,1961.05555974851,5131.89430492604,354.465264508022,201.183042337808,680.190094396357,5585.35197282073,2184.2730310962,1494.50260022371,833.472603970917,661.029996252796,524.991747450048,1644.91135374065,16841.8946871365,201.183329742154,4727.80149493848,258.664198981527,287.404346196868,247.167737729306,0,86.2210164547142,4023.6605593518,546.068545178395,373.625362651582,3276.40954664429,1954.34869192566,2007.03996773567,7709.62244894402,17815.0659216633,6380.37648557047,2902.78332177967,2644.12170943726,8147.91321468121,469.427577795461,31382.796264908,908.060929513313,20195.9036946583,27481.2624343856,57.4808692393736,2760.99727345733,1810.64766844461,3183.07153636471,86.2213038590604,3592.5546148652,59621.0736998544,402.366084675615,143.702173098434,258.663911577181,1523.24418446078,3860.79771330112,4588.88862786507,2356.71563881432,816.707158839869,943.644461615947,12664.4707907389,32609.8553255869,1207.09652960077,6380.37648557047,4277.53430269092,57.4808692393736,3276.40954664429,3276.40954664429,1475.34192727146,215.552972243305,977.174489665005,502.957605844519,1363.69884677825,1143.90436119377,172.442320313775,57.4808692393736,316.144780816555,28.7404346196868,1475.34192727146,1896.86925970802,2730.34215108328,201.183042337808,833.472316566571,1523.24274743905,28.7404346196868,3535.07288341278,229.923476957494,201.183042337808,229.923476957494,287.40492100556,0,0,0,0,0,114.961738478747,28.7404346196868,28.7404346196868,0,57.4808692393736,143.702173098434,28.7404346196868,0,597.800752685139,0,0,0,114.961738478747,196.393448908437,0,0,114.961451074401,86.2213038590604,0,28.7404346196868,114.962025883093,0,57.4808692393736,0,0,229.923764361841,57.4808692393736,86.2213038590604,0,28.7401472153406,0,28.7410094283792,0,0,0,0,0,0,28.7404346196868,0,0,0
"L14","74","10 weeks",10,"TDP43","Female","Female TDP43",3555.24965976848,2013.01800177614,48.7020523576528,48.7020523576528,5318.02872420262,0,162.340174525509,42075.70647187,223.217739972575,16.2340174525509,56.8190610839282,74.6764802817342,202.925218156887,15423.8234214233,9514.45762429757,7987.94812518751,2650.16649790932,327.77260469538,5235.90358969313,16.2340174525509,470.786506123977,0,8285.79948763574,470.786343783802,14678.1396418281,4058.5045254779,2781.0418998083,1712.68884124412,5871.34102038681,3284.68281045274,1493.52928095434,2838.32363038962,6854.96809250542,340.914366503569,3279.27185009563,16.2340174525509,16.2340174525509,9537.7966218284,10169.2398348681,4318.24880471872,12403.4078498138,32.4680349051018,779.233000062619,8198.18011225961,168.021918293727,227.276406675887,7029.32955695455,1720.80617465075,7014.44832017632,35545.3544417065,3560.93091651617,1833.63292062632,178.57419197806,2392.48848440987,1769.50773998788,892.870635209952,64.9360698102037,1904.01810073465,32.4680349051018,551.956593386731,48.7020523576528,762.998820269893,4372.36165509331,132.964395264769,308.446656278816,227.276244335713,3620.18589191885,0,7865.11148405068,579.012856233851,1704.57134549732,2159.12448352945,1538.08305483234,1449.39385770609,1769.50806466822,1314.95525131645,4285.78012045292,0,373.382401408671,4860.63852928049,122.914564420593,19430.9591324966,308.446331598467,373.382401408671,48.7022146978273,9272.60014782615,4756.56711359742,99247.0212211523,44260.1539122032,3642.14110180203,7496.68906199429,589.835750989117,718.355434615553,5284.17316782585,10153.2697825393,20885.0636150469,17410.4020530155,223.217739972575,1720.80552529005,361.206725979083,48.7020523576528,15307.3266511222,2240.2939214315,14772.8773091769,10649.5152865332,10269.6389534632,81.1699249225801,64.9360698102037,64.9360698102037,569.002798732433,20931.0562098918,1485.41259690841,1963.62064645099,97.4041047153055,859.320927721986,438.318471218875,607.422549115989,1255.1596831326,2004.90115539004,7257.61068697057,81.1700872627546,2026.27567446894,3061.73893835459,129.872139620407,147.729558818213,641.243689375761,4287.53469305919,1260.84207626151,941.573012247953,600.658645744384,389.616418861222,239.72237849606,1943.21172673017,11367.8703964684,162.340499205858,4448.12061965878,32.4680349051018,711.050126761905,146.106157072958,0,81.1699249225801,5162.41738757102,568.190610839282,146.105994732784,2824.71871206351,1452.94391264261,1461.06173306976,9198.59965203114,14784.9573662437,4561.75890416681,3847.46164923404,1558.46486374402,12678.7673057619,860.403412005722,24201.3102256327,1222.18936772751,23998.9038466736,22004.6293167678,32.4680349051018,3777.38524013767,3003.29322872192,4287.21049973066,32.4683595854509,3863.69647838747,69825.2128390282,373.382563748846,308.446331598467,113.638122167856,2386.40105254551,6076.93413697185,3047.93677671643,2743.54911182128,1551.70144739293,1810.09278361925,14985.0809176686,40448.1361556135,1250.01966852677,8474.15646087088,8593.20667977707,32.4680349051018,2207.82637354692,4107.20609081503,1168.84990594436,182.516623116412,741.198969933735,569.814012584537,1503.37927104367,1109.23437301406,194.80853411096,16.2340174525509,211.042226883162,0,1168.84990594436,1428.59369816466,1688.33732804477,113.638122167856,422.083317385102,2564.97475750305,0,2061.72021647397,146.106157072958,146.106157072958,113.638122167856,211.042226883162,16.2340174525509,0,0,0,48.7020523576528,48.7020523576528,16.2330434115038,0,0,0,0,81.1699249225801,73.0530785364791,167.055507234777,16.2340174525509,0,0,64.9360698102037,259.744279240815,0,0,129.872139620407,16.2340174525509,16.2340174525509,32.4678725649273,48.7020523576528,0,48.7023770380018,0,16.2340174525509,16.2340174525509,32.4680349051018,97.4041047153055,0,0,0,0,32.4680349051018,0,0,0,0,0,0,0,0,0
"L15","75","10 weeks",10,"TDP43","Female","Female TDP43",3022.54763946453,1448.82460807594,74.9392038659968,74.9392038659968,6756.23859773316,0,0,32032.2286257941,99.9189384879958,24.9797346219989,9.3674004832496,116.571928371098,0,17166.6688993137,9842.78931324617,5878.56363151661,2235.64453251209,301.005802195087,5724.34824225954,0,724.412304037969,0,10148.2130313065,399.675753951983,17447.3329542141,3597.08078637846,3838.73074235414,1448.82460807594,4640.877982157,3509.65271439085,1848.50061182527,3357.69299517015,6662.51038687653,524.574427061978,3896.83810143714,0,0,9915.77685044615,15598.6644785721,3547.12131713446,9906.96275108478,24.9797346219989,374.69626912733,9692.13753293028,24.9797346219989,274.776831044642,5528.84809620066,1798.54064298658,9123.84757109042,36877.3831339721,4016.56347150692,1860.99022933892,149.878407731994,2202.11198655286,2373.07503888725,1348.90616918264,133.225168051546,2960.69356998557,0,924.250181013961,99.9189384879958,499.594692439979,4090.43154435233,74.9392038659968,149.877908137301,74.9392038659968,2672.83160455389,0,7173.64471752249,549.555160873362,2772.75029324454,2797.73027766388,1860.67298670922,1598.20566929161,1848.50036202792,1323.92593496594,4796.1090474238,0,549.554161683977,5565.96023813122,74.9392038659968,12640.5782932864,349.715785113293,574.533896305976,0,6506.80470665192,4970.9666901831,95421.0312675557,36027.0207597939,3415.97870955836,13001.9513711558,612.003498238974,1005.43406873811,5737.01221832086,12563.0509391162,20358.4839667265,17788.5461372567,187.348009664992,3122.46732734456,262.287463328335,149.878157934647,15407.0831532808,2597.8919010932,11582.5274111352,10874.5108057137,10763.5890435168,149.878407731994,74.9397034606893,99.9189384879958,1010.42976586516,23790.2278863995,1686.13258657962,2883.55315190468,0,1030.82996573891,674.452834793971,899.270446391962,1638.67034140578,1948.41930051592,6725.58571558116,174.858641948685,2186.97576615601,3561.32154687503,83.2656988075477,124.898423312648,761.881905970968,4559.32364496841,970.04627788851,1573.72328118593,374.696019329984,549.554161683977,324.736550085986,1677.80609163807,13326.6876714444,99.9189384879958,4821.08853224845,274.776831044642,624.493115752627,174.858641948685,0,108.2451836322,4945.98720535844,349.716034910639,24.9802342166914,3297.32521990121,2535.4425645382,1823.52012781123,8880.29340994451,18132.1044177857,6169.99445163374,3672.02048983915,3272.34548527921,10472.7532406784,349.716034910639,30292.0916015432,1113.52987355727,20524.4200972655,28225.1671909938,24.9797346219989,3424.72161667605,2131.60368801411,3164.48623854692,99.9186886906496,4171.61593167117,62132.5098378794,474.61495781798,324.736550085986,324.736550085986,1935.92993279961,4471.37274713516,4449.72231154358,2572.91241626854,1078.29171131806,1469.64097032849,13586.0607491344,36563.9081976458,924.252429190077,7219.14230656831,6590.48656783827,24.9797346219989,3297.32497010386,3372.26467356455,1199.02676226126,324.438791649292,927.997141207261,1095.65837221931,1966.14317162226,1454.89093662889,299.756815463987,49.9594692439979,224.81761159799,24.9797346219989,1199.02676226126,1998.37926935461,3022.54738966718,374.696019329984,299.75731505868,1948.41930051592,24.9797346219989,3746.95994350249,374.696019329984,374.696019329984,174.858142353993,249.797346219989,0,0,0,0,24.9794848246527,124.898673109995,74.939453663343,24.9797346219989,74.9392038659968,0,0,199.837627178645,12.4898673109995,245.396166776939,24.9797346219989,99.9189384879958,0,99.9189384879958,145.715534957238,0,24.9797346219989,274.776831044642,24.9797346219989,49.9592194466517,0,24.9794848246527,0,49.9594692439979,0,24.9797346219989,0,0,0,0,0,6.24493365549974,0,0,0,0,0,0,74.9392038659968,0,0,0,0
"L49","76","10 weeks",10,"TDP43","Female","Female TDP43",4437.6092463146,2212.10141999396,13.406674460165,53.6266978406598,4588.13348821657,0,13.406674460165,44612.3157879994,63.6815696190389,80.4400467609897,46.3647044858223,51.3923414751287,254.726814743134,20029.5391993342,10089.3836419747,7525.16624042384,1539.52703948319,281.85937658236,7130.65889049088,26.8133489203299,388.793559344784,40.2200233804949,6339.99449933264,254.726814743134,15865.9375766377,4316.94877397288,1081.47218667579,1756.27408614812,5698.95409188636,5822.96569657614,1447.92070763107,1307.78891757039,6372.57499740549,281.540163663464,6462.01695573276,13.406674460165,40.2200233804949,8145.58034514641,6252.80834805003,4585.08266537641,11868.705276254,13.406674460165,268.133355136554,8446.20490990392,98.5389232154678,53.6266978406598,7744.58899117753,1313.85382896268,6780.42560822842,40777.4200822511,2195.72610560808,2183.05344657461,93.8467212211546,1387.01606249296,1260.22632672155,683.740129334923,55.8610542061909,2674.28070213228,120.660070141485,1501.54753953847,151.622516673746,1045.72060789287,5160.452354914,46.9232265438327,80.4397786275005,268.133489203299,4115.84932740413,13.406674460165,8777.12614574,254.726814743134,898.247322897796,1179.78735249452,799.708265615584,647.020052388999,1273.63393964893,1635.61428414012,4102.44251887722,26.8133489203299,375.386884884619,4928.1975397675,40.2200233804949,19848.581672341,80.4399126942451,187.693442442309,40.2200233804949,9286.35668816325,4532.57314571852,88537.6640579211,43080.1128147738,3560.46174988244,7276.54683623104,817.807008003317,579.168336679126,4949.2972321664,5248.84014642846,21390.3486989929,17607.113468209,203.33460733475,1742.8675457547,252.492458377603,26.8133489203299,17272.8401615576,2654.5216771794,15292.6570491812,11610.1798143694,9615.2669228303,26.8132148535853,120.659802007995,120.660070141485,619.165675196837,29963.5715262676,1923.85765096693,1565.9420761053,147.473419061814,723.864160926283,670.333723008247,287.125920510547,2616.75949942769,2842.21498555497,8150.73159167424,40.2200233804949,1451.04928918309,4006.98351098549,80.4400467609897,168.030275211819,373.152528519088,5429.12291549617,2462.35925387254,1997.59449456458,1273.63407371567,844.620490990392,317.067985049646,1866.94296621491,11647.0495098023,107.25339568132,4786.18278227889,120.659802007995,737.366961242328,144.792218236526,0,129.597763737098,4973.87609065445,402.200233804949,67.0331041673356,2855.62166001513,1320.55743432625,1327.26090562307,7629.51467788313,10340.6737897867,5697.8366455701,3458.9221447893,898.24625036384,12669.3070967224,616.706891100843,16344.2257825403,821.955971548505,25490.0141593225,22073.2900586635,0,3884.3603015028,3083.53512583794,4518.36850599448,80.4399126942451,5309.04254995834,72315.043382005,174.286767982144,67.0333723008248,40.2200233804949,2051.22172867222,6450.84503983836,3267.87609526474,3847.71557006734,1500.43036135571,1577.51860543491,16398.3725252833,42636.1298756133,482.640414632683,8077.52149631613,9663.97779534666,0,2037.81451794507,4799.5895908058,804.400199476408,84.9088935587965,429.013582725278,330.698014706317,803.889405179475,685.415963642444,147.47328499507,26.8133489203299,40.2200233804949,80.4400467609897,804.400199476408,1514.95434806538,1005.50125484609,93.8467212211546,241.319738082735,2587.48803674509,187.693442442309,858.026763250323,120.660070141485,107.25339568132,96.2843227715018,279.102964313351,0,0,0,0,0,26.8133489203299,26.8136170538191,107.253261614575,26.8133489203299,0,40.2200233804949,40.220291513984,6.70333723008248,93.84658715441,26.8133489203299,0,0,67.0332382340801,212.591647916005,0,0,120.65993607474,26.8133489203299,0,0,67.0333723008248,0,93.84658715441,0,13.406674460165,0,0,0,0,26.8134829870745,0,13.406674460165,0,0,0,0,0,0,0,0,0,0
"L16","78","10 weeks",10,"WT","Male","Male WT",2490.32604632441,953.741890081689,52.9856605600938,79.4784908401408,4676.74197444599,26.4928302800469,238.435472520422,30881.1991215361,72.855283270129,0,26.4928302800469,92.7249059801642,0,19080.8000130883,9591.72946781929,6137.50471014043,2779.36255975142,350.935686734825,5730.20976583765,0,787.216436647004,0,12296.2940250561,662.320757001173,20667.7157781537,4503.78061775137,2539.94950179366,1351.13381442579,5296.86256702238,3978.33983710151,1536.58442117102,2130.21191853906,6952.22308897284,291.421133080516,4371.31646635114,26.4928302800469,0,7841.81656445594,10424.7596909413,3444.06714162119,9337.39750234593,0,423.884754624145,10358.697169355,185.449811960328,476.870945040845,6283.21607146559,2357.86136506757,10323.3721593161,38931.688318191,4090.61963096798,2201.11256079113,238.435472520422,2698.73666443185,1907.48378016338,1245.1624933056,311.290755790551,2900.77549192864,26.4928302800469,874.263399241548,66.2320757001173,900.756229521595,4781.95560062017,211.941847455467,105.971321120188,423.885284480751,2304.87623436408,0,7578.27410160742,569.596645805917,1775.01883397824,1986.96200607522,1651.97553302559,1304.54564252172,3126.15397304554,1483.59849568263,4954.15926236877,52.9856605600938,238.43520759212,5360.76115423143,52.9856605600938,12305.9191352252,52.9856605600938,317.913963360563,185.450076888631,6162.23205821061,3920.93888144694,96450.3174419406,38602.6982323469,4915.30408269515,14487.4770730583,529.856605600938,1351.1346092107,4808.44896075682,10396.4160715379,18386.0239494243,20437.3251184761,429.404535812993,1854.49758974668,653.489901883925,46.3624529900821,17392.546787847,3682.50261414161,12000.6631812441,10912.8376330472,11818.4513230006,105.971321120188,211.942642240375,132.464151400235,827.903065677889,23657.2454306601,1828.00581917984,2328.59394067229,79.4784908401408,951.975878015221,821.277738681455,604.919536418304,1196.59265769658,2172.41208296385,5569.48624223429,181.034781794159,2708.89136627819,3413.12801963524,476.870945040845,148.359849568263,746.214542935786,6471.46458601671,1695.541137923,1483.59849568263,450.378114760798,423.885284480751,631.854002179119,1602.81702672775,14094.185708985,158.956716751979,3867.95269103024,158.956716751979,582.842266161032,132.464151400235,0,79.4790206967464,5457.52303768967,450.378114760798,238.436002377028,2543.3114419562,2410.84702562766,1801.51245904319,6550.35387631142,20209.9602049448,6358.27926721126,3205.63246388568,2013.45536621187,9749.36101320066,397.392189272401,30009.7508504401,1089.99054228743,22030.9962903346,26438.2661766587,0,4261.81338602632,2225.39800845224,3844.23577950694,26.4925653517441,4079.89586312723,61469.9862781392,291.420868152213,52.9856605600938,211.942642240375,2145.92031239701,5395.70652201232,3994.23474048463,2543.3117068845,1022.18161332904,1046.46626620525,15591.0292951661,33690.0505857439,556.347846311168,7444.48451390828,6201.52993307822,26.4928302800469,2066.44076184366,3682.50340892652,980.234720361736,151.009132596267,736.500151928699,569.595851021009,1395.99995236165,1417.89707137302,238.435472520422,52.9856605600938,158.956981680282,0,980.234720361736,2066.44076184366,2825.90198484777,105.971321120188,397.392454200704,1960.46970565178,0,2013.45536621187,105.971850976793,105.971850976793,52.9856605600938,476.870945040845,26.4928302800469,79.4784908401408,52.9856605600938,0,26.4928302800469,132.464151400235,52.9846008468826,0,0,0,26.4928302800469,168.891793035299,0,181.034516865856,0,26.4928302800469,0,52.9856605600938,158.956981680282,0,0,264.927508015561,0,0,0,52.9861904166995,0,79.4784908401408,0,26.4928302800469,79.478225911838,0,132.464151400235,0,26.4925653517441,6.62320757001173,26.4928302800469,0,0,0,0,0,0,0,26.4928302800469,0,0
"I46","79","10 weeks",10,"TDP43","Male","Male TDP43",3771.44798341064,1936.74792962816,26.7248512002644,53.0615907740388,5647.60501646925,0,171.965030482514,38733.3922744662,115.613543638397,46.9911076109609,49.5522837257383,66.618072187416,80.1745536007932,20917.4680898808,10298.9966486405,7052.87664485838,1863.25545400372,297.863319614689,6911.67988882662,10.6899404801058,583.870764225485,0,7995.50974945872,306.753489679608,17101.7106654331,4247.25673148702,2217.84698418452,1610.04303971004,5211.52503004501,5630.7623458166,1483.78384991638,1738.61419330195,6671.11163489077,226.190956136022,6185.14854335021,105.929125734833,92.1785885082104,8696.58723918615,8124.61871069402,4065.03336861132,10873.6076955961,13.3624256001322,518.611868951855,10249.5636187262,110.268573398344,120.067908212201,6286.94323133103,2200.70694837405,8416.83946814071,43514.7682518699,2871.91934448937,2398.53042956455,146.210458348474,1637.78500931426,1465.59731893408,799.805241242878,166.905501183028,3099.29435464159,26.3367395737744,1412.70262764859,54.2125982082402,1227.76328319243,4961.87570406823,106.220345019514,106.511293174568,449.277019260125,3400.21130273783,40.0872768003966,8827.45500657097,372.303985705106,1225.65688874381,1811.85645053082,977.275093618343,974.547484559357,1980.71632269346,1403.4153741266,4925.60718901995,26.7248512002644,253.49797671658,5402.83506505238,64.737369495569,16392.59694467,93.1488675744354,185.521511895891,92.7606242642476,8439.07115209799,4192.83595215585,89355.899591155,37707.3592886497,3900.4838360647,11961.9988140136,747.991037130649,718.660143267906,4933.20265762603,6857.03480769933,20060.9674434902,19090.0362916226,312.124957423968,2173.00262978766,418.927069010449,0,16475.7107461168,3428.84875788142,12140.4979218448,11219.6017593077,10165.7038675489,53.0615907740388,119.291551334965,106.317237361323,566.757459468541,29628.0323939535,1733.64327819406,2595.61400879605,381.882723819729,559.392183709185,806.957617451774,393.418572326595,2048.15956173512,2691.78099929585,8133.80437492821,106.317103737067,1647.66594507705,4083.94533217156,195.862151912156,168.423820580428,529.973713737666,6361.4640511136,2450.76929873243,1966.74443776407,1054.82797364369,857.302426840383,492.534778606178,1233.84394122348,12947.2438179125,106.899404801058,4798.19284684506,92.9546781369344,518.029839017492,117.240178441578,13.3624256001322,44.5413741256887,4413.23265552718,333.47847256357,53.2556465872838,3163.73512319187,1607.44165898992,930.906111312967,8139.80021685914,13125.4798292208,7384.82094559961,3787.33287121557,1092.22576482929,11210.744024872,705.103797419343,17966.1117208422,1557.61102133311,22782.7865622223,23793.2899435905,0,3809.80333217655,2468.33425199959,3762.10870162516,80.1748208493052,4694.39807168852,67894.6971601141,278.864437224129,133.236144374832,66.035904747681,1952.05118643093,5921.01539276017,3780.64682796598,3049.10064606683,1764.02750850594,1664.99008736329,15388.7090045248,38826.3136241162,732.798526813064,7515.19099175697,7791.79429864152,26.5307953870194,1949.72237722606,4125.53854905726,1092.03196268065,156.770786133242,495.982691892301,360.268010328622,1021.92508314808,752.473707624668,93.5369792009254,26.3367395737744,66.035904747681,39.8932209871516,1092.03196268065,1789.95570277216,1659.35356301116,93.1488675744354,226.578798573442,2440.4450639793,0,1293.82634620537,64.1972978910487,57.6131129976051,137.04338963616,195.076560550997,13.1683697868872,0,0,0,0,40.0872768003966,53.2557802115398,26.3367395737744,0,0,26.7248512002644,66.811994376405,0,101.930119181818,0,0,0,40.0872768003966,146.210458348474,0,0,159.379091502757,39.8932209871516,0,39.8932229277097,79.5922544773603,0,13.3624256001322,0,53.0615907740388,0,79.2042745345682,92.3726443214554,0,24.1420990650918,6.6812128000661,0,40.0872768003966,0,0,0,0,0,0,0,0,0
"L18","80","10 weeks",10,"WT","Male","Male WT",935.377946453112,233.844135846373,187.075682828464,257.229063889138,6706.25353365504,0,631.380429546066,15252.7925406864,93.5378414142319,0,79.8972180007945,308.674876666965,0,21733.0170251452,8546.57501910031,2658.03397198056,2528.35638246832,527.820008424299,8457.45169611162,0,795.070716642557,46.768920707116,11813.7194636538,467.68920707116,26148.1153853067,3647.97487977663,4669.31737631387,2533.31716188772,4747.04638715069,7638.9235595992,2244.90912931998,3961.55020395529,5461.04879201794,467.68920707116,6875.02947318922,0,46.768920707116,10203.6474548094,16345.9580687536,2104.59956106339,4770.43037981504,0,467.688739381953,14030.676679824,128.615467322983,233.84460353558,3897.41037071914,3180.28614039468,11914.383017827,46990.9594319974,4025.80134722272,3476.48961666589,140.306762121348,2079.65629258266,1823.98931064514,1496.60593031692,233.84460353558,3450.09838240007,0,1449.8365419206,46.768920707116,1730.45006616329,4287.15122071537,62.3584050464189,233.84460353558,935.378414142319,1309.52931211004,46.768920707116,8663.94256099323,561.227048485392,1449.83560654218,2525.52171818426,1807.09871493177,1150.93964350587,2431.98247370241,2198.13927323445,6734.72317875708,0,607.9955015033,7409.08892332505,140.306762121348,7615.54097000248,280.613524242696,280.613524242696,327.383380328226,5250.59051959275,4934.12019922232,83474.0124540117,20339.8036155247,4744.59663108405,21611.8420254175,748.302731313855,1309.52977979925,3297.20937754088,12530.4662687882,13750.0612848245,24336.5357400819,280.613524242696,2198.13880554524,420.920754053251,0,15944.2981593151,4068.89750458671,5913.02130328548,12066.3806070575,8582.09554668816,233.84460353558,140.306762121348,46.768920707116,1215.99427683105,39460.002861229,2455.36740174517,3347.43031228539,140.306762121348,1318.88309625146,1496.60546262771,593.964357601959,2865.37649890825,2852.90416313407,8234.6693453909,233.84460353558,2861.4778416781,5279.50072792785,444.304746717602,553.432540160344,919.788462113809,8652.19748193605,2595.67509924494,2385.21495606291,1636.91222474906,561.227048485392,600.200993178253,2244.90819394157,19689.7151500066,140.306762121348,4396.2785464689,187.075682828464,420.920286364044,374.151833346135,0,0,2712.59646563431,935.377946453112,280.613991931903,3507.6695207229,3484.28412499093,4396.2785464689,6138.42037511976,18957.3741836409,8091.02328233106,1590.14283635274,2665.8275449272,4957.50465957588,654.764422210416,31571.0980173827,1730.45240460933,19488.7191656189,36530.4187141496,46.768920707116,2162.28294479593,1215.99193838502,1254.96588307788,93.5373737250248,3928.58933939774,49103.4629406603,748.30366669227,327.382444949812,374.151365656928,1496.60546262771,2135.77946512041,5378.42634900754,2104.60143182022,537.842588131834,654.764889899624,16318.4551372425,24379.8582590222,1356.29823281716,6150.11447605337,1831.78335128098,0,3367.36229091235,2642.44355226285,1683.68021007776,235.013826553258,1097.89994591034,1005.53132751379,1604.34234836862,1814.24453832661,374.150897967721,46.768920707116,280.613524242696,46.768920707116,1683.68021007776,2946.44106916989,2993.21139294463,233.84460353558,748.302263624648,701.533342917532,0,2993.2095221878,327.381509571398,327.381509571398,187.075682828464,795.071652020971,46.768920707116,46.7684530179089,31.1789686786059,0,0,93.5378414142319,46.768920707116,0,0,0,0,140.306762121348,23.384460353558,327.382444949812,46.768920707116,0,0,187.075215139257,187.075682828464,0,0,140.306762121348,0,0,0,140.307229810555,0,93.5378414142319,0,0,46.7684530179089,93.5378414142319,327.382444949812,0,0,0,93.5369060358178,0,0,0,0,0,0,46.768920707116,0,0,0
"L19","81","10 weeks",10,"TDP43","Female","Female TDP43",5256.88514550541,2718.30385729126,74.8843288977245,101.093945105873,3719.13323987977,44.930642269277,67.3959634039155,45628.9837409968,263.967298678791,55.4143090299674,0,101.093945105873,449.30642269277,12331.2406059224,10157.5886900578,7659.17696860489,1704.70788200835,238.025469098567,3049.13648848876,55.4143090299674,157.25724794247,0,8396.17092394967,426.841326211343,10204.7930474791,3841.5703633296,3775.55556786905,748.844187590091,6128.16533327928,1943.25027814623,808.751785500197,3085.21017790071,6729.32631883485,831.216657328413,2030.30452080901,67.3961880571268,22.4653211346385,9583.99961778401,13960.0932078536,4582.92506215983,13173.3967513773,22.4653211346385,921.078166520178,7660.67360829888,22.4650964814271,292.0491747503,7720.58165551541,1928.64781940872,6939.9133186592,34377.5468829264,2729.75016306257,1671.79483862684,112.326605673192,1849.02038725983,1819.69033794608,898.612396079117,232.141576840194,1240.45999888215,22.4653211346385,269.583853615662,59.9073732568951,404.375780423493,4032.52514366761,78.6286239712347,314.514495884939,269.583853615662,4785.11295237158,0,8171.76078737796,1149.47499898044,1819.69123655893,2201.60169584778,1418.31075740232,1468.81279931299,1280.52352932761,1258.05798353976,3100.21454123332,67.3959634039155,381.910459288854,4081.06506443038,22.4653211346385,19952.9483393664,202.188114864958,314.514495884939,112.32615636677,8877.5459186025,4942.36975100762,103068.148777438,47490.9367396742,3543.74400659632,11930.7953580846,494.236840308835,617.796106549347,5751.12153650782,10462.560142178,22330.5287585242,13711.8705048388,292.0491747503,1887.08742461606,381.910234635643,89.861284538554,14161.6042179395,1909.5527457507,17609.4592696837,10289.1164057048,11547.1757371638,112.326605673192,314.514495884939,157.25724794247,996.336767668006,14512.1297249904,1136.37120181582,2154.69163413333,179.722569077108,737.611077716349,292.0491747503,702.041285457453,767.939710554534,876.147524250901,5397.26666886475,89.861284538554,1310.10249439953,1776.20870888999,157.25724794247,123.559266240512,378.166164215344,3168.42082877057,621.540626276069,471.771743827408,336.979817019577,157.25724794247,353.454310967242,1063.35823416861,9772.41446891454,22.4653211346385,5009.76616371796,157.25724794247,584.098349500601,0,0,22.4653211346385,5751.12288442709,629.028991769878,67.3964127103382,2583.51170583022,2044.34399859889,1347.9190434251,7977.99626932565,14944.982321831,3931.43119856174,3886.50033163925,1976.94781054176,15508.560622354,471.771743827408,21183.6738899477,1421.73334907718,24073.0889094188,23496.0500624315,44.930642269277,4616.99843937795,2886.79399045426,4218.69301337825,0,4245.94546979346,68972.8404635228,438.073762125451,224.653211346385,179.722569077108,3032.81902713583,7188.90298773753,2546.06987836117,2605.97770092449,1624.99171184099,1913.29614221136,16367.1121838262,43373.4203437836,876.147074944479,7593.27854350781,10139.3481972158,44.930642269277,2044.3442232521,4571.69262624572,1718.59751610627,207.055451341989,840.203235088691,997.085761474635,1501.59734105761,1420.53504884786,134.79170215462,0,89.861284538554,44.9304176160656,1718.59751610627,1460.24564909829,2190.36903528047,157.25724794247,629.028767116667,3437.1943582529,179.722569077108,2650.90744458092,224.653660652808,202.188339518169,224.653211346385,89.861284538554,0,0,0,0,22.4650964814271,67.3959634039155,0,22.4653211346385,44.930642269277,0,67.3959634039155,89.861284538554,33.6979817019577,261.881842917862,0,22.4653211346385,0,89.861284538554,67.3957387507041,0,44.930642269277,314.514271231728,134.79170215462,22.4653211346385,22.4653211346385,22.4653211346385,0,0,0,0,0,0,44.930642269277,0,0,11.9814297207367,67.3964127103382,0,22.4653211346385,0,0,0,0,0,22.4653211346385,0,22.4650964814271
"L20","82","10 weeks",10,"WT","Female","Female WT",5100.78856405924,2307.49989212136,30.3618366908288,91.0855100724865,4161.53421576724,0,212.532856835802,51197.2132492638,113.856887590608,0,30.3618366908288,60.7236733816577,0,15492.5607385234,9053.82713641547,9019.48911359161,741.258435245399,346.992072331339,4646.19596420581,0,485.789387053261,30.3618366908288,5118.05139354655,151.809183454144,14035.4807111938,4574.51834738283,1773.06021604655,1138.56857228771,5616.9400914217,4134.26989365562,1396.64266606793,1250.76193484603,5357.34578047838,303.618366908288,4159.57223388028,30.3615330724619,30.3618366908288,8396.56411513851,5036.93185274946,3613.058869827,14668.8152653563,30.3618366908288,455.428157599166,6649.24436062008,151.809183454144,121.447346763315,7732.14814875556,1457.36785754142,4584.63794755189,37234.4017724793,2859.6517528665,2398.58479495711,91.0855100724865,819.769894270745,607.235822961476,273.25653021746,237.83428620537,1658.47919865086,30.3618366908288,850.131427343207,53.7161614734144,516.15122374409,5363.92427963418,30.3615330724619,91.0861173092203,333.980203599117,4675.72315400601,0,8532.68867737654,271.232306565282,1093.02612086984,759.046220889088,544.994664982011,315.18470859566,1062.66306970554,1032.30244748818,2459.3090755755,0,364.342040289946,3305.39266285109,0,26023.1311385645,303.618063289921,394.703876980775,121.447043144948,11722.1996217481,5708.02469063909,92852.3221261604,52082.694052211,3049.26779898643,8744.20684163014,485.789387053261,318.798678016969,6042.0058050933,4555.14415577205,25883.4651716948,14728.0187215749,235.304234353923,1366.2826510873,311.209129699362,60.7233697632908,16747.0869338823,1487.72969423225,17240.0332130803,11112.4310143699,10414.1093777176,60.7236733816577,121.447346763315,60.7236733816577,482.754417857646,20611.746753907,789.40775396155,1527.92360449867,425.065713671604,604.345072490142,546.513060434919,319.811852507342,1418.91034071535,1548.45367123227,6996.63235130187,303.618366908288,1197.2689328723,3052.30732245755,206.460793116003,80.9646954299656,440.246632017018,4458.46812070968,1721.51614037,1214.47346763315,698.322243889063,303.618366908288,220.123316008509,1682.04575267192,9419.75892247454,60.7236733816577,5723.20621622124,151.809183454144,1366.2826510873,0,0,30.3618366908288,5738.38652732992,425.066017289971,91.0855100724865,2155.68979781211,2307.49958850299,1548.45215314044,7978.33042195908,7798.43957574959,3825.59142304443,3825.59142304443,1487.72939061388,18186.7386597146,607.236733816577,16597.8005154388,860.252241985728,23414.0358887136,23135.7201656483,0,4419.67176578614,3000.76142507079,4959.20767614951,0,5459.05793339266,76421.2448319767,455.427853980799,91.0855100724865,30.3618366908288,2611.11856264801,6785.87019678188,2179.30401991677,3552.33458920861,1844.48188258622,1978.57979222513,19515.5742359009,44420.3781278444,333.980203599117,8258.41897266871,11233.8792719883,0,1487.72999785061,5434.76967851346,683.141325543649,75.5189964010986,465.933353094193,247.954797229524,665.671428330113,621.815273322045,182.171020144973,30.3618366908288,60.7236733816577,60.7233697632908,683.141325543649,1335.9214216332,910.855404343232,303.618063289921,333.980507217484,2914.73632231957,0,1032.30335834328,242.894693526631,242.894693526631,121.447346763315,182.171627381707,0,30.3615330724619,20.241022048308,0,0,0,0,91.0855100724865,0,0,60.7236733816577,60.7236733816577,15.1809183454144,132.291380355812,0,0,0,121.447346763315,0,0,0,151.808879835777,91.0855100724865,91.0852064541196,0,30.3624439275627,0,60.7233697632908,0,30.3618366908288,121.447346763315,30.3618366908288,91.0855100724865,0,121.447650381682,0,0,0,0,0,0,0,0,0,0,0,0
"L50","83","10 weeks",10,"TDP43","Female","Female TDP43",3946.46070087356,2144.31968717986,96.9503960352927,136.871469394459,4681.92790758979,0,262.336983006046,40998.3357711351,216.71315987456,263.097075899417,0,171.089336743074,376.396540834762,13043.8234308789,11160.451937529,7270.91585265748,2034.55492794162,231.920948838978,3121.47179712343,170.328787611472,319.366761920404,0,8024.42796577955,433.426091630004,12380.1067577296,4174.579816531,3104.52984664178,935.288374195469,6350.07563077129,1908.5964489211,1551.20930211319,3140.00465031767,6542.07573437022,1391.52660551033,2418.06239784966,0,0,10426.3550423405,13069.178414346,4357.07510905694,12667.0746741296,45.6238231314863,547.485877577835,7938.54590923596,114.0593297096,273.743166908033,6151.61200014932,1612.04159856644,6866.3856094078,35337.6424952158,3428.08670047858,1823.05223678779,45.6238231314863,2328.11799609444,1847.76506494431,1414.33806083784,45.6238231314863,1976.27209072496,159.683380960202,296.554850354661,483.327376299183,319.366761920404,4370.38198143059,63.8733523840808,79.841690480101,319.366761920404,3895.13435608887,22.8119115657431,7955.27319962977,576.381497839047,2897.11254073026,2509.31027223175,1549.0736509524,1335.19281801784,1231.84322455013,1209.03131298439,4516.75826189803,68.4357346972294,456.238003195747,3730.66959846449,91.2476462629726,18004.3012032628,364.99058505189,479.050142880606,0,8330.5298292436,5041.43177167189,101702.648503857,43035.810395638,3312.18051840862,11218.6280149995,364.990813171006,399.208224281389,6182.02826243551,12871.4577676838,21716.9386699919,15233.4683332679,250.931027223175,1574.02166991716,433.426091630004,45.6238231314863,16073.8680519954,1847.76552118254,15282.1731331754,9609.51729083107,11120.8075726571,182.495064406829,68.4355065781138,114.059557828716,1278.22714057499,15105.8726433543,1083.56602749192,1988.1671338918,228.119115657431,847.842789233159,250.931027223175,610.218406264513,1023.11354936623,798.41690480101,5826.41542610918,248.857652580964,1484.29466567916,2172.3416112281,216.71315987456,174.891398043736,425.822197147795,4324.26587724751,456.238231314863,866.852639498239,296.554850354661,205.307204091688,387.042175605147,588.547318396173,12078.9067178228,22.8119115657431,5566.10642204133,232.68149797058,342.178673486147,0,0,0,5452.04640797438,844.041184170728,68.4352784589981,2326.8149797058,2817.2699377737,1779.32910212796,8517.39793709758,14087.0059875642,3946.46070087356,3353.35054392601,2897.11368132584,12592.1742718138,392.364878930782,25726.6182495067,1026.67197945137,20640.4345259634,26719.6732273601,45.6238231314863,3820.61514081529,2828.67703415215,4555.10394464446,45.6238231314863,4767.6892891212,68455.8819494052,798.41690480101,410.614408183377,250.931027223175,3102.42020106018,6121.19619410137,2348.86588590171,3011.17232667809,1528.39784678567,1992.24020070186,14892.3752786531,41335.5642598115,1072.15824675612,8257.9117586799,9911.7755753154,68.4357346972294,2007.4482177854,4459.72871110278,1437.15065676093,160.443701972688,1049.34838826242,683.596797840692,1929.53550254729,1371.53972107289,91.2476462629726,0,91.2476462629726,91.2476462629726,1444.75455124314,1688.08145586499,3421.78605050412,228.119115657431,524.673509773861,2691.80533663857,228.119115657431,3330.5390885985,159.683380960202,136.871469394459,91.2476462629726,250.930799104059,0,0,0,0,68.4357346972294,68.4357346972294,0,45.6238231314863,22.8119115657431,0,182.495292525945,45.6238231314863,0,467.969484956662,182.495292525945,0,0,22.8119115657431,22.8119115657431,0,0,342.179129724378,0,0,45.6238231314863,114.059557828716,0,91.2476462629726,0,22.8119115657431,0,0,182.495292525945,0,19.9604226200252,0,45.6242793697176,0,0,0,0,0,0,22.8119115657431,45.6238231314863,0,0
"L51","84","10 weeks",10,"WT","Female","Female WT",6785.6758735468,3485.03443544453,43.0250572989754,0,2384.05225558711,0,193.613034435439,63021.5916477862,82.9770147580451,6.1463840731776,0,9.21966830644946,0,14203.3819523113,7680.11535613582,10517.7970508174,491.715335688361,36.8786732257978,3751.878742058,0,276.588942833287,0,3489.62914934173,165.953845122724,9522.99520933828,4093.53143731,740.188715627764,756.012247948757,6051.17606205085,3272.98224878956,479.422198755273,457.294810426429,6189.77791720883,626.937444838563,2618.38524585155,18.4393366128989,0,7499.04291453081,2180.19469451628,5052.37804754094,16997.0727372421,36.8786732257978,516.300871981071,4388.56266705004,36.8786732257978,73.7573464515957,8860.1014268913,958.845503870744,4273.31589125259,37157.4562652947,1095.33992724724,1536.61113855042,18.4393366128989,491.715335688361,387.225884477511,295.029385806383,252.004328507407,1514.26469090262,110.636019677394,553.180098386968,310.394885005911,442.544078709574,6450.69434588798,46.0983415322473,55.3180098386968,424.104742096675,5753.07320761783,0,9557.72274955482,267.370196493668,276.590049193484,295.029201413017,306.195326092324,243.552658570885,553.180282780334,645.376781451462,2378.67460745733,18.4393366128989,110.635835284027,3504.0885395401,36.8786732257978,28564.0697008738,36.8786732257978,129.075356290292,18.4397053996312,12747.7279835863,5789.95151205689,93594.9536332868,59164.7637618556,1923.53056125343,7760.91136615929,313.468906812648,341.127911731996,7209.77987807001,2367.61026791612,26884.5527816066,12135.2783255245,101.416351370944,866.648820806249,193.613218828805,18.4393366128989,15235.5029827679,1392.1702830606,20951.696042013,12412.7475622877,10750.1349048604,18.4393366128989,18.4393366128989,64.5376781451462,356.493410931525,17764.112999239,903.527125245315,1179.59091577187,239.711375967686,270.443849513672,202.832702741888,165.953845122724,739.724413131851,1438.26825580612,7930.8905184646,92.1966830644946,701.00199063813,2048.78620896436,92.1966830644946,18.4391522195328,212.052371048338,3812.68061060537,1299.97323120937,774.452137741755,460.983415322473,331.90805903218,89.1233988312227,1336.85190443517,6638.16081185688,18.4393366128989,5587.11880931501,0,1032.60285032234,0,0,0,5587.11899370837,295.029385806383,36.8786732257978,1751.7369782254,1253.87488967713,442.543894316208,8764.21577014402,5218.37596267817,3521.91329306369,4591.3944478251,350.347580038446,20043.558345041,497.862088548271,7351.04824569558,887.722032260934,27029.6096953327,18661.0462177115,36.8786732257978,5465.11235710863,3614.11016052155,6130.75028163035,0,5181.45285065113,83441.5311502626,36.8786732257978,0,92.1966830644946,3079.36939874749,9112.1057553987,1733.29690403903,3946.01821955373,2884.21962999873,2566.14088903286,19971.6458542175,51555.7694802159,258.150528187219,10565.7396947977,14763.7622428589,0,682.25545467726,5780.73221253718,313.468722419282,24.5857206860765,110.636019677394,67.6109623784181,153.090195114834,307.892482634175,110.636019677394,36.8786732257978,92.1966830644946,0,313.468722419282,682.255639070626,534.740392987336,184.393181735623,73.7573464515957,4148.85055350889,0,571.6192506065,73.7571620582295,73.7571620582295,73.7573464515957,36.8786732257978,36.8786732257978,0,0,0,18.4393366128989,0,18.4393366128989,0,0,0,0,18.4393366128989,9.21966830644946,36.8786732257978,0,0,0,73.7573464515957,73.7573464515957,0,0,55.3180098386968,73.7573464515957,0,0,18.4397053996312,0,18.4393366128989,0,0,55.3180098386968,18.4393366128989,73.7573464515957,0,34.5735717558193,4.60983415322473,18.4397053996312,0,0,0,0,0,0,0,0,0,0
"L21","85","10 weeks",10,"WT","Female","Female WT",5838.84302513852,2847.33720653898,72.0844862414933,36.0422431207466,2918.09858203551,0,252.295701845226,52708.7771639727,36.0422431207466,0,0,90.1056078018666,0,13549.417042704,9951.06076823181,9724.19755439987,657.224536547916,230.670355972778,2732.9456144775,0,342.402751336818,36.0422431207466,6468.96415528207,108.12672936224,13138.4709555123,4144.85976099802,1357.37394296292,504.591403690453,6083.9302783596,2756.37307250598,973.139843415297,1009.18208653604,6833.95205742564,360.422431207466,2634.68689085929,0,0,7727.59568772409,6374.89894665096,4289.02765221371,14294.3532612657,36.0422431207466,576.675889931946,5586.54768371573,144.168972482987,72.0844862414933,9539.18046609842,1730.02766979584,4778.60097404061,36890.7250995699,2830.51701251939,1853.1721205992,108.12672936224,674.971737060571,612.717772630262,324.379827664288,96.1127684628014,1567.7939646383,0,792.929348656426,36.0422431207466,396.464674328213,6178.2402138215,27.03168234056,108.12672936224,288.337944965973,5478.42059393106,36.0422431207466,9040.59550222404,288.338305388404,756.887105535679,576.675529509515,690.208595339867,418.990715856248,1802.11107477004,756.887105535679,2018.36669602911,0,396.464674328213,3027.89190471966,72.0844862414933,24828.2989166518,252.295701845226,252.295701845226,144.168251638124,11022.9192342875,4973.8291902406,92451.1000236409,55026.2912341021,3285.68044441649,9257.13657804862,252.295701845226,432.50691744896,6199.26509592356,4095.0857836707,24328.5133856591,15384.8906198187,201.235737283358,1009.18244695847,447.524638890081,36.0422431207466,13822.1984346942,1946.28112852032,18997.7556992592,11185.1096887533,11425.3892671645,0,36.0422431207466,180.211215603733,467.946534264727,19383.3831919258,1009.18316780334,1512.57292310814,72.0844862414933,429.50423817457,576.675889931946,288.337584543542,1189.3947438295,973.140564260159,7363.94567364516,432.507638293822,1952.88911337408,2152.37463933149,390.457513667278,269.029034058895,408.478995650083,3078.18272781333,1009.18280738091,865.013834897919,396.464674328213,324.38018808672,529.220510104584,1381.61883906538,7785.12451408127,72.0844862414933,5045.9136764821,216.25345872448,1009.18280738091,0,0,0,6343.43478925141,216.25345872448,396.465395173075,2126.49198370162,1712.00618781303,1585.85761604556,7466.1510228851,10339.8325861883,3171.7173946257,3640.26727604027,1297.52003150202,18129.2490105804,612.718133052693,19176.0779409009,792.928988233995,23841.9438243739,19756.2931791073,72.0844862414933,5038.62016816418,3604.22431207466,5415.73268089357,0,5406.33682853442,77645.8717540191,468.549160569706,0,0,2234.61835264143,7941.30780788613,2180.55498796031,3532.13946541074,2727.19615585487,2607.0554655932,18491.4724726766,48508.0519261375,612.718133052693,9731.40528217916,12837.0453512243,36.0422431207466,1441.68972482987,5856.86342585403,144.168972482987,78.0916469024281,408.478635227651,162.19009404336,280.528672149001,440.3158298435,144.168972482987,72.0844862414933,144.168972482987,36.0422431207466,144.168972482987,973.14092468259,720.845222837364,360.422431207466,180.212657293458,3171.71775504813,0,468.548800147275,72.084125819062,72.084125819062,216.25345872448,0,36.0422431207466,0,0,0,0,0,0,108.126368939809,0,0,0,36.0422431207466,0,164.764231047044,0,0,0,0,108.126368939809,0,0,108.12672936224,0,0,36.0422431207466,0,0,72.0844862414933,0,0,72.084125819062,72.0844862414933,72.0844862414933,0,0,7.20844862414933,0,0,0,0,0,0,0,0,36.0422431207466,0,0
"L113","91","10 weeks",10,"WT","Male","Male WT",2667.47675337882,880.398643377339,131.402802205991,52.5611208823965,5651.02586509987,13.1402802205991,19.7104203308987,27682.6851067467,187.248993143538,676.505382889578,111.254284932538,369.241874198835,2122.15525562676,17032.6967870038,11138.5456465812,5079.15587659291,3435.52797191207,898.466528680663,5129.75318259634,354.568517484899,1024.94185720673,0,14565.7328256232,341.647154332775,18666.0959033526,3836.96156160934,2912.02157317384,1668.81558801609,4592.52780569659,3471.22406874254,2338.96961646104,3105.92401580428,8043.32228657176,801.556962053744,4060.34671956793,78.8416813235948,0,8182.98178385436,17295.2677060111,3074.82544021739,8648.71312992146,65.7014011029956,433.629378682573,11156.0975130803,288.429019439349,275.945884632582,6454.06741601293,2943.42290081701,8728.43139933857,36505.2183890375,6069.29228516253,2383.86574908516,289.086164853181,2931.1158457652,2575.49466043182,1603.1143183159,155.493272142822,2757.51868395124,0,696.434851691754,52.5611208823965,420.488967059172,3569.77577618862,283.611004293664,144.54308242659,78.8416813235948,2680.61703359942,26.2805604411983,6564.38309072931,747.118883544637,3087.96558903519,2614.91510688521,1407.37617853864,1246.80497650737,2917.14247177861,1300.88761043651,4310.01178095371,0,775.276533015348,4473.35847297318,260.615382504813,10665.5270953121,486.190236759365,880.398774780141,26.2805604411983,5696.96835823795,5475.1164081755,97179.2719296688,34282.3334245181,4440.44469907662,5743.75616560262,698.624810793319,1255.9916092152,4855.33301590017,12270.8259852147,16576.4628412718,21762.8064802774,415.013806499655,2549.21462560183,741.330721510266,13.1402802205991,15003.2582973912,2496.65350471944,12285.3241819933,9644.96515630855,11270.4180824023,223.384763750185,236.524912567982,315.366725294379,528.896278879115,21129.5477306358,1500.18203565267,2854.38120837497,26.2805604411983,1243.25828347303,578.172329706361,696.434720288951,1350.38310394344,1419.15026382471,5597.65017824659,124.832530692889,3060.15195210065,3273.74352780803,137.972679510686,140.819915428886,913.249475331639,3959.83172285409,1086.70117424355,1235.18634073632,551.891769265163,341.647285735577,645.844772842447,2384.74207437307,14242.9693051899,289.086033450379,3639.85762110596,262.805735814785,533.276328485047,391.580350573854,13.1402802205991,168.633552363421,4730.50114222129,1511.1322253689,170.824037076195,3508.45442469156,2155.00595617826,2851.44080787001,7718.05186347791,24609.1840753728,3087.96572043799,3298.21059817598,4047.20591373612,8909.1095953578,959.240324700934,39083.0269214134,1008.36013759636,19679.7598522544,26073.0989376166,0,3840.68459720424,2203.18689605192,2949.57044951541,249.665192788581,3561.01554557396,63677.9056993212,768.706261502247,289.086164853181,78.8416813235948,1787.07771579307,3902.66283130953,3179.94781338499,2155.00595617826,1052.31739719871,1515.51227497483,11206.6874605268,33752.343611519,1497.9916823427,7146.12208669595,4894.75411936757,0,3114.24641228199,3442.75302358856,1307.4573563384,289.586809529586,1106.38005790192,798.459929408551,1774.08933721183,1354.47130792567,538.751751850168,223.384763750185,394.208406617974,157.68336264719,1307.4573563384,1905.34076338968,2522.93393375783,367.927846176776,1116.92368734812,1918.48091220747,13.1402802205991,2680.61716500222,657.014011029956,633.862151309283,166.224544790579,1085.38714622149,39.4208406617974,0,0,105.122241764793,0,52.5611208823965,78.8419441291992,105.122241764793,39.4208406617974,0,0,105.122241764793,13.1402802205991,425.056922672259,26.2805604411983,0,0,131.402802205991,208.054655830823,0,65.7014011029956,302.226182268175,157.68336264719,13.1402802205991,13.1402802205991,105.121978959189,0,65.7014011029956,0,118.262521985392,26.2805604411983,52.5611208823965,13.1402802205991,65.7014011029956,0,3.28507005514978,0,0,0,0,65.7014011029956,65.7014011029956,39.4208406617974,0,0,0,0
"L114","92","10 weeks",10,"TDP43","Male","Male TDP43",5502.48842590513,1948.79778117496,401.223072594846,114.635163598527,2810.83758933717,0,315.24669989595,42599.8591595819,415.552468044662,0,0,57.3175817992636,0,16168.4019762302,9179.13617393525,8824.03999846919,890.33176653832,408.866372127777,2979.96973653462,0,229.270327197055,0,12956.5436453619,114.635163598527,17599.7761780529,4814.67801748978,1062.42494001152,448.986959859808,5461.54647722591,3037.83068900934,859.762580637319,630.492826616082,7240.71172871432,1146.35163598527,1891.47847984825,171.952172221973,0,7204.0256104837,6018.93989907012,4298.81691541732,12952.1347769699,114.635163598527,343.905490795582,5330.5345341557,0,114.635163598527,9763.09514859179,2980.51310721007,4680.93718435011,42675.7430524776,3499.23836884505,2130.30364793124,229.270327197055,729.841964324564,917.078442909128,343.906637147218,515.858236193373,1287.18953210333,171.952745397791,458.540654394109,286.587908996318,286.587908996318,4972.30079426194,114.635163598527,439.434411677143,2063.43294477349,4298.81806176896,0,9725.83872042226,1518.9164908563,1031.71589921093,745.12799021461,481.467687113815,458.540081218291,3152.46757213532,343.905490795582,2235.38511699546,171.952745397791,114.635163598527,2684.917740234,57.3175817992636,16498.8670672697,114.635163598527,343.905490795582,114.635736774345,7391.10274619087,4700.04170753962,89730.3974628272,46171.2208147808,4297.7267350115,17456.3859300173,343.905490795582,1031.71647238675,5731.75703357473,6431.51586509195,21178.8470480037,19554.1618502774,429.881863494477,917.081881964036,601.835182068086,57.3175817992636,12972.8820220538,5387.85154277915,16794.0514671843,11955.4955182927,13775.8726842706,114.635163598527,286.587908996318,229.270327197055,874.094841966225,17451.0462240969,917.081881964036,1108.14029690298,401.223072594846,464.271839398218,401.223072594846,363.012879864184,1163.54576417342,630.4933997919,5141.1148288804,57.3175817992636,2682.46340138136,2318.81601588665,229.270327197055,181.506439932092,1012.6108028456,4060.54600835033,802.446145189691,630.4933997919,286.587908996318,286.587908996318,462.362017572666,458.539508042473,9314.10417650125,114.635163598527,6247.61469659228,114.635163598527,343.905490795582,0,0,57.3170086234457,5846.39334352489,630.4933997919,57.3187281508996,1490.25712678086,2693.92634456539,1203.66979096035,6796.91315635898,18757.3144864779,5502.48785272931,4470.77023399093,1604.8928635552,12227.7517391359,630.4933997919,25541.350101734,2063.43294477349,20946.7096953651,17490.0519848629,0,4284.49038584659,3267.10216255803,4192.23487206159,0,4356.13621674404,74779.3756431237,401.224218946482,0,0,2235.38454381965,6868.55726772897,4566.30316710322,3439.05548113164,2072.98606613197,1557.1278299386,21260.0465734355,43050.2819248658,802.442706134783,8597.63726988955,10379.2585797581,0,1490.25712678086,5473.82848865386,687.8121279428,95.5294940573787,171.953891749427,76.4238245162302,762.801293386594,753.725054308681,229.271473548691,229.270327197055,343.905490795582,229.270327197055,687.8121279428,1719.52688080209,687.809835239528,0,458.541227569927,2980.51368038589,57.3175817992636,1089.03348101019,229.270327197055,171.952745397791,57.3175817992636,687.810981591164,0,0,0,0,0,57.3175817992636,57.3175817992636,0,57.3175817992636,0,0,0,57.3175817992636,114.635163598527,0,0,0,0,0,0,0,114.635163598527,0,0,114.635163598527,171.952745397791,0,0,0,57.3175817992636,57.3175817992636,114.635163598527,114.635163598527,0,0,0,0,0,0,0,57.3175817992636,0,0,0,0,0,0
"L115","93","10 weeks",10,"WT","Male","Male WT",4756.00485201353,2833.78602615786,39.6333737667794,99.0834344169485,2032.42695195522,0,19.8166868833897,54100.3333929478,74.3125758127114,175.707824921476,16.5138396805351,178.350181950507,267.525272925761,11512.0316169231,8492.24240250722,9415.89897080949,1738.05839131095,556.259156821601,1600.53732201377,114.936585756791,574.683919618302,0,8638.44793666418,217.983555717287,10566.2572480565,4518.20500574659,2063.57700023409,653.951063485598,5989.59341233767,1159.27638084517,1050.28420665279,2335.41973473113,7630.60453380894,297.250303250846,1193.95479022362,19.8166868833897,0,8249.93009847006,10666.8822225461,4637.10552338067,14720.1649648185,39.6333737667794,396.333737667794,4954.1725135149,39.6331755999106,158.533495067118,8425.39477264348,2417.63560160668,4131.77862068615,30485.4548618597,3912.00264564026,1251.75431902328,158.533495067118,1818.67643872309,1922.21842952193,733.217811019157,102.386281619803,1744.29331550507,0,158.533495067118,19.8166868833897,158.533495067118,5403.35022109342,118.899923133469,19.8166868833897,118.900121300338,4775.82134073005,19.8166868833897,7372.7979586314,257.61633498346,1268.2675642032,1842.95247465585,1375.18374227768,1161.949255572,1763.68493445481,653.95066715186,2477.08566225684,0,376.517050784404,2660.34285221342,138.716808183728,22997.2655245075,237.800242600676,1010.65103105288,39.6333737667794,10031.042025537,5958.21666116085,101482.673989954,54436.4370851697,2396.31086485146,8481.06975444236,257.616929484066,713.40072780203,6083.72287320064,8433.77802386263,23661.1237424336,14888.7011307569,173.39601022966,1189.00121300338,302.204474971693,0,14217.2004093673,1605.1514393877,18472.6745914127,11103.9503491039,11936.2508018726,217.983555717287,19.8166868833897,158.533495067118,281.397350077871,13001.3035925921,1154.32240729119,1641.36405666467,99.0834344169485,484.707045491746,713.40072780203,227.891502825244,745.107624982322,277.433616367456,5486.83950826809,39.6333737667794,1753.11629900617,1314.29835899655,219.635276569017,13.2109924776806,485.508828643048,2859.27206899172,95.780587214094,237.800242600676,59.4500606501691,39.6333737667794,313.103850924426,1533.81156477436,7796.21555859646,79.2667475335588,4874.90437881326,336.883478850756,985.880172448638,39.6333737667794,0,19.8166868833897,6559.32316023512,931.384283519316,99.0834344169485,2536.53572290701,1387.16847817102,2160.01926662322,7785.48066114486,14452.5929245117,2734.70278990778,4280.40436681218,2794.15205789047,15694.8156153109,891.751107919406,24396.983514148,537.527235378208,24057.4572819345,18521.1721673893,0,4719.01363710891,3349.02008329286,5795.98002181584,19.8166868833897,4042.60392604463,77679.4293288644,495.41756841848,79.2667475335588,79.2667475335588,3249.93664887591,7272.72408620402,1893.81418137763,3210.30287877539,1970.10882221241,2136.8995343701,14256.1231567425,45615.0416933649,693.58404091864,9095.85868497527,12449.8335344896,0,1961.85200145558,5191.9719634481,1063.49599179794,214.680906681301,987.531496966631,581.289614024011,1126.3192488894,737.039062750881,198.166868833897,59.4500606501691,614.317293385081,138.716808183728,1070.10148803678,1169.18432795312,1704.23487380465,336.883677017625,693.584239085509,3864.25414042786,0,1763.68513262168,515.233462634395,493.057599177537,158.533495067118,733.217414685419,0,0,0,39.6333737667794,0,19.8166868833897,0,0,39.6333737667794,0,0,39.6333737667794,9.90834344169485,129.751937204551,0,19.8166868833897,0,118.900121300338,89.1750909752537,0,0,118.900121300338,39.6329774330417,0,19.8164887165209,59.4500606501691,0,79.2667475335588,0,19.8166868833897,0,19.8166868833897,0,0,19.8164887165209,0,0,0,0,39.6333737667794,0,0,0,0,0,0,0
"L116","94","10 weeks",10,"TDP43","Male","Male TDP43",3209.2165797704,1668.79290022401,128.368670526169,55.0151445112151,4023.21185553522,0,27.5075722556076,37416.0469834601,213.947661954404,352.402442307629,128.368487142354,290.968864270106,816.057976916358,14750.1324009597,10300.5014612267,6970.724143623,2586.15704793002,221.829131557081,3461.74636257052,176.048462435888,715.197428797242,0,12507.8458633427,348.429248571029,16527.4006788384,4052.78157879092,2498.69122042887,1350.92749857,5955.91313751479,2075.29338458385,1430.39302375633,2340.10859930477,7599.20670164166,513.474682104675,2714.07991240183,18.3383815037384,18.3383815037384,7578.80305161297,14058.7119674688,4291.18108849097,10911.3366279567,55.0151445112151,615.602412385699,6876.89269713426,407.417586818844,476.797919097198,6904.4006361575,2885.23826202594,6341.84822732108,34186.1186688517,3943.5818350668,2264.78938217643,275.075722556076,2126.58602103362,1760.48462435888,1522.0858481941,235.342501503371,2556.13803432748,0,440.121156089721,24.4512975941945,293.414104059814,4298.82232529594,191.941970917548,183.383998421199,91.6919075186919,3401.76976894347,0,6782.2462929715,595.996848720052,2218.9436118009,2328.97445097477,1519.4370523697,1273.10857665889,2971.73453929699,1155.31803473552,3172.54036691437,73.3535260149535,651.056372114506,3638.55293369777,55.0151445112151,13934.1131180283,366.767446690953,311.752485563552,128.368670526169,6759.2217214583,5571.20011745191,104158.158448492,40233.7950501893,3722.64706637565,8907.14041492759,476.797735713383,1237.84038473471,5645.16431157093,9247.92219164393,19111.649618173,21788.8919399616,291.885966729108,2035.56034691496,808.41710687901,36.6767630074768,16207.6357876283,2145.59026916976,15019.8201236462,9252.62983755975,12024.4774855365,55.0151445112151,403.444576466059,146.706868646092,888.494217088494,18745.1315734705,1320.36383503679,1902.97788308686,128.368670526169,898.274809479698,421.782774585983,498.804160285499,1178.54671243486,1026.94936420935,5317.51868429335,293.414104059814,3014.82991921459,2378.74133408343,311.141083924218,512.882535765919,1030.00582225458,4965.25267954411,1245.48162153969,623.504971127105,311.752485563552,275.075722556076,366.156411819248,3442.81271720317,11670.9520007456,586.827841351998,4529.58004803957,165.045433533645,678.52011563832,586.828391503443,0,220.060578044861,5987.17604353473,990.272417818057,513.47449872086,2549.03557917108,1888.85311150124,2072.23729330625,7366.83373425519,19609.2056682133,3300.90848728909,3979.42860292741,3071.11169573627,10874.6596815654,2723.86087156067,30921.4622276545,1639.97486722614,20664.2991299003,24460.1238572123,18.3383815037384,4116.66058000197,2292.29750458348,4003.79242644184,421.782774585983,3805.21379525808,64563.2762775689,889.411686315127,238.398959548599,36.6767630074768,2475.68113623705,5388.42788743767,2897.46464435829,2530.69683089971,1537.3675882688,1696.29992232817,12853.6763798708,38265.6519118127,1302.0260036845,7900.78523653075,7159.60983987913,36.6767630074768,2439.0047399972,4786.31720570809,1476.2404445862,172.788264972154,417.707619448222,693.190820841311,1478.53219212272,922.158717550167,458.45953759346,91.6919075186919,220.060578044861,55.0151445112151,1503.74801684181,1228.67137736666,2035.56034691496,165.04525014983,531.812696840783,2681.98866168937,0,1870.51417984605,256.737341052337,256.737341052337,277.360684891442,405.744209506628,73.3535260149535,0,0,18.3383815037384,55.0149611274001,73.3535260149535,183.382714734494,91.6919075186919,0,0,183.383815037384,440.121339473536,232.286043458143,453.08914257009,0,0,1210.3328124791,36.6767630074768,560.979892622479,183.383998421199,0,73.3533426311385,36.6765796236617,36.6767630074768,36.6769463912918,696.858680525874,531.812880224598,110.03028902243,275.075722556076,0,55.0151445112151,0,0,0,0,0,0,18.3383815037384,0,18.3383815037384,0,18.3383815037384,36.6767630074768,0,0,0,0
"L117","97","10 weeks",10,"TDP43","Male","Male TDP43",4143.5648879867,2257.71137207192,66.4032834613252,26.5613133845301,5255.45068370785,26.5613133845301,345.297073998891,42410.9556053254,159.367614694047,0,0,0,0,26081.8811467131,10184.4936370433,7593.43671954304,559.235438267723,113.328093365239,10245.0776023553,0,212.490507076241,53.1226267690602,4115.93713786978,106.24525353812,17532.5524281168,4435.73986644279,106.24525353812,2133.75848773974,5445.06897821554,7304.36118074578,1328.0656692265,465.581309726405,4968.79833353066,292.174181616697,8313.69162058419,79.6836745404565,26.5613133845301,7669.38374851656,2380.46288819973,3293.60285968173,11973.3970310389,0,531.226002077468,8951.16287619978,53.1223611559263,26.5610477713963,6919.22213667009,1062.45226976807,7645.2307494166,50197.5852409315,1118.6746018091,2636.21035341461,79.6839401535903,462.166056051422,504.664688692938,185.929724917978,119.525910230385,3837.28771141535,106.24525353812,3001.4284124519,164.807106062065,1726.48536999446,5735.03007120103,26.5613133845301,26.5613133845301,1115.57516215026,2735.81501299347,0,10791.640106781,770.277822538239,159.367880307181,106.245784764388,158.040345864222,156.712014581861,584.348363233395,2045.22113060882,4887.28272520607,53.1226267690602,26.5613133845301,6241.90784852517,0,19580.5582468209,0,26.5613133845301,79.6839401535903,10091.9712860653,4940.4042895226,80053.9286245114,38056.1661224584,4208.57742107921,7826.73296900651,929.645968458554,239.052086073905,4090.44172999137,1632.63654702603,20784.2269265554,19362.2481559821,112.885581884253,1912.41456368617,179.288865345578,0,19748.3370326244,3718.58307699481,13851.7246644193,11633.8547311979,7569.97272091228,26.5613133845301,0,185.929193691711,616.222736134232,38043.0411150626,2257.71163768506,2402.91357272487,717.155461382313,650.752177920987,1381.18829599557,119.525644617252,2403.79886129997,3957.63569429499,10925.5537492455,0,780.017590543212,6158.93588338771,106.24525353812,53.1223611559263,221.34445527984,7601.60697954012,3638.89993368062,2523.32477153036,1248.38172907291,1567.11748968728,268.269530796888,571.068237767397,12304.527362931,53.1226267690602,5737.24342544537,26.5613133845301,478.103640921542,0,0,0,3877.95148852826,159.367880307181,26.5610477713963,3399.84811321985,1181.97791438532,345.297073998891,8340.25187151618,6450.94113505128,7091.87067366954,2735.81501299347,345.29627715949,11323.9731844003,483.415637985314,6573.92532828433,1384.98417329135,26161.5658837061,23649.0544884677,0,3815.97544478187,2881.90250222152,4788.62550767565,0,5896.61183697882,74428.119470787,0,0,79.6839401535903,2284.27321668272,7963.96704125723,3054.55024238156,3373.28733106159,2142.61270155647,1739.76629229986,17213.9449586461,39829.5752399043,185.928928078577,9083.96944312243,9783.41700809754,0,1540.55617630275,5538.03357506139,318.735760614361,48.6956526672606,159.367083467779,110.671962026786,140.543080672163,125.070318786272,132.80656692265,53.1226267690602,53.1226267690602,0,318.735760614361,1301.50409022884,398.419435154818,26.5613133845301,132.806301309517,2363.95662561005,0,159.367614694047,53.1231579953279,53.1231579953279,26.5613133845301,53.1226267690602,26.5613133845301,0,0,0,0,0,26.5613133845301,0,26.5613133845301,0,0,0,0,26.5613133845301,0,0,0,0,26.5613133845301,0,0,26.5613133845301,26.5613133845301,26.5613133845301,0,0,0,0,0,26.5613133845301,0,0,106.24525353812,0,129.854808166228,0,0,0,0,0,0,0,0,0,0,0,0
"L22","98","10 weeks",10,"TDP43","Male","Male TDP43",2250.25468680654,1125.1272061926,68.60505976244,54.8842673470214,6321.29494285052,0,82.3264010205321,29407.8076712749,164.652802041064,445.020025879211,229.828143936989,167.397015408415,768.3797428583,14693.1226445811,11265.4538821872,6291.10914465233,4041.71751294982,260.700544319688,3004.15184361865,289.514784676875,576.284807143725,0,15588.9966195372,548.842673470214,17703.3441393257,4033.99365000607,2996.68209483272,1097.68507251909,4666.17588807205,1815.75487729241,2195.36987061685,3044.52031993773,8293.53337341072,439.074138776171,2524.67684680566,54.8842673470214,54.8842673470214,9505.47294621546,15508.660596472,3485.1512509572,9494.9782510347,109.768534694043,581.316322352763,8424.73448892511,459.198553084304,439.074138776171,6041.84318859172,3155.84454918972,8398.66528519929,32120.6261400181,5367.09188950739,1742.57548826793,329.305604082128,3742.38832358595,2579.56111415268,1975.83362449277,237.831916644205,2272.20811932401,0,82.3264010205321,54.8842673470214,329.305604082128,3494.29771411058,73.1788401818041,192.095484557248,137.210668367554,2332.58108782707,0,7140.90146547983,768.378096330279,2634.44483265703,2716.77095925622,2015.95155413141,1696.22709660005,3819.48727256302,1317.22241632851,3979.10965708039,0,412.154777749141,3477.63677149338,54.8842673470214,11630.8911715705,384.189597007813,301.863470408618,82.3264010205321,5751.41403202084,5570.75395898668,107435.016731772,35409.0406183498,3930.17182567908,7847.14233853318,548.842947891551,1619.08588673713,5172.84219745677,11820.0780643797,16680.2432186538,22227.8648310604,451.423098929251,1866.06508979873,728.588100189036,27.4421336735107,15010.8432775116,2689.32937442539,12613.3181849755,10560.6476838823,11570.7789033374,219.537069388086,521.400539796703,164.652802041064,960.475776258222,20037.4521074703,1276.0581181329,2329.11761613614,27.4421336735107,498.989372489557,109.768534694043,607.64759845517,1298.47010870406,850.706143878832,6114.72839794322,301.863195987281,3510.30635721036,2235.16206212878,260.700269898352,350.42781437063,1294.35378865303,5366.60534047736,1351.52480899907,658.611208164257,274.421336735107,192.094935714575,545.183813787525,3486.32714638511,12283.8608258942,686.053341837768,3567.47710313505,137.210668367554,740.937883606126,466.516546871019,27.4421336735107,137.210668367554,6515.21972003844,1262.33760013882,356.747188912966,2744.21309292973,2661.8866919092,1975.8330756501,7950.63842473347,24306.9354880116,3073.5189714332,4088.87846619577,3384.9860909422,9302.88166879211,2085.60161034414,35984.8704349173,1183.92966138553,20009.888679566,25647.6107750415,27.4421336735107,3965.3883158223,2661.88696633054,3588.18932794647,274.421336735107,3787.01472136581,61806.6051155946,658.612031428267,439.074138776171,27.4421336735107,2360.02294707925,4495.93669087906,2639.01806423372,2195.37124272353,1278.3462432386,1609.9383258984,11308.4471985921,34486.0708294472,1372.1064092542,7093.79237786653,6197.34815537272,82.3264010205321,2826.5397683716,3443.98695276158,2058.16194646266,334.40243156931,615.618989444651,916.044766470114,1488.43059526151,1490.02004364388,192.094935714575,54.8842673470214,384.18987142915,0,2058.16194646266,1646.52911809599,2634.44455823569,109.768534694043,356.748286598313,2236.53361996979,0,2277.6979181654,54.8842673470214,54.8842673470214,187.978615663548,470.632866922045,27.4421336735107,27.4421336735107,27.4421336735107,0,0,27.4421336735107,109.76880911538,109.768534694043,0,27.4421336735107,164.652802041064,329.305604082128,384.189597007813,100.620973855315,27.4421336735107,27.4421336735107,1180.01174796096,27.4421336735107,472.396298431905,164.652527619727,0,219.536794966749,109.76880911538,0,27.441859252174,493.958406123193,411.632279523997,54.8842673470214,246.979203061596,0,27.4421336735107,54.8842673470214,0,109.768534694043,0,0,0,0,0,54.8842673470214,0,0,27.4421336735107,0,0,0,0
"L23","99","10 weeks",10,"WT","Male","Male WT",667.346724508656,667.346434357906,188.597987361142,58.0301499572744,4408.42166532123,58.0301499572744,0,22454.0634907006,556.121786839297,29.0150749786372,220.514859988393,159.582912382505,0,25046.5044409471,9741.98058196457,2776.25870400494,2505.88143766576,641.336740845556,9038.42159312882,243.726629820553,145.076535496185,0,17203.9446759271,319.16553461426,21153.714605634,4584.38242692618,2052.91781735026,1663.53144902645,3776.79510946803,6663.79535999318,1595.8288336743,1541.79522014458,4022.52406961285,3394.76377250055,6905.58813506641,0,29.0150749786372,7824.08876828864,11528.8179754292,2118.10134389277,4823.75621519844,29.0150749786372,1735.09887236576,12955.2309779615,223.899468484651,145.075374893186,2978.88025740475,2783.02850129895,9321.09254673645,51884.2423493689,3851.54258502499,2118.10018328977,174.090449871823,2414.74566745936,1682.87463891171,957.497474295028,1906.29013594571,3072.21304908854,29.0150749786372,1798.93464867551,280.479154843743,1421.73867395322,3404.43478714168,603.513269404904,1508.78418903988,203.10552485046,1189.61778397338,58.0301499572744,6893.98094447195,3339.151738892,1508.78447919063,1479.7699845135,2014.2912086342,1243.07660886777,2173.71250704907,1958.51727090726,5686.95411551139,58.0301499572744,266.938689803462,5190.10606474296,145.075374893186,10088.5406996199,261.135384656985,377.195974722284,377.195684571534,5574.52128027067,5199.50056571954,102920.463713694,21855.1212562078,5460.49783861963,12918.2704148507,1487.02201235366,1247.6488043829,2727.4158873889,9462.78273283188,12592.5405096733,30097.2000340357,137.821606148527,2060.06974318174,355.434668488306,0,16495.064612491,3713.92901696406,7326.4428029583,9721.5020321954,9560.46836606396,261.135674807735,1073.55719390808,319.166695217259,1334.69286871581,44280.9330585525,2219.65265556425,2825.79178925472,87.0452249359116,948.308690200043,996.184144216294,348.180609592897,2423.2424420161,3249.68839760737,7605.74887832065,203.10552485046,9494.70047591138,5247.59914566238,557.572830738978,585.459799602446,614.151936796571,8286.71469872278,6064.15067053518,2040.72684344723,928.482399316391,1218.63314910276,207.94146739715,2428.56177571193,15922.5049152241,638.331939680768,4526.35082621515,290.150749786372,493.256274636833,290.150749786372,0,203.10552485046,3538.87294539695,870.452249359116,319.166114915759,3539.83885724299,3017.56750762752,1711.8888434381,6370.2579706553,22189.6697131235,7805.05516925341,2524.31210344294,3091.55768972754,7253.7687446593,1839.55778470085,22107.5532789742,3640.70106088373,20244.3682285675,27069.334205846,58.0301499572744,1682.87434876096,1189.61778397338,1411.8596212245,58.0304401080242,3394.76377250055,47083.22089617,304.657706974191,261.135674807735,0,1392.72417927609,3099.77737031824,3881.04395266027,1624.84390865293,585.137442119434,638.331939680768,16025.9895013414,22567.4404764811,2089.08510831113,4719.78649702748,3196.49448034753,29.0150749786372,2988.55272279963,1827.94914335264,1287.94581096548,143.094805875144,558.102646008088,546.450772198167,1091.20909507283,1019.39591404845,290.150459635622,232.120599829098,464.241199658195,29.0150749786372,1291.16967594636,1537.79868371702,1392.72359897459,203.10552485046,928.482399316391,1973.02422809508,0,1392.72301867309,377.196264873033,367.524669930404,140.239142195747,614.151936796571,29.0150749786372,319.165824765009,319.165824765009,0,29.0147848278874,58.0301499572744,203.10552485046,0,0,0,87.0452249359116,290.151039937122,938.15399425902,145.075374893186,0,29.0150749786372,1102.57284918821,145.075374893186,159.582912382505,87.0458052374112,29.0150749786372,87.0452249359116,0,0,29.0150749786372,290.150459635622,319.166114915759,29.0150749786372,58.0298598065246,29.0150749786372,116.060299914549,0,0,58.0301499572744,0,0,0,0,0,0,0,0,0,0,0,43.522322317206,58.0301499572744
"L24","101","10 weeks",10,"TDP43","Male","Male TDP43",1730.04624698165,887.78688989848,68.29129922296,91.0550656306133,6072.77145885342,22.7637664076533,45.5275328153066,24383.2094322395,216.255780872707,45.5275328153066,206.771029961294,56.9094160191333,147.964481649747,17802.7561298469,10149.7599737252,4782.66686697264,3711.02864532041,477.84924474888,4775.40864005356,182.110131261227,986.429346510428,0,14081.9975678509,364.220490160117,18280.4860924598,3528.38197208495,3125.02965691942,1821.10176788759,5122.87568105063,3133.81169036183,1843.86507901992,2703.08731191708,6791.56993536103,2230.84910795003,3824.31207357277,91.0550656306133,0,9071.5298205966,14496.5262094096,3255.21859629443,7420.22936019828,91.0550656306133,707.634442548311,9879.47484855921,687.46574551113,478.038639285392,4731.06937584473,2731.65265183139,9306.96498521841,39160.2020889785,4350.15439467657,2598.86295214431,227.637664076533,3450.24261223871,2481.25099370954,1570.69965449042,637.385004138965,3024.60024464447,0,705.676758637253,151.758290959246,364.220262522453,3689.62683505692,110.025022728767,637.386142327285,159.346364853573,2316.21300434106,45.5275328153066,6357.91973001991,1195.09728112647,2367.43125112062,2982.05339940259,1374.08263017292,1206.77691439491,2966.8774792516,1646.57925524537,4757.62695156188,0,469.150299053859,4665.67840809977,68.29129922296,10606.3970303847,295.928963299493,409.74779533776,267.474255289927,5916.30266171143,5809.31250432014,108467.158651603,30171.0959967037,4570.58459503311,10654.9596561752,660.149908734939,1659.47788820493,4776.59668102237,12261.6859302953,14295.6446210933,25648.5315669076,260.645125367631,1115.42455397501,786.487674109094,22.7637664076533,15841.6833768836,2640.59713092545,10130.7834151347,9720.12689024198,10223.7763601996,250.401202846522,1069.89633824671,182.110131261227,1133.63556710114,28745.6967802804,1866.62884542757,2786.39336382487,22.7637664076533,928.328474957518,546.33039378368,660.148542908954,1974.37680860258,1388.58975086685,6430.11342171813,386.983801292442,6100.30992526508,3446.03177072863,244.331244533922,564.892879463137,1016.78141445007,6368.39811933502,2741.13694746748,842.259129445509,455.275328153066,523.566627376027,399.883344802667,4617.73700549459,13338.934737454,956.078416759104,3277.98259033974,318.692729707147,519.013646456832,1064.20585192013,0,178.315866676399,6227.02716262525,978.841955529093,432.511334107749,3460.0924939633,2752.13913104762,2268.78833923334,7174.38068299562,21967.0785174546,4666.57211356893,3323.51035079271,4193.84357807345,8627.46701322528,2318.86862533018,31179.9062230708,2299.14200063663,19445.4056760974,29215.3979624813,136.58259844592,2757.07158395283,1555.52418961475,2667.18179552463,295.928735661829,3437.32895519332,53019.1579971906,705.676303361925,318.692729707147,68.29129922296,1684.51894180401,3691.52396734934,4416.36030525892,1502.40812762979,743.616217558233,792.938014958367,11921.7625738481,29612.6218164545,1206.4791643303,5986.87033757516,5070.62896730478,22.7637664076533,2777.17950173371,3909.67733578979,1752.81115157763,261.783541325677,550.882464152218,826.324720597816,1837.97176753464,1376.39110372432,159.346364853573,45.5275328153066,455.275328153066,91.0552932682774,1752.81115157763,1638.99095371338,2162.55780872707,182.109903623563,591.856788410666,2236.5402771896,0,2640.59667565012,341.456268477136,311.104655812819,239.751174732702,374.870290636274,0,113.818832038267,113.818832038267,22.7637664076533,68.2910715852959,22.7637664076533,204.874125306544,45.5275328153066,0,0,295.928963299493,500.802633330709,819.49559067552,96.3399016398141,0,22.7637664076533,1092.66078756736,0,553.701528984142,136.58259844592,0,182.109903623563,0,22.7635387699892,45.5275328153066,773.968285497877,660.148998184282,68.2915268606241,250.401430484187,0,136.582370808256,0,22.7637664076533,0,0,0,22.7637664076533,22.7637664076533,0,0,0,0,0,22.7637664076533,0,11.3818832038267,0
"L52","73","12 weeks",12,"WT","Female","Female WT",4069.0456505585,1825.36627314774,114.085392071734,38.0284640239113,6047.40727959796,0,608.45542438258,37630.794291059,162.254906596901,38.0284640239113,38.028083739271,152.113856095645,0,22530.0532581413,9382.25600919419,6759.55795911167,1081.46829101296,144.508163290863,9722.85376409331,0,228.170784143468,114.085392071734,6482.20306102287,152.113856095645,19505.4319915054,3574.67561824766,911.2034490387,1977.48012924339,4965.24991281689,8309.21938922461,1407.05354916936,1041.55703773522,3714.92915698353,494.369652026206,7795.83512490181,38.0284640239113,0,7593.70090893695,5277.1053743221,3498.61716906128,9533.10199629928,38.0284640239113,570.426960358669,10876.1414714079,63.3801395654517,76.0565477631823,5919.76435981707,1330.99662112153,7485.26882832701,46923.1415041846,2548.04323150326,2810.93742586232,0,1085.07947395667,760.570041047506,228.170784143468,57.0426960358669,3202.72073276834,190.142320119556,1559.16702498036,173.844841577469,1597.19548900427,4500.03516301926,19.0142320119556,38.0284640239113,1407.05316888472,3498.6183099152,38.0284640239113,10271.4881328584,152.113095526365,722.540816454314,874.655052834599,517.187110725193,401.094196037637,722.540816454314,1749.30934509992,5171.87148753657,114.085392071734,304.22733190665,5808.84787965245,31.6910204943264,19334.9385984624,114.085011787094,304.22771219129,190.143080688837,10220.7825000675,5476.09843915858,80034.9426823392,35592.7393820412,4727.48226549235,14076.8695126614,798.597744502136,228.170784143468,3498.61716906128,4382.14350198337,20915.6563540051,20138.7876935616,47.5355800298891,1863.39473717165,180.634823828938,0,17502.602848713,3308.47637008028,13057.5617883726,11142.3407195753,8860.6309767174,38.028083739271,228.170784143468,304.22771219129,562.823549261728,36734.6253952721,2890.1636461019,2087.76191434345,380.284640239113,690.850176244628,1407.05316888472,38.0284640239113,2525.08963090307,4449.33029079762,10037.4765569255,228.170784143468,918.387406177457,5123.48102763543,123.592508077712,139.437067613274,456.341568286935,7655.53785343231,3162.7007180835,2091.56552131512,950.711600597782,1292.96777681298,249.720373851897,760.569280478225,12967.7050912998,76.0569280478225,6084.55386354116,76.0569280478225,456.341568286935,38.0284640239113,0,0,3954.95987820213,646.483888406491,76.0554069092616,3270.44866662565,1711.27974022209,1178.88314531053,7073.29316759357,10170.757196498,9164.85982976261,3346.50521438883,950.710079459221,9811.34409845374,418.313104263024,13690.248189462,1559.17006725748,24769.5692793108,25567.8027111275,0,3755.3104420766,2357.7647694825,4072.89337054844,0,5400.04151111076,66844.2135792169,380.284640239113,0,38.0284640239113,1977.48012924339,6483.85311607687,3700.16916924193,3004.24903817363,1644.73068874952,1628.88574892932,18093.9416614384,36844.5124449156,342.256176215201,7472.59318069856,7329.98606032426,38.0284640239113,2129.59398533903,5495.11267117054,456.343089425496,136.268535990802,266.200008736659,396.130340628596,541.272058130097,547.97229320647,76.0569280478225,114.085392071734,266.199248167379,0,456.343089425496,1863.39435688701,912.681235150669,0,456.342328856216,2623.96401764988,152.113856095645,722.540436169674,190.141559550276,190.141559550276,76.0569280478225,76.0569280478225,0,0,0,0,38.0284640239113,0,0,0,38.0284640239113,0,38.0284640239113,38.0284640239113,38.0284640239113,114.085392071734,38.0284640239113,0,0,38.0284640239113,38.0284640239113,0,0,38.028083739271,38.0284640239113,0,0,114.085392071734,0,0,0,38.0284640239113,38.0284640239113,38.0284640239113,304.22771219129,0,38.028083739271,0,0,0,0,0,0,0,0,0,0,0,0
"L53","74","12 weeks",12,"TDP43","Female","Female TDP43",4484.08867143345,2954.95244246536,30.996004641245,61.99200928249,3519.32562857284,20.6640030941634,72.3240108295717,47912.631895648,129.150019338521,86.7888129954861,24.9689348587704,72.3240108295717,330.624049506614,13767.1953401769,8982.88763338957,8906.8744780876,2474.74229448019,517.879179145613,3747.32211335232,78.5232117578207,247.96803712996,20.6640030941634,7837.18665327588,475.271864525726,12205.8085949397,4401.43245241676,1845.18058445158,1012.53594497397,5920.23667983777,2510.67637594085,991.871735239779,1869.07499114946,6834.47148241244,309.96004641245,2727.64820178953,0,41.3280061883267,8784.17679371523,10002.3766021247,5207.32857308913,13676.1257723004,20.6640030941634,433.94406497743,7149.74486394049,144.647815019113,82.6560123766534,7755.8895057427,1407.21799079243,5458.74005969471,36491.3520156212,2542.6074267221,1870.09207338175,144.648021659143,2179.06830660689,1487.80718957961,1033.20015470817,168.756300789042,1422.76558672048,0,516.600077354084,73.8004538506497,619.9200928249,5432.91108902715,103.320015470817,123.98401856498,206.640030941633,5227.99278282333,41.3280061883267,8407.83921664361,361.620054147859,1529.13684888818,2066.40051605637,1123.67914537621,1108.03339543346,1694.4476338013,991.87194187981,2789.64000443199,0,268.632040224124,3434.75013694877,96.9236799530494,20771.2598088636,103.319808830786,185.97602784747,20.6640030941634,9637.2978071389,5076.45579581265,101267.654698383,49310.5097570419,3112.48942941446,8263.87765316726,371.951642414879,537.263873808216,6323.18494681398,7516.90845019842,23753.2717633808,14420.2737189268,195.274829239844,1673.78445726726,341.989044568373,82.6560123766534,14891.3660821867,1983.74450367971,16727.7066061146,10667.7913907218,11068.5255097665,82.6560123766534,103.320015470817,206.640030941633,613.721511816744,18422.0889416661,1746.10784817674,1870.68182403006,82.6560123766534,543.758776620743,516.600077354084,258.299832037011,1283.23459214754,1060.75208995371,6937.84088485065,122.105660683721,1871.46953582801,2436.35374273201,134.316020112062,170.478232166879,523.488009505461,3938.62718095775,826.560123766534,929.880139237351,640.584095919064,433.94406497743,190.453090757852,1973.75511130393,9126.60040226867,247.96803712996,5166.00015362074,185.975614567408,1070.39536027766,61.9918026424591,0,68.8797347938366,5992.56131058743,557.92787690238,185.976234487501,2583.00080005048,1291.50019338521,1095.1917507106,8343.95211163736,13236.4672839073,3368.23250434863,4070.80881619021,1673.78363070714,14588.7859778393,942.278334453818,20103.2058137913,1281.1679851981,23140.2387761472,20593.403907672,0,4989.47067478777,2892.96043318287,5325.77732514528,330.624049506614,4484.08867143345,72997.3130681499,247.968450410022,185.97602784747,123.98401856498,2975.61623891949,7018.87291322413,2577.34320264333,2727.64861506959,1723.7223269848,1759.88433239959,17032.3055835643,44896.681382449,764.568114484044,8926.84913003854,10140.8593118206,20.6640030941634,1694.44825372139,4597.74068845135,1012.53718481416,85.6080718586856,596.304236888736,764.568114484044,1414.24292528432,880.848799335551,144.648021659143,0,165.312024753307,20.6640030941634,1012.53718481416,1115.85616708482,1673.78528382739,61.99200928249,247.968243769991,3058.27245793618,0,1487.80801613973,82.6562190166843,82.6562190166843,103.320015470817,185.975821207439,20.6640030941634,0,0,20.6640030941634,41.3277995482958,61.99200928249,0,0,0,0,82.6560123766534,61.99200928249,0,234.684389380908,0,20.6640030941634,0,0,241.079691698521,0,0,61.9918026424591,61.9918026424591,0,0,41.3284194683886,0,41.3280061883267,0,0,0,0,0,0,0,0,0,0,0,0,0,0,41.3280061883267,0,0,0,0
"L54","75","12 weeks",12,"TDP43","Female","Female TDP43",3506.86739910646,1825.49285890935,24.0196397199073,72.0589191597218,5108.20249484691,0,0,37219.0898841246,162.132568109374,73.2599011457171,32.026106227744,230.188374113376,180.147297899304,17065.2401573016,10311.0560613849,6818.77530908754,2582.72665305965,792.103825720886,5270.46284743959,43.2353514958331,384.314235518516,24.0196397199073,9639.28222378684,552.451953754264,15741.7565675564,3602.9452373969,2383.83851166169,1561.27682199037,4943.29757992106,4083.33899258063,1561.27610140118,2563.624794376,5481.11004365884,408.333875238423,4251.47575003079,24.0196397199073,0,9327.06918199396,12479.5731549378,3386.76944070332,10630.2922056355,0,552.45147336147,8262.75462246971,114.093048473162,168.137478039351,6389.22392529893,2546.08229070296,8378.85042850272,38664.852655756,3183.00291047824,1875.53321453423,72.0589191597218,2228.67956555219,1681.37454019711,960.78558879629,164.134124687234,2739.15407634276,24.0196397199073,960.78558879629,228.186577339119,624.510632717589,3839.13876163665,163.333550095369,120.098678992331,288.235676638887,3410.78860003043,0,8442.9038419402,504.413154707244,2017.64997666861,2257.84637386768,1355.66125989965,1360.18295707692,1849.51249862926,1273.04090515508,4948.0455421045,48.0392794398145,456.373154678238,3753.49745680451,72.0593995525162,16457.4572820778,384.313995322119,624.510632717589,72.0593995525162,8318.00099480749,5236.28145893978,96674.3506703119,39354.5775710987,3594.93925128186,11285.2277953971,456.373154678238,978.800078389824,5364.38636424355,10399.6448162071,20296.594602536,17289.8504504829,216.176757479165,2353.92469255091,432.353274761934,24.0196397199073,15219.245094713,2930.39532523949,15230.2244720289,10816.8441002697,10578.8498236402,312.255076162397,144.117838319444,96.078558879629,742.608715917648,23560.476924272,2109.72398121413,1946.39139190435,96.078558879629,700.687719107289,432.353514958331,888.726189243774,1702.19164135316,1537.25694207406,7225.76576587643,48.0392794398145,2331.50668240753,3527.98906929416,136.11113161521,114.493215670896,720.589191597218,4299.34136747543,1345.09982431481,1249.02126543518,1056.86414767592,720.589191597218,237.794193030685,1273.03898358391,11523.4235968039,264.215796722583,3963.2400733919,240.19663739547,408.333635042026,114.093048473162,24.0196397199073,68.0555658076048,5332.36001781941,792.647870560542,240.19663739547,2401.96397199073,2113.72757476265,1561.27610140118,8225.52418090386,16470.4768875916,5308.3403780995,3194.61232294406,2089.70913602473,11913.741301074,792.648350953337,27574.5466386499,1588.72742704787,22200.437844837,24133.7310870056,0,4426.81960037891,2257.84637386768,3669.5428110735,144.117357926649,4227.45611031088,64198.4867770614,768.62871123343,288.235676638887,216.176757479165,1825.49285890935,4968.06230886508,3526.48303788372,2618.14048927349,1661.35849402572,2209.80709442787,15638.7860534519,39265.5358058714,984.804507927006,8190.69594350639,7370.02604065941,0,2906.37640610878,4515.69226734257,1345.1000645112,248.048897816305,664.697411540171,576.471353277774,1490.39918871207,1210.37894944659,288.23543644249,48.0392794398145,96.078558879629,144.117838319444,1345.1000645112,1441.17814299804,2185.78553313678,168.137478039351,720.588711204423,2041.66937619212,240.196397199073,2185.78769490436,240.196157002675,240.196157002675,168.137478039351,240.196397199073,0,0,0,0,48.0390392434173,24.0196397199073,0,0,0,24.0196397199073,24.0196397199073,24.0196397199073,0,108.660286361314,48.0392794398145,0,0,72.0586789633246,120.098198599536,0,0,96.078558879629,0,24.0196397199073,0,24.0196397199073,0,48.0392794398145,0,24.0196397199073,24.0201201127017,0,0,0,0,0,0,0,0,0,0,0,0,0,0,0,0
"L55","76","12 weeks",12,"TDP43","Female","Female TDP43",5241.90125787631,2799.24676838637,35.6591922304511,17.8295961152256,3350.41164672865,0,98.0627786337405,49968.7095491317,106.977576691353,180.375961835058,44.5739902880639,53.4887883456767,160.46636503703,14823.065136843,9083.01762252051,8612.58658175566,2225.40834925628,356.507053427003,4791.0993543626,85.5820613530827,356.592635488356,0,5796.51117077997,267.443763432422,10955.3514721939,3886.85266630302,2126.24156203109,962.798368518141,5824.07982718122,2938.91170022769,1390.70849698759,1868.40741601689,7037.12870130191,320.93273007406,2977.54290783459,35.6591922304511,0,8643.41431003081,9152.46140324586,4778.33122399256,13398.0500007862,0,356.59174400855,7604.32327803158,39.2251114534962,106.977576691353,7711.30031983505,1509.5719956332,6703.92742614096,35715.0817739137,2411.74938076765,1787.41647566348,71.3183844609022,2003.60086344847,1087.60464984491,855.820078642943,53.4887883456767,1383.06744527645,0,766.672632954699,102.862327611998,695.354248493796,5383.05228655384,35.6591922304511,71.3183844609022,356.591922304511,4867.47991775254,35.6591922304511,9225.4286687555,338.762504485247,1622.49271159764,2121.7221160078,822.071862524122,768.344870774346,944.969307290799,1034.11657468308,3244.98667126701,35.6591922304511,213.954975086745,3753.76685542821,35.6591922304511,21377.9833181146,106.977576691353,338.762326189285,53.4887883456767,9852.04073113108,5277.55973692292,97165.4669453859,49830.1529049849,2248.69362348681,7386.0790370074,615.12088767932,591.34868717889,6079.8928101798,7656.40887716299,23722.2765615318,15260.0084518883,196.719817706002,1604.6636503703,302.508873520314,17.8295961152256,14803.0218180741,2121.72229430376,17386.8141423404,11927.9998010859,10403.5693332341,124.807172806579,178.295782856294,35.6591922304511,681.0911064895,19062.6319665914,1462.0268814485,1644.99241382333,142.636768921804,460.258364701306,534.887883456767,425.533265011331,779.747432377916,1996.91476490526,7132.79339925815,89.1479805761278,1221.03011452571,2756.73780192037,44.5739902880639,168.390550734481,433.853624334463,4300.12220021841,876.621868430577,1265.90132418101,659.695056263345,374.421518419737,168.192642217602,1377.03836735009,8223.9006732599,160.46636503703,4956.6277200327,213.954975086745,766.672632954699,53.4887883456767,0,35.65901393449,5420.19632754876,837.991017415601,89.1490503518947,2620.9504506422,1255.71295807289,1069.77576691353,7737.91010055722,10712.2465338264,4403.91024046071,3869.02271359587,1925.59602385244,15476.0897846077,962.797833630258,17590.3787419951,820.161421300375,25326.9416382698,20761.0780444561,0,4818.44835013971,3530.2598525187,5534.05202753349,53.4889666416378,4796.16117669971,75646.2179542908,418.995687003762,160.46636503703,71.3183844609022,2817.07707768544,7592.43646459752,2638.78022505338,3066.69071011476,2092.00588475448,2225.72821221059,16213.0458297172,44706.82220549,695.354605085719,8228.35753740083,11393.1119176291,0,1675.9820348312,4403.91024046071,1069.77665839334,124.807172806579,271.009504359506,406.514791427143,1191.46293869591,891.840855082611,106.977576691353,71.3183844609022,303.103133958834,71.3182061649411,1075.71979766643,1158.9235691937,1854.27799598346,213.955153382707,320.932551778099,3013.20174347312,338.762326189285,2103.89216330065,231.785106089854,231.785106089854,160.46636503703,374.421875011659,0,0,0,0,0,35.6591922304511,0,0,17.8295961152256,0,17.8295961152256,53.4887883456767,0,293.848860391188,0,0,0,71.3183844609022,83.2044847111173,0,0,130.750133783706,35.6591922304511,17.8295961152256,0,17.8294178192644,0,35.6591922304511,0,0,53.4887883456767,35.6591922304511,53.4887883456767,0,17.8295961152256,0,0,0,0,0,0,0,17.8295961152256,0,0,0,0
"L118","78","12 weeks",12,"WT","Male","Male WT",4431.91244227668,1908.87621704337,0,49.7967708793923,3673.1170491106,0,49.7967708793923,44402.7660669421,95.4438108521686,70.5454254124724,94.0604565571391,58.0962326926244,423.272552474835,15979.0723453304,9559.14201003016,7187.05755818058,2984.75254878398,461.864883917127,4645.75620936718,16.5989236264641,298.780625276354,0,9132.9211567408,165.989236264641,14439.2456409082,4614.50110013549,1495.83955681203,1128.72680659956,5734.37420686193,3250.62265417538,1178.52357747895,1508.20990464465,6934.1203381435,199.187083517569,3933.94473348276,49.7967708793923,82.9946181323205,7576.06478662406,9274.50964329606,4846.88553293828,13100.9766782759,99.5935417587846,182.588159891105,6274.39313080343,173.735455953403,199.186917528333,7602.30685493132,2157.86040341881,5960.3967702064,34396.6517272724,3922.12829173155,1993.25369150301,165.989236264641,2126.55001977144,1659.89302660336,796.748168081041,141.090850824945,2102.80691941615,0,1145.32573022602,42.6831361700348,414.973090661603,4982.44346455082,33.1978472529282,91.2944119240251,165.989236264641,3352.98257254575,16.5989236264641,7783.78853057349,273.881741868949,1062.33061412599,1776.08482803166,1070.55189500895,1133.63643622979,1759.48573841596,1095.52879335739,3751.35673958089,33.1978472529282,132.791389011713,4143.09150315468,203.53434161534,19958.9023133399,149.390312638177,448.170937914531,49.7967708793923,9486.5620545488,4730.69339953151,97879.1318913794,47115.2136056124,3250.85935482629,8159.95283982871,464.769695551759,875.593387285218,6573.17325811208,6362.31430946809,21230.0234842368,19023.9483533495,361.579831000064,1195.12266709465,501.564197576069,33.1978472529282,16061.3953710128,2357.04698896867,15917.7394885198,10346.6620065211,12017.62070556,99.5935417587846,232.384598792025,116.192465385249,464.77052549794,20862.8768722202,1076.16349311934,1793.82974134529,82.9946181323205,818.0505627063,215.786007144033,218.552715734092,1533.1868029931,1676.49128627287,7099.21472643544,66.3956945058564,2300.33411057107,2656.84944398347,149.390312638177,203.059944378096,572.662865113012,4659.08082931909,1444.10635550238,1062.3311120937,348.577396155746,514.566632420387,477.219054260843,3677.21482538627,10540.31534088,232.384598792025,4514.907060409,232.384764781261,813.347091707505,614.160174179172,0,213.019298553974,5046.07278244509,854.844566762901,182.588159891105,2639.22869061856,1668.19215643811,1344.51248176512,7820.85857473,15634.8745751735,4149.73090661603,4050.13769683571,1543.69956528269,13760.5076863387,1683.13068973422,21273.1810176441,1280.88299788161,22948.0112496297,20124.807559051,49.7967708793923,5284.82041262008,2672.42670386072,5183.29060642027,248.983854396962,4299.1212192542,71349.7797053268,215.785841154797,182.588159891105,66.3955285166201,2174.45882907756,7732.33153535298,2996.10554858753,3485.77429353593,1904.72665212599,2002.93667360051,15700.6436603124,41008.4702673932,547.764147694843,8863.82521653183,9320.29561625959,66.3956945058564,2274.05253682558,4797.08876205889,1610.09559176702,54.4074538951152,413.128950246702,329.212095917695,970.555995341455,792.058806167328,149.390312638177,132.791389011713,215.786007144033,66.3956945058564,1610.09559176702,1477.30403676607,1444.10652149161,49.7967708793923,381.774911430202,2821.8170164989,0,829.945849344733,215.78617313327,215.78617313327,87.1443490389365,464.769861540995,16.5989236264641,0,0,16.5987576372278,49.7967708793923,16.5989236264641,33.1976812636919,33.1978472529282,16.5989236264641,16.5989236264641,199.187083517569,66.3956945058564,0,91.2940799455526,16.5989236264641,16.5989236264641,0,0,453.704189105413,0,0,199.186917528333,16.5987576372278,0,16.5989236264641,116.192299396012,0,33.1978472529282,0,16.5989236264641,33.1978472529282,66.3956945058564,16.5989236264641,0,49.796604890156,3.31978472529282,16.5989236264641,0,0,0,0,0,0,16.5989236264641,0,0,0
"L119","79","12 weeks",12,"TDP43","Male","Male TDP43",3186.7454884267,1922.58198888553,0,52.6734791475488,6979.08376069548,0,237.03065616397,34598.5742513326,26.3367395737744,0,0,26.3367395737744,0,28041.604691095,9550.57746604142,6110.12358111566,710.892862740731,182.382184915783,10844.5910262155,0,553.069950844888,0,5898.93558729106,79.0099553539275,21582.8337712973,3897.83772028601,907.88693413944,2133.27564210833,4859.12792462659,9573.404835067,1738.22481186911,725.513703715112,5248.2845925492,131.683697868872,10198.9029266789,131.683697868872,184.357177016421,7370.08558059263,3303.25422032056,3239.41896757425,9711.23368438062,0,342.378141193859,12615.2972023684,26.3367395737744,26.3367395737744,5148.8320599381,1764.56128807549,8816.22330895359,51623.9453269597,1910.60535656436,2723.65764200957,105.346958295098,675.9769302508,579.408533990433,263.367922472535,137.828849313621,4148.53793439095,52.6734791475488,2317.63308249215,108.42519641648,2027.92894718063,5747.99367534366,92.1783251408147,52.6734791475488,684.755228918134,2791.69465818748,0,9661.50728639137,250.199025950857,500.399105371297,737.428971433079,340.496117783917,348.648392151583,1395.84719741004,1764.56155144288,6136.45979395464,0,52.6732157801531,6309.40499834635,22.5747996930565,16699.0607158798,52.6734791475488,210.693916590195,105.346694927702,9274.92213772075,4029.52089142009,76404.1364491602,30415.8615003034,4495.99485244422,9652.77876416183,948.122624655878,395.051356974012,3292.09191998701,2878.60537204615,19410.1762757695,21969.5421759092,256.7832108443,2501.99025950857,269.951317263792,0,18340.2470206872,4345.56150293799,9756.59081727457,12444.1102387106,8115.47851870542,52.6734791475488,131.683697868872,79.0102187213232,215.962317974533,44298.6696018127,2284.71215802493,2984.39162715733,763.765447639458,399.440901358773,1106.14306209852,79.0102187213232,3244.6868422238,4635.26616498429,11345.1776491726,79.0102187213232,1409.89337072692,6053.93809774595,258.100047822989,52.6734791475488,311.651593867928,8972.27375827611,4459.68781337,3292.0924467218,1922.58198888553,1527.53089527892,405.585789436126,779.567491383722,14636.6443349621,0,5293.68491769605,79.0102187213232,421.38783318039,47.4061312327939,0,0,3134.07227264655,79.0102187213232,26.3367395737744,4055.85789436126,1277.33160596066,605.74448346202,7437.49420216431,8974.68093627316,9691.92016314898,2844.36734723284,474.060785593148,9112.51241926074,421.38783318039,11843.4840372173,1606.54058726545,23958.5314635278,27690.8846510085,0,3331.15878600116,2317.63281912475,3342.38324104011,0,4872.29655778087,69156.3260295911,237.030392796574,52.6734791475488,105.346958295098,1659.2138030456,5846.75592201052,4121.69974329569,3292.0921833544,1485.83088204218,1325.61606745824,15432.4542203758,36239.3531267788,289.704135311518,7110.91836808211,7503.77587464962,26.3367395737744,1975.25546803308,4095.36300372192,500.399368738692,19.313521231636,252.832699908234,70.2311299518013,299.549862033778,263.869110626624,0,52.6734791475488,105.346958295098,26.3367395737744,500.399368738692,1896.24551267915,579.408007255641,52.6734791475488,79.010482088719,2475.65351993479,0,316.040874885293,52.6740058823403,39.5056360954531,140.462523270998,122.90460909935,26.3367395737744,0,0,0,0,0,26.3367395737744,52.6734791475488,0,0,0,0,0,52.6734791475488,0,0,0,0,105.346958295098,0,0,131.684224603663,26.3367395737744,0,26.3364762063787,79.0099553539275,0,0,0,52.6734791475488,0,131.683697868872,158.020437442646,0,48.2841981301836,0,0,0,0,0,0,0,0,0,0,0,0
"L120","80","12 weeks",12,"WT","Male","Male WT",2620.27741996278,1497.30138283587,0,0,4791.21469493651,0,1403.72004640863,28706.0721416164,569.286151327935,0,31.1934668712926,46.7906682136211,0,23195.1280672848,12071.9886558608,5107.97909642245,2074.38473111493,171.567343138884,7856.15412888034,0,187.162672854484,93.5813364272421,9936.59357246211,187.162672854484,20764.1376165134,5427.71376952659,1678.22405217739,1871.62485691811,3883.62265429046,5630.47645116349,1965.20712915872,1434.91257746656,8103.47462804371,842.232027845179,5334.13336891271,93.5813364272421,93.5813364272421,7780.06595167144,6376.9747718436,3275.3486465802,8397.36400765337,0,1216.55550192742,8328.73987783791,93.5804006138779,93.5813364272421,7689.26678837618,2489.26354896464,7236.9573075823,52140.5400916941,4752.37188962566,1583.08458649863,93.5813364272421,1653.26778137897,1122.97978038036,187.162672854484,0,3450.03131240875,187.162672854484,2339.53341068105,187.162672854484,1310.13870998139,3961.60959681546,360.958187613701,0,2526.69608353554,1590.88271926312,93.5813364272421,11646.199189997,1731.25191646389,655.068419177331,1497.30044702251,510.01828352847,502.999683296426,3088.18223047226,1029.39470069966,4211.16107503926,0,93.5804006138779,6480.50661177315,0,12149.9746625724,0,280.744009281726,187.162672854484,6987.4058293585,4959.81083064383,81257.5531485234,31583.6973009408,6339.4664363902,24627.4877458936,1403.72004640863,842.231092031815,4117.57880279865,4991.00523332849,17406.1248322136,25315.9806110027,116.976670534053,1310.13683835466,257.347739361552,0,18154.7876892053,3930.4151941308,10278.3488698409,9732.45524517972,10995.8079660143,0,561.488018563453,280.744009281726,1243.07270941744,28297.583057418,2339.53528230778,2498.62261842073,1029.39470069966,748.649755604573,1122.97603712691,374.324409895604,1707.85938979717,3462.50944780796,7611.2817174779,0,1500.42044877899,4384.95471817175,374.325345708968,249.547734970341,779.84415828923,8412.17980483653,2199.16140604019,1216.55737355415,842.232027845179,655.069354990695,411.757880279865,1516.01765012132,12633.4822893044,93.5813364272421,3930.41612994417,93.5813364272421,280.744009281726,262.027741996278,0,187.162672854484,3743.25252127632,748.649755604573,280.745880908455,2433.11568292166,3743.25439290305,2058.78846558596,6410.32060945272,16140.1827158,9358.13364272421,3368.92717556735,1778.04445630424,8047.99118948937,1122.97510131354,22272.3627487504,3743.25064964959,20587.8949498066,24685.4239512757,0,3999.04213138636,1403.720982222,3188.22722980653,0,5240.55577573892,61464.2264444794,93.5832080539707,0,93.5813364272421,1497.30138283587,5115.77910081366,4608.0367153871,2433.11568292166,998.201233828371,764.246956946901,19761.2545084236,35334.7479549816,374.325345708968,8047.99212530273,5482.30631375815,0,2339.53341068105,5240.55483992556,935.809621018964,62.3878695559495,436.714151078282,249.54960659707,235.959724921105,419.115244949775,93.5813364272421,0,280.744009281726,0,935.809621018964,1778.0453921176,1778.0453921176,0,467.909489576303,2433.11381129493,93.5813364272421,655.06841917733,93.5804006138779,93.5804006138779,280.744009281726,655.069354990695,93.5813364272421,0,0,0,0,0,93.5860154940635,0,31.1934668712926,0,0,0,46.7906682136211,0,0,0,0,187.162672854484,93.5813364272421,0,0,187.162672854484,280.744009281726,0,0,0,0,0,0,93.5813364272421,93.5813364272421,280.744009281726,280.744009281726,93.5813364272421,0,0,0,0,0,0,0,0,0,0,0,0,0
"L56","81","12 weeks",12,"TDP43","Female","Female TDP43",4147.7742778283,1914.35735899768,24.5430430640728,49.0860861281456,4736.40357830765,0,73.6291291922184,40916.9541241338,134.9867368524,422.958360327378,0,36.8145645961092,490.860861281456,15110.6838241488,10700.2982492436,8181.01451831122,3374.92268723615,291.24394740671,3894.922030965,284.699299543244,147.258258384437,49.0860861281456,7913.1483102839,564.489990473674,15376.8298102878,3755.08632509443,3505.21458538083,1681.19795902812,5090.22762234956,2712.0067494409,1472.58233841394,2934.4131059528,7197.13030822393,294.516516768873,2945.16467682787,73.6291291922184,147.258258384437,9998.43201124485,14256.8200661499,4147.77403239787,11913.601744968,24.5430430640728,638.118628805031,8688.23773554263,98.1724176867218,294.516271338443,7657.42919056028,1840.72872066632,7088.84836566869,35057.785599674,3835.90214815667,1568.70982975256,98.1721722562912,3681.52787986624,2184.3318144242,1521.66891540294,98.1721722562912,1730.28478144756,24.5430430640728,539.946947409601,98.1721722562912,564.489990473674,4057.78303811656,151.348601941495,49.0860861281456,122.715215320364,3607.82708498827,24.5430430640728,8396.9920701229,351.783044580705,2478.84710404092,2822.44995236837,1279.93908479542,1249.60535615081,1546.21048588443,1153.52302401142,3681.45572331963,98.1721722562912,539.946947409601,4401.61953621398,24.5430430640728,18084.1321492342,220.887387576655,294.516516768873,0,8454.6692030452,5448.55531479373,99686.5226816828,45155.9254413796,3762.85640709808,12902.9767246495,343.602602897019,589.032788107316,5477.18870141486,12764.6231731496,21499.7062149886,14715.3059538951,282.244995236837,1791.64189824688,404.95996512677,73.6291291922184,15393.3975915082,1423.49747943794,16139.7709200907,10725.3098189998,11351.1566808424,73.6288837617877,294.516516768873,147.258012954006,914.228599567142,17072.0897058395,1374.41016615765,2207.79201842829,98.1721722562912,1038.98849580517,613.57607660182,855.733447019523,879.86809384701,1079.8938948192,6263.29672585721,122.714969889933,1212.01719483732,2521.44670931766,73.6291291922184,110.443448357897,556.308812498696,3449.72399216511,850.825574698,1030.80780869106,515.403904345529,294.516516768873,292.471344990344,957.178679498839,12324.6984525825,73.6291291922184,4663.17744588254,122.715215320364,736.291291922184,0,0,61.357607660182,6332.10535596121,736.291046491753,245.430676071159,2577.01903086678,2392.94571702537,1202.60837384828,8317.02298204638,15050.786527551,4147.7742778283,4123.23197105552,1546.21073131486,12185.6208813121,225.79599618947,22163.4794412781,863.096114508314,22319.851513274,23570.3202936798,24.5430430640728,4050.36171275484,2601.56231936129,4437.46955921767,0,4221.40340702052,64167.3737678948,392.688934455595,245.430430640728,24.5430430640728,2724.27900726423,5906.69220046656,2198.64728058261,2846.99324086287,1435.76801924826,1619.84108765923,13267.5572481751,41166.0468676606,687.205696654899,8647.33160023731,9610.6462859326,24.5430430640728,2012.52953125397,4675.4499491363,1362.1393809169,205.372748334132,824.208153634152,762.06148713946,1535.52935354295,1424.43183308739,269.973473704801,24.5430430640728,171.80130144851,24.5427976336422,1362.1393809169,1570.75500153109,2785.63514234183,171.80130144851,441.775020583741,2356.13237958142,171.80130144851,3018.79478774182,122.715215320364,122.715215320364,196.344344512582,269.973473704801,24.5430430640728,0,0,73.629374622649,24.5430430640728,73.6291291922184,0,0,0,0,73.6291291922184,0,0,287.358538259237,24.5430430640728,24.5430430640728,0,0,73.6291291922184,0,24.5430430640728,269.973719135231,98.1719268258605,0,24.5427976336422,147.258258384437,0,73.6291291922184,0,24.5430430640728,49.0860861281456,73.6291291922184,49.0860861281456,0,0,0,24.5430430640728,0,0,0,0,0,0,0,0,0,0
"L57","82","12 weeks",12,"WT","Female","Female WT",3941.95258616977,1874.83098201235,100.151320632495,96.1451908910426,5430.15154697029,0,480.725954455213,36926.0779731802,91.3379313464905,0,0,12.0181488613803,0,20363.6648820481,8184.28149699538,5707.8190986266,2012.79524477039,391.391208160937,7954.92137541334,0,408.616099835022,0,7144.92962970633,216.326679504846,19705.9882706545,4042.90527696834,2062.82968283604,1598.41403892656,5043.0440877895,5324.03994559148,1922.90381782085,2029.35048518992,5167.40284458455,264.399274950367,5840.81962554191,24.0360573597834,48.0725954455213,9341.4645837069,11293.6744171633,2499.77448244115,9118.97043056938,24.0362977227607,480.725473729259,11104.7697882784,48.0725954455213,96.1451908910426,6397.66084326983,1634.46824514772,8755.22072442664,43276.3426024224,2665.11055995693,2630.97300811618,96.1451908910426,2204.92939061727,2307.48530247395,1009.52378326702,12.0181488613803,2572.74171180112,48.0725954455213,1442.17786336564,24.0362977227607,1105.66969524699,4739.15702148828,144.79033094832,96.1456716169971,841.270420296623,3100.6826465991,96.1451908910426,9216.71836179257,334.905187423518,1658.50406214453,2331.52063874481,1117.22995263675,1086.12986773923,1033.56080207871,1466.2141610884,5768.71121309958,24.0362977227607,192.290381782085,5796.75412128975,24.0362977227607,17849.3546889221,336.508168118649,432.653359009692,24.0360573597834,8981.1628844725,5432.20304498093,92303.0086501864,37528.2725599922,4746.3109447795,12919.0704020985,937.415611187665,600.907202706039,4622.98046080104,8595.7242654426,19878.0174956341,17094.6704642751,198.299456212775,2019.04948943785,450.680582301762,0,16835.6543585627,2307.48602356289,13701.5845733378,10812.3268840489,9902.9534599625,120.181488613803,216.326679504846,216.326679504846,737.913378636843,26392.1065596284,1682.5413213192,3046.42863646822,240.362977227607,751.134063473293,769.161527128341,570.862311278543,1183.78694175703,3076.64610851336,8179.03725755823,96.1451908910426,1355.24626611769,4989.14725704278,244.368866606082,24.0362977227607,396.598912425551,5855.57815270666,1910.88566895947,1778.68603148429,1033.56080207871,817.234122573862,197.498086046699,1081.63291679828,12324.6109362566,24.0362977227607,4855.33213999765,96.1447101650881,865.306718019383,0,0,0,4807.25906382618,432.653359009692,168.25360333337,3437.19009362882,3004.53625389317,1225.85118386079,7463.26876037634,13001.3651571528,5816.78404890808,2956.46461989956,1610.43194742496,11825.8572777834,456.689656732452,18991.344672206,1507.56260224598,21435.2263497375,27873.2049577186,48.0725954455213,3380.70551506926,2824.26498242438,3258.09131276294,0,4518.823971879,63634.0945552307,240.362736864629,72.108893168282,24.0362977227607,2043.08722933847,5304.01001797315,3477.25066995441,2908.39250517999,1414.1356762644,1458.20214196847,15420.4904094818,38136.7906160092,360.544225478433,7331.07104580498,7875.89339358259,0,2115.19419960294,3917.91628844701,1346.03291283757,193.492196668223,399.002542197827,633.356444994743,1286.35174704387,1054.46853528987,120.181488613803,24.0362977227607,96.1451908910426,48.0725954455213,1346.03291283757,2091.1576615172,1418.14204636883,144.217786336564,408.616340197999,1730.61343603877,0,2331.52063874481,168.25360333337,161.386192711,180.272232920705,180.272473283682,0,0,0,0,0,24.0362977227607,0,96.1449505280654,0,0,0,48.0725954455213,12.0181488613803,168.254084059325,0,48.0725954455213,0,0,48.0725954455213,0,0,264.398794224413,120.181488613803,48.0725954455213,24.0362977227607,72.1086528053047,0,48.0725954455213,0,24.0362977227607,120.181488613803,48.0725954455213,216.326679504846,0,48.0725954455213,0,0,0,0,0,0,0,0,0,48.0725954455213,0,0
"L58","83","12 weeks",12,"TDP43","Female","Female TDP43",6437.41551980277,3397.22426764004,46.8829931957005,32.4575566971979,2182.40770421083,21.6383711314652,21.6383711314652,59039.3682116162,135.239819571658,104.044320870703,0,48.6863350457968,102.78226287446,12220.7600974093,8740.76884380766,10419.7774789174,1194.93685091146,182.30338497445,2810.31460995348,67.2591981390674,129.830226788791,10.8191855657326,5082.80977746336,183.926046425599,9270.0204650099,4717.16555581056,1244.19725194338,897.992185572096,6864.1421583633,2070.0706939877,984.54610286538,1279.50598861271,6995.32499973152,205.56452574892,1904.17687595265,21.6384793233209,32.4575566971979,8697.66618224048,8168.31372622877,5009.28302512606,16350.6747584205,43.2767422629305,540.95906190292,4717.1654476187,75.7342989601284,43.2768504547862,9080.90315696615,1179.291118473,4700.03434919392,33286.9124023084,2148.02054576798,1576.89607982182,32.4575566971979,1323.98485058385,1146.83366996766,735.704618469818,55.8991614869038,1351.36799286701,43.2767422629305,573.416834983829,84.3896474127145,421.948237063572,5970.38730681802,58.4236020549562,10.8191855657326,86.553484525861,5658.43394268631,21.6383711314652,8656.61072696605,338.099548929144,897.992510147663,1190.11041223059,836.262781367531,770.420463770152,573.416834983829,1027.8226287446,2304.48652550105,10.8191855657326,151.468706112112,2986.91931350675,64.9151133943957,24213.3367551503,108.191747465471,324.575566971979,64.9148970106844,10580.4421681848,6112.83973644708,98698.9516388893,59376.951577202,2361.77681786799,5832.7863081885,238.021974254262,238.021866062406,6448.2347053685,4756.35004932511,26030.9601465771,11391.5715487158,127.125430397358,995.36485566369,164.992471685567,10.8191855657326,15349.2813443677,1146.8335617758,21324.5132660984,11940.7739644849,11354.7342775097,151.468597920257,140.649304162668,54.0959278286631,518.239204982304,15550.432291557,1076.50885559854,1439.06777010356,173.106969051722,518.599483861643,443.586608195038,257.857003535631,732.639435007191,1038.64181431033,7285.2188018377,73.931281685599,661.953908991311,1635.39833735584,140.649412354524,61.3085378860588,241.628441570743,2311.59905809196,818.651743871054,757.342989601284,400.309865932107,216.383711314652,124.781237460831,1426.32936921032,6713.30442715338,32.4575566971979,5377.13511797726,119.011041223059,995.365072047401,0,0,16.2287783485989,5874.81787038467,421.948345255428,54.0957114449518,2304.4866336929,1200.15678337136,876.353706248776,8004.39397679204,9091.96296121887,2877.90336048488,4425.04668000093,1200.92894864519,17289.0577766977,579.908346323269,13259.6634114347,815.882248749938,26584.5417358959,17299.0406392192,54.0959278286631,4885.22277819133,3721.79994280388,6050.01153575645,21.6383711314652,4955.18698910554,81179.502551325,97.3727782834493,64.9151133943957,54.0959278286631,3180.84055632539,8612.07149393946,1891.64393139331,3733.97120198976,2326.12478844066,2378.41759080294,16822.9304772951,50353.5710005169,357.033448244744,9430.72356238608,13786.3473153267,32.4575566971979,1298.30226788791,6475.28256109097,843.896690510856,96.1362535651417,327.100548499309,323.287651122234,622.613835588328,566.272277603642,173.106969051722,75.7342989601284,129.830226788791,43.2767422629305,843.896690510856,811.438809238091,1060.2801854418,86.553484525861,292.117902082925,3992.27958194719,302.937195840513,984.545778289813,194.745231991332,194.745231991332,97.3726700915936,205.564742132631,32.4575566971979,0,0,0,43.2767422629305,10.8191855657326,32.4575566971979,21.6383711314652,10.8191855657326,21.6383711314652,54.0959278286631,21.6383711314652,5.40959278286631,129.830118596936,10.8191855657326,21.6383711314652,0,32.4575566971979,108.191747465471,0,10.8191855657326,75.7341907682727,97.3724537078823,0,0,21.6383711314652,0,21.6383711314652,0,43.2767422629305,10.8191855657326,21.6383711314652,10.8191855657326,10.8191855657326,75.7341907682727,8.11438917429947,10.8191855657326,0,0,0,10.8191855657326,0,0,0,0,0,0
"L59","84","12 weeks",12,"WT","Female","Female WT",3081.95802337574,1630.12643783249,50.9412044345726,0,4381.62263102361,0,318.384119636677,42512.769875077,209.709431312851,0,0,50.9414591418683,0,21397.8379077471,10884.6106333839,6255.18734968137,978.902795405744,222.019689621779,7658.26108172886,0,203.765836567473,50.9414591418683,8472.11787953898,127.353647854671,18155.2314082362,4508.31938876264,648.654664642222,1732.00961082352,5988.16877683392,6715.78244843874,1528.24326484146,640.406987699858,6808.56824094892,1069.77064197923,6342.21140845531,76.4119340055068,76.4121887128025,7127.8665050699,5676.10980347159,3438.54849207611,10240.5063145795,25.4707295709342,713.180173278861,9143.99217067266,76.4121887128025,0,6787.94968536125,1833.89252910726,8061.48590920066,42444.0888169108,3347.76317066643,2383.63569077749,127.353647854671,1054.24572289116,713.180173278861,229.236566138407,356.590213993078,2548.77134534121,50.9414591418683,1349.94866725951,271.687866992396,1299.00720811764,4334.2689788491,63.6768239273354,280.178025280276,331.119484422144,2394.24832496052,25.4707295709342,8886.31295023698,1078.25978143793,636.767729858763,815.063600977189,735.67948753805,624.057581095571,1528.24402896335,1349.94866725951,4788.49766875021,25.4707295709342,178.295361703835,4721.42355891271,0,17927.1476473182,152.824377425605,356.590213993078,203.765581860178,9256.91181078678,4992.2624864885,93846.0946631504,39938.9513783976,4646.58953660412,10178.5884992363,764.121887128025,585.827034838781,4686.61347693,4714.61090287437,20058.1985182815,18952.6478689375,165.559742211072,2088.5998248166,292.913135358447,0,17234.5888314072,2674.42660494809,13742.8737572539,11748.3735051788,10026.3705798818,76.4121887128025,433.002147998585,76.4121887128025,989.112992061549,31520.6134161039,1706.53888125259,1867.73166687872,382.060943564012,846.052818816962,840.534075840827,280.17777057298,2175.20030535778,2750.83879366089,8123.10087756923,174.050409913543,2903.23857402455,4847.38370315255,224.142165516925,70.0442516127732,568.846463555727,5779.65545098172,2929.13390065743,2215.95347267127,1197.12428983391,1095.24137155017,234.330712052594,1069.77064197923,13193.8381724512,0,4508.31938876264,0,662.238968844288,0,25.4707295709342,0,4661.14402089554,433.002402705881,152.823868011014,3285.72360523592,2330.57226515507,1044.29914828641,7692.16058512941,12878.8897995263,5246.97029161244,2598.01390682069,1197.12505395579,11207.11922826,331.119484422144,15331.9212571417,1808.42256365821,25744.3572886907,24265.1163963489,0,3742.49962280142,2648.95613008445,4449.12974326382,0,5068.67569403049,66288.188571768,152.824632132901,50.9414591418683,101.882918283737,1935.77595680559,6185.14233394671,3851.17431112524,2470.66051367332,1362.68377733768,1345.70346076192,17285.2850074233,39743.6772283618,764.121632420729,8074.22152869342,8318.31593551244,50.9414591418683,1553.71450382698,4763.02642976469,840.534075840827,100.821552982516,353.406882211303,182.540058786831,585.937323097824,396.048958829778,127.353647854671,50.9414591418683,305.64875485121,152.824122718309,840.534075840827,1477.30231511418,789.592361991663,178.295106996539,280.17777057298,2394.24857966781,50.9414591418683,585.826270716894,152.824122718309,152.824122718309,76.4121887128025,458.473132276815,0,0,0,0,127.353902561967,0,0,127.353393147375,0,0,0,0,101.882918283737,101.882918283737,0,0,0,101.882918283737,0,0,0,127.353393147375,76.4119340055068,0,0,0,0,25.4707295709342,0,25.4707295709342,25.4707295709342,25.4707295709342,178.295106996539,0,0,0,0,0,25.4707295709342,0,0,0,0,0,0,0,0
"L60","85","12 weeks",12,"WT","Female","Female WT",4192.85615740269,2423.39392583825,0,38.4665702514008,4377.5178128873,0,250.032706634105,41412.4990681882,119.566794309537,7.69331405028016,0,0,0,19086.4251458004,9865.89574443816,6700.23587706648,852.791937836778,97.4483240821299,8182.98502693504,0,173.099566131304,19.2332851257004,6946.41134836863,230.799421508405,16459.1578206312,3673.55726667592,684.879396371024,1807.92880181584,5208.55613591551,6308.51732889688,1230.93101737623,794.791658546013,5828.73918477926,538.531983519611,5731.51877512587,38.4665702514008,19.2332851257004,8399.10464357125,6953.34321666078,4038.98949173138,11564.653150222,76.9331405028016,288.499469218357,9828.2083145672,76.9329481699503,134.632995879903,7068.23247602775,1519.42971726318,7257.35952332,44358.1813142603,2586.46506477216,2284.59365407016,96.166425628502,954.291176432083,576.998746103863,653.932078939516,83.3441714337513,2637.02071638932,19.2332851257004,1615.59595055883,76.9331405028016,1404.02981417613,5231.45336185766,28.8499276885506,115.399710754202,423.132272765409,4289.02219836549,0,9244.4784956679,314.143592942156,1000.13005720502,1192.46367779342,699.16068757541,616.44544456527,923.197686033619,1500.19623980463,4673.6882855452,19.2332851257004,134.632803547052,5840.98847941011,19.2332851257004,19750.9805374462,211.565751717002,173.099566131304,265.419334734665,9738.13268567231,5154.520029022,87763.7793678077,40949.2659729343,3534.98644799939,9824.01045775566,615.465124022413,403.898987639708,4942.954277305,4744.62083342163,22050.9615889484,17806.5875386737,112.194099122302,2000.26107607429,214.771748014605,19.2332851257004,17928.3063452559,2307.99421508405,14571.753045686,12169.8605862884,9553.17214493683,19.2332851257004,115.399710754202,115.399710754202,543.018916606586,31194.4187931563,1730.99546898018,2012.2820716107,153.866281005603,510.643527754494,769.331405028016,182.555418430503,2005.06997435427,2788.82634322656,9215.92572223454,92.961198662304,1265.22973474089,4989.25167959533,294.910500149307,185.921435660352,375.049059951158,6322.94383140396,2923.45933910646,1904.09522744434,1230.93024804483,1077.06396703922,191.050568137674,1105.91389472777,12419.8931005896,38.4665702514008,4327.48973028114,0,711.631549650915,0,0,0,4846.7878516765,500.06541326821,96.1658486299482,2981.15938681641,2009.87829563569,865.498022989369,7273.3868121481,10931.6038029406,6308.51752122973,3885.12359539148,980.897349077869,13011.3183492006,311.579219036346,15412.8059479464,1104.5402535041,25179.1173196563,25076.768546857,0,3670.35184737688,2538.79363659245,4405.56744358177,0,4827.5549512165,71279.4392146286,38.4663779185495,115.399710754202,38.4665702514008,2250.29378270839,6718.82715513469,3258.43892682384,3250.42537857622,1958.58947118954,1759.84558900159,15077.2926365667,40195.3952441545,346.198747596905,7616.3803327788,9849.04488634098,0,1788.69551669014,4692.9219553366,673.164210068109,80.1387521347021,384.665702514008,246.826902669353,563.764322608869,596.872884289952,115.399710754202,0,134.632995879903,19.2332851257004,673.164210068109,1557.89609518173,961.664448617871,38.4665702514008,288.498892219803,2904.22624631361,0,1038.59720445497,173.099373798452,163.482731235602,115.399710754202,173.099373798452,19.2332851257004,0,0,0,38.466762584252,38.4665702514008,0,38.466762584252,0,0,76.9331405028016,0,38.4665702514008,19.2332851257004,19.2332851257004,19.2332851257004,0,19.2332851257004,96.166425628502,0,0,96.1666179613532,19.2332851257004,0,0,76.9331405028016,0,38.4665702514008,0,0,76.9329481699503,38.4665702514008,134.632995879903,0,0,0,0,0,0,0,0,0,0,0,0,0,0
"L121","91","12 weeks",12,"WT","Male","Male WT",5949.77901355768,2997.59813280165,227.090802044186,136.254481226512,1970.36833192932,0,340.636203066279,52309.2289801417,113.545401022093,0,0,45.4181604088372,0,13251.8837532885,12690.2959209205,10218.3285170728,1062.87261061638,302.787433271179,2359.14823921057,0,272.508962453023,45.4181604088372,6667.91279867805,227.090347862582,11642.7278678171,4859.7445262904,1254.26019676318,915.932598790482,6154.16164376066,2028.67752880699,772.108726950233,1177.80826152859,7379.69303733883,454.181149906768,1816.72687053509,90.8367749992786,136.254481226512,7749.42048051018,6055.32400562375,4360.14339924838,15579.9432616992,0,499.59976449721,6086.03349478419,0,272.508962453023,9583.23093790145,1680.47148094537,5404.76108865163,35388.9599244309,2228.19314894056,1460.95052369653,136.254481226512,1206.60791704383,862.945501949512,454.182058269976,211.951566635108,1462.14047949924,136.254481226512,317.927122861861,128.683273886359,227.090802044186,5787.03030263828,136.253572863304,136.254481226512,772.108726950233,3996.79857015928,90.8363208176745,9101.04131683376,408.764352042743,590.436993678092,1453.38022471958,803.902347599627,754.915228145864,1589.63652267251,590.436085314884,2134.65444757856,0,136.254481226512,3036.20447751237,0,23201.1110324837,45.4181604088372,181.672641635349,136.254027044908,10673.26860444,5344.20323865211,90373.907172012,52755.4624061585,4317.75145086758,15085.3163315852,363.345283270698,681.271951950955,7721.08590695752,5402.59963839777,23730.9874510726,16017.4704805473,136.254481226512,953.780914403978,272.508962453023,0,13761.7003329697,2815.92594534791,19263.3542541295,11627.0499730255,11513.5018469138,45.4181604088372,181.672641635349,136.254481226512,772.110997858254,15623.5210782483,1044.61768940326,1170.49139588672,545.017924906047,545.017470724443,363.345283270698,181.672641635349,540.476108865163,726.690566541396,6595.47355791558,181.672641635349,1222.50563573174,1176.33035458888,75.6966312269927,211.9506582719,439.041914497691,5461.0473606647,862.945047767908,317.927122861861,408.763443679535,363.345283270698,311.87151953455,1407.96297267395,7993.59577777375,0,5450.17924906047,204.381721839768,1271.70849144744,0,0,22.7090802044186,5631.85143651421,363.345283270698,45.4190687720454,1635.05513726295,1294.41711747026,862.944593586304,7039.81440918817,11083.8683043448,4360.14339924838,4314.72569302114,1226.29123940181,15472.4530098228,454.181604088372,15623.84718064,2089.23628716972,21684.1449290101,19147.5356741789,0,4840.06165811402,3360.94387025396,6125.28704828074,0,5813.52407814956,77646.8824931321,90.8372291808827,45.4181604088372,0,3860.54408893277,7297.18413623211,1759.95371584244,3360.94432443556,2732.65946932558,2709.94993493955,20952.9143631543,47511.1813913138,317.927122861861,9583.23320880947,12849.5547003941,0,1090.03584981209,7153.36026439187,454.181604088372,125.657061858318,131.712665185628,333.066812452542,704.739969615805,634.44991620388,90.8363208176745,0,136.254481226512,90.8363208176745,454.181604088372,726.690566541396,1544.21790808207,90.8363208176745,227.091710407394,3860.54363475117,0,2043.81767257928,181.672187453745,139.498246242911,45.4181604088372,90.8363208176745,90.8363208176745,0,0,0,0,45.4181604088372,45.4181604088372,0,0,0,0,45.4181604088372,0,45.4181604088372,0,0,0,0,0,0,0,272.508962453023,0,0,45.4181604088372,45.4181604088372,0,0,0,151.393716635589,45.4181604088372,227.090802044186,227.090802044186,0,0,15.1392354090777,0,45.4181604088372,0,0,0,0,0,0,0,0,0
"I74","92","12 weeks",12,"TDP43","Male","Male TDP43",6330.8562625169,2007.85476922774,582.079029683288,152.19716618881,2317.51230374382,0,459.699663704605,43806.4806601022,562.415732024566,0,0,57.3175817992636,0,17907.4511793466,8333.34780202016,9629.6791448082,126.093687339371,402.79286444755,3721.42499369587,0,80.4977680091715,0,12672.1826589705,114.635163598527,19185.0054330167,5220.11866231761,105.881155906611,192.761411556444,5328.19976535861,3885.05640626059,486.250184753565,630.492826616082,6402.35874768057,1423.1937658432,2178.69861036214,244.757872193639,0,6515.88930859626,1947.0121423929,4196.08921159831,13501.8577282661,132.441586979829,318.302378251634,4788.81317142059,0,73.174849352887,10807.6702715336,3252.50900877989,3630.58015564055,47722.1874447105,3123.57255850814,2171.45794956469,212.201629402377,729.841964324564,361.498063339874,343.906637147218,695.862591583057,769.171715870644,257.929118096686,602.20347168558,403.541091215836,377.200318937195,5192.59603129128,51.2241618860657,613.055266028092,2983.20113497601,4657.05464355778,0,11071.497016219,1876.67855170256,210.779721527289,745.12799021461,481.467687113815,56.8747398877424,3431.4185210357,61.4799143868148,1838.48326947134,257.929118096686,114.635163598527,2377.88768518983,33.2948281416134,16758.2666942604,114.635163598527,226.109741128321,119.272192308097,7464.63330114641,4580.6150943349,83514.5332260358,46460.6499420741,4651.18383524131,21128.7604996766,364.398795591187,1071.24589686253,5416.98736356812,3933.88488994003,21640.2434333123,20729.8047743653,409.402143001362,466.866245184869,545.50598322113,59.6356004202544,12076.8668944101,6949.12430374295,17422.7487672106,12888.9854519312,14185.5074691717,92.9304285618678,370.615125867535,185.860857123736,957.956561634397,19849.169717068,841.124696026584,570.137238477997,588.664222752948,321.820114454059,437.204782150762,218.552262848094,1472.36239352271,899.643748200228,5183.67924906412,49.7576791119026,2862.0669128801,2884.73804221007,228.664612076527,238.236206272847,1042.58732669888,4842.04033683982,1128.81750127542,767.939886807023,390.370705076516,390.370705076516,457.134529306265,147.384527233476,8650.3209229857,92.9305602657292,7125.87127398621,86.3452354922076,305.132123816175,0,0,66.2199337261877,5832.59384036693,392.583947688319,57.3187281508996,1135.65864509381,3043.23289849842,745.288733929091,6650.6150939467,16829.7907281195,6594.26319139151,4684.50114445262,796.162035671946,11779.4829123433,655.991604622799,21251.692503093,2737.66760173858,21367.7044994694,15543.3743797092,0,4025.66441040329,3307.03652097926,4079.28660183683,0,4492.79447352138,77169.5311207321,183.676700200157,0,0,2167.74206319062,7434.98451731221,5546.35521244911,3782.27793599039,2296.20782094685,1434.61778264144,24483.8133191345,44306.9038930622,637.337455211392,9057.28834522239,11530.518153816,0,924.932269308891,5919.09547888709,425.880627061248,19.9419849515288,171.953891749427,76.4238245162302,182.861607878509,410.576400131815,185.86264250312,291.2239462383,311.717251033905,278.053494247049,425.880627061248,1815.40779341869,687.809835239528,0,292.700454731067,2870.56860465139,85.9763726988955,283.585642234934,172.690470984415,93.2992913551799,57.3175817992636,768.308617896474,0,0,0,0,0,72.805986559575,59.6356004202544,0,85.9763726988955,0,0,0,85.9763726988955,39.3865529721137,0,0,0,0,0,0,0,99.5157533353895,0,0,165.367552328131,205.247573539404,0,0,0,46.4652142809339,79.3911796292352,125.856393910169,158.78235925847,0,0,0,0,0,0,0,85.9763726988955,0,0,0,0,0,0
"L122","93","12 weeks",12,"WT","Male","Male WT",3544.38878399837,1630.57186943362,191.381683801208,38.2763367602415,3653.41548438961,0,21.689898646579,37980.1749059546,612.421311611191,725.336581606577,85.1647727388639,989.060541884642,1779.84965935123,15931.5342786445,8770.63988179442,6659.9549064226,2683.68870296593,1159.11687087057,3938.07598845414,413.001673643006,566.489784051575,68.8974061684348,8862.32143052474,336.831763490126,13265.6120732545,3184.59114189942,2834.78201608876,1944.43790742027,6125.74524131975,3700.04586130579,2832.44899681055,3372.01681319111,6796.00003085348,3008.51976314429,3104.21068159757,15.3104581514231,38.2763367602415,8954.27948751181,17459.4311761142,3835.28871371818,10579.4520203294,68.8974061684348,949.253075101317,8788.24692015146,175.177932502474,244.968631818219,5644.48384527874,2847.75930185662,7005.207693658,40121.7716977887,4747.45087020872,2199.23062038405,222.002753209401,2233.85248561577,2487.96181286303,1163.60056095867,834.424141373266,2538.14040619689,0,313.865961433981,43.3798738458316,344.487030842174,3719.82201966703,324.073188710508,643.042457572058,84.2078643198579,3973.0836791604,0,5489.33714464567,1765.8124252658,2472.65150781695,2426.71967404664,1171.23783843244,1103.25753329278,1033.46078631583,1201.87697427158,4960.61309102196,0,390.418634954464,3826.92250168715,330.816943378948,16016.7511072014,451.66077377085,1714.77988685882,15.3105347040966,7687.21890692229,6859.11947088261,95987.1462194162,38437.4797552388,3525.25023285488,4028.74864950012,1209.53231817631,600.555876873537,5427.58478226027,12005.4063252627,19922.8332837057,18400.1640152054,157.570894145437,2005.68012278933,248.15819896045,30.6210694081932,15684.3123954339,2579.82486798226,14953.0987885285,9722.1896902067,10681.394765971,551.179249347478,520.558103386611,635.38719022001,551.561936162407,16582.943790327,1339.6719397138,2644.59080291347,7.65526735204831,1355.32229173566,451.66077377085,614.33505189653,1143.00437035868,1052.59926090664,5518.07762107616,99.518475576628,1110.39652941461,2721.2922182786,156.93298071699,108.959793354583,371.28039002167,3257.85909330449,696.629329036396,1423.87972748099,267.934357321691,313.865961433981,364.007962589897,2002.10771572682,12314.1353726455,298.555503282558,3996.04940466387,466.97138502762,570.317494280273,283.244815473114,30.6210694081932,137.794735784196,4799.85270628696,1653.53774804243,160.760690945688,3980.73925272314,1309.77957520485,2985.55411419349,8653.96013407866,15345.0587350116,1829.60882058687,3758.7360401977,6637.11656456786,12175.7027234328,826.768874021217,30926.8414554559,752.631360797632,22690.2126611292,24225.3205907865,0,3555.99922178053,2464.99616391223,3527.4560215897,137.79481233687,3437.21519417504,66413.2498655251,597.110700354421,367.452832898319,53.5868714643382,2151.12959005686,5469.68836993317,2151.12989626756,2365.47753523025,1556.57100273227,1652.26192118554,12063.1706761211,37205.5772148063,1431.53530104373,7268.67665698056,7770.73427575748,0,3069.76220817137,3613.28603706146,1079.39307940218,247.374452688948,1174.11752035226,844.467086612418,1701.1097993956,1149.19235261736,466.971308474947,290.900159377836,658.352992276155,290.900159377836,1079.39307940218,1676.50355009858,2350.16677086814,589.45558610772,1400.91384887217,2824.79365290583,0,2518.58288227122,972.218877157462,926.834088792129,168.415881745063,1102.35849869496,30.6210694081932,0,0,137.79481233687,0,38.2763367602415,38.2763367602415,122.484277632773,21.689898646579,7.65526735204831,0,84.2079408725314,0,429.752011030676,0,0,0,137.79481233687,159.484864088796,0,344.487030842174,275.589624673739,114.829086833398,0,0,137.794888889543,0,107.173742928676,0,206.692218505304,15.3105347040966,30.6210694081932,15.3105347040966,470.798942150971,0,7.2725039844459,7.65542045739535,0,0,61.2421388163865,61.2421388163865,114.829010280725,84.2079408725314,0,7.65526735204831,0,0
"L123","94","12 weeks",12,"TDP43","Male","Male TDP43",3063.84238740453,1487.30198107781,74.3651064904012,59.4920851923209,5103.70120400052,44.6190638942407,59.4920851923209,35938.8674859998,130.138936358202,260.773441786056,144.64013212383,240.447078498822,728.778043605932,13880.6259422858,9650.58400569032,6665.09611527898,2795.65489323159,392.576817957726,2578.64368058279,139.806251471741,907.254299182894,0,13299.6211814704,237.968192039071,14658.4593745788,3616.62395427453,2067.08284097064,996.492278241163,5459.14231873014,2022.73089653891,1502.17455618525,2505.82031148015,7550.74987944003,401.571575048166,2245.82591854969,59.4920851923209,14.8730212980802,8168.69089626798,14701.4154859617,3703.38230322198,9821.39946545707,118.984170384642,594.779558220878,6796.96984084139,425.368111664669,461.063511510274,7453.86255679795,3327.83821798503,7029.73411145847,33935.2650796128,4464.95193799528,2203.6857411152,223.095319471204,2521.70886267247,2126.84219435569,1457.55608721186,242.925964958573,2497.03883351513,0,163.603234278883,44.6190638942407,267.714383365444,4178.07946716556,192.357990005526,174.758297712869,193.349276875043,3774.02900565765,14.8730212980802,6501.2453939257,540.386242189965,2201.20715211587,2349.9364727154,1318.57558588259,1381.46228945599,3074.50143557822,1301.38936358202,3762.87394222366,59.4920851923209,663.708277966404,3460.10250908672,29.7460425961605,15152.881883019,252.841213337151,565.174809327049,118.984170384642,7239.93883464042,6440.01747841768,104057.958997954,41054.4968530814,3774.9840023552,7800.27336791622,550.30134183833,1582.48961484595,5852.53358333415,10491.2281404178,18613.5868981985,21952.591036923,357.200444418965,1874.0005348279,981.371323678044,44.6190638942407,15384.4052974692,2483.79485423983,13954.2166105573,8647.66970558286,11321.3432171778,163.603234278883,803.143150096333,148.730212980802,865.857772813309,17960.6770286153,986.577178592798,2223.07406294916,44.6190638942407,773.89297403025,371.825532452006,401.571575048166,784.303940208693,684.158979711691,6170.81609038285,312.333447259685,2777.04115834683,1834.46506961334,316.547866574709,524.604033099933,1239.41854066016,4664.50980888099,819.255688989395,743.650767443586,252.841362067364,193.349276875043,460.072075910544,4129.74155302595,11583.2745236719,639.53991581745,3911.60430393468,252.841213337151,565.174660596836,796.450290512196,0,282.587255933311,7014.86034650933,1130.3496186541,490.809405376222,2781.25513147122,1874.00038609768,2290.4446849835,7378.36412608463,20974.1004687402,2825.87404663524,3703.38185703134,4018.93828800632,11020.9090793379,2460.98930703241,33193.1676505135,1392.04399791893,20081.0564490264,24744.8117495369,74.3651064904012,4281.44681645701,2394.55642899092,3757.27900907175,208.222000712697,3822.36617614619,64930.651281006,904.77526399293,163.603234278883,59.4920851923209,2394.55657772113,5669.0997035679,3808.73296990352,2290.44513117414,1310.06524309583,1403.02207239947,12869.6251804986,36589.3685210535,818.0160226642,7362.14465016844,7487.32670598842,59.4920851923209,2632.5247697602,4833.73162441565,1158.44386350489,157.317598017888,772.529564167855,661.566265439055,1412.50585443019,908.092542663254,386.698405019873,163.603234278883,505.682724134728,148.730212980802,1150.18100779253,1472.42910850994,1933.49276875043,148.730064250589,684.158830981478,3013.27411499106,0,2409.42885536815,475.936681538567,456.106036051198,343.832721606463,537.393046653726,0,14.8730212980802,14.8730212980802,74.3649577601882,44.6189151640277,29.7460425961605,118.984467845068,29.7460425961605,0,0,59.4920851923209,475.936681538567,233.010716579995,291.263284177334,0,0,1442.68291718357,89.2381277884814,462.550813640082,252.841213337151,0,163.603234278883,74.3649577601882,0,0,594.920851923209,401.571575048166,89.2381277884814,267.714532095657,0,14.8730212980802,29.7460425961605,14.8730212980802,0,29.7460425961605,0,0,0,0,0,0,0,0,0,14.8730212980802,9.91524837857817,0
"L124","97","12 weeks",12,"TDP43","Male","Male TDP43",3872.66614246941,2501.09693130209,85.1627493349246,40.3402709166858,3612.2785685618,107.574055777829,20.1701354583429,45500.5916489698,225.233179284829,264.676954914176,117.65939244214,33.6168924305715,880.762581680974,12930.2624650279,10050.2547477082,7331.84397017251,2085.62979177975,294.035797281922,3096.65231845883,173.014850064295,349.615546810374,0,10867.7898713003,188.254463143631,13620.9820304204,4289.51628094634,1624.1120815249,995.060150412487,6049.0233550219,2727.45062884542,1479.14340141272,1385.04837482385,7102.03257354134,470.636494028001,2218.71463148258,94.1272988056002,26.8935139444572,8523.32332009459,10541.4142200975,4464.32344924747,12851.7379762075,40.3402709166858,513.212557226459,5741.76603394703,301.207490645491,403.402574699288,7969.4442736273,2235.52307769787,6150.32248165864,30262.3003858443,4431.31582937531,1662.91538811966,121.020812750057,2000.81329643686,1734.63138048235,1183.31447908855,179.290048140525,1807.78846178976,0,363.062438250172,63.3920463941773,336.168924305715,4232.36662254138,221.423309631888,121.020543814918,147.914326694515,3765.09195222401,13.4467569722286,6356.05826673645,554.67859063686,1250.54839841726,1721.18475797769,1036.02999849061,929.13554181016,2727.67438288143,1203.48461454689,2864.15910061712,53.7871623564841,217.389148072649,4007.64589916477,67.233784861143,17976.5214846977,416.849600606657,403.402709166858,80.6808107685111,8267.73825543962,6123.65231834749,103904.767128199,45516.1498157218,3149.48570234327,8984.62063800267,527.785345627543,855.213071095891,5425.76711063209,7754.10884874702,21821.8448570722,20877.2101797731,178.169529882029,1048.8471783014,426.934399400689,0,15117.5162570929,1875.82246315832,17450.9705866762,9861.85116002975,11849.8583029965,215.147977088088,699.230959153178,134.467704189856,542.352217455558,18628.7733745494,1243.82475099601,1871.94845247462,94.1272988056002,683.767860972964,327.20437483504,342.89189938912,1125.9422768557,645.444334666973,6311.7900636406,254.367191875999,2436.10404849037,2310.62550133645,225.009156313672,386.940248008468,735.08942597102,4653.87713804975,1014.10963314476,791.117624844496,282.381896416801,228.594868527886,375.164653992748,2930.04807531347,10547.784352278,517.700008963232,4296.23871815947,228.594734060317,847.145823717972,410.798425501584,0,78.4393708488103,6613.11494447446,739.571499005004,282.38243428708,2259.05503686684,1837.72295982349,1250.54826394969,7881.63990888518,17299.9735909458,2850.7123436449,4329.85628292789,2870.20987231949,12843.8942139305,2302.08492811311,24228.7377085864,1536.77257117131,22718.743816055,23320.6778068491,134.467569722286,4579.74126730234,2743.13842233464,4679.88760346385,134.467569722286,4222.28155481221,70156.0779227755,336.169327708424,121.020812750057,0,2716.24490839018,7106.61092535525,2716.24463945504,2998.62680480698,1839.96453421076,2008.04939976632,14094.6666353189,41244.6926638567,591.657037842919,8780.73257180042,9758.98387259491,161.361083666743,1976.6732749176,5109.7675149793,968.16636753289,106.6295555681,526.968858544189,469.035792078027,889.358286607901,737.618357554787,228.595137463026,94.1272988056002,188.254463143631,67.2336503935733,968.16636753289,1089.18718028295,1492.59029285251,228.594599592747,416.849466139087,3171.41749743255,0,1425.35650799137,295.828653389029,291.986780454494,160.183147755976,391.134022572967,0,26.8935139444572,26.8935139444572,26.8933794768875,80.6804073658019,13.4467569722286,174.808244041681,26.8935139444572,0,0,161.361083666743,363.062572717742,147.914192226945,233.637536860042,26.8935139444572,26.8935139444572,1089.18744921809,13.4467569722286,362.614123372718,161.361352601883,13.4467569722286,67.2335159260036,53.7871623564842,0,13.4466225046589,282.381761949231,295.82851892146,13.4467569722286,107.573921310259,26.8935139444572,26.8933794768875,0,13.4467569722286,13.4467569722286,0,0,0,13.4467569722286,0,0,0,26.8935139444572,0,0,0,20.1700009907732,0
"L125","98","12 weeks",12,"TDP43","Male","Male TDP43",2261.23179888713,1397.85263892161,41.1133129094592,370.019816185133,4436.22390148224,0,41.1133129094592,32381.4163114064,563.937334652662,0,164.453251637837,205.566564547296,0,22585.2917414971,9007.92315826434,4334.02730618381,1924.16471413205,358.029118475089,8843.44934997005,287.793190366214,287.791545833698,0,9001.76273945799,246.679877456755,18160.8266586401,4193.55832789796,1437.65978187994,2343.45801357292,4266.2877784348,7729.30282697833,2590.13871329593,1600.4841240603,4008.54636413975,2425.68505052496,6865.92325587968,0,41.1133129094592,7619.37857338543,10317.8393544702,3330.17793453306,7812.90017064964,164.453251637837,1282.73412937574,12087.3135842479,296.015852948106,370.019816185133,4707.47350586682,2877.93025912963,9369.03865313954,44568.0909057613,3089.36862702665,2213.26654124818,164.453251637837,1644.53128297898,1685.64665155408,657.812595418218,698.926319460806,3353.47561555947,82.2266258189184,1274.51270019323,528.477102268254,1562.30589055945,4145.59265912589,71.9482975915536,493.35975491351,82.2266258189184,2590.13789102967,0,7997.2259532154,1178.58300718159,863.380393364901,1192.28607437432,642.738399239965,791.47156455374,1630.82986031877,2137.89268242501,5303.61777645336,0,88.1000737011637,6072.82730433289,205.566564547296,16978.4275137542,123.339527595248,616.699693641888,82.2266258189184,8872.25292586129,6824.81076523648,91932.2307966617,30510.1862210446,5241.94945162169,17304.2994434041,1603.4204368683,1107.31760171747,3494.6311861709,7140.79576539784,18315.9792566315,22872.7054559852,61.6699693641888,2384.57132648237,308.349846820944,41.1133129094592,16299.3753697539,3494.63159730403,11189.6512660465,11117.7255807771,9435.50613498714,205.566564547296,740.039221237136,246.679466323626,791.432095773347,37342.5092108159,1870.65614851352,2407.96726832663,164.453251637837,1027.83200047022,534.473067822969,178.157552229947,2836.13364295961,3247.95171984727,10147.0110725326,246.679877456755,2986.88300513847,5464.12579458441,229.5496044999,367.278791613459,287.792779233085,6058.8985250523,3474.07452971617,3289.06503275673,904.492884008102,1192.28607437432,121.969632009105,2484.61317305122,14640.4507270584,863.379571098643,3617.97112489928,287.792779233085,596.143448320287,370.019816185133,0,123.339527595248,3919.4686158576,781.152123013466,698.927141727064,4193.55791676484,3371.28960291001,2576.43317930443,6430.80667569936,12594.019542798,7071.48982042698,2672.36492798172,3456.2572533006,8798.24978489052,1754.16609884899,17701.331528437,2507.91414314266,20808.1322001372,24950.979312227,0,1959.7343079288,1151.17276146486,2957.12395585521,164.452840504708,3905.76431526549,58208.9306325968,102.784926806164,123.339938728378,0,1233.39815388439,4077.06951163282,3638.98331686104,2795.70568897635,1346.46058665166,1041.53712332859,15934.8355470464,30103.1697679717,781.153356412853,6331.45183258923,7047.50678047437,41.1133129094592,2754.59278720002,3145.16967097301,833.685480849786,68.5219140936792,452.246442004051,178.157141096818,656.540549516799,494.632623081187,123.339938728378,246.679877456755,534.473067822969,82.2266258189184,856.525981836636,1027.83158933709,1192.28525210806,287.793190366214,452.246030870922,2035.1085778851,0,1274.51228906011,534.473067822969,508.042963485995,75.2764202715743,623.649076922974,0,534.473067822969,534.473067822969,0,0,0,246.679877456755,246.679877456755,0,0,41.1133129094592,452.246030870922,541.32501255246,41.1133129094592,0,0,1110.0594485554,123.339938728378,216.529429434603,82.2266258189184,0,41.1133129094592,82.2266258189184,41.1133129094592,0,781.154178679112,205.566564547296,82.2266258189184,164.452840504708,0,41.1133129094592,0,41.1133129094592,0,0,0,0,41.1133129094592,0,0,41.1133129094592,0,0,41.1133129094592,0,0,0
"L126","99","12 weeks",12,"WT","Male","Male WT",3797.3524047844,1584.72199449443,37.3755187380762,29.900414990461,4587.72068887457,59.800829980922,82.2261412237677,38399.5723700057,209.302755431152,158.222829988423,209.053834476356,186.877593690381,583.058092313989,14860.384256566,8761.65073071276,6946.3646926999,3083.20820211488,499.835519760664,3503.40635858165,115.863958585961,672.758440272923,0,11713.0179864957,343.854772390301,15589.2862575602,3887.05439726615,1928.73568759041,941.863221701596,5820.96943474121,1946.01872546319,1539.87122250667,2085.09123666268,7373.40690465592,672.759337285372,2365.87078462645,29.900414990461,0,8284.5260711581,14192.5052650153,3887.05439726615,11009.8312394056,119.601659961844,501.537750386071,6428.58877444289,617.692789511965,388.705544378068,6588.05815273226,3448.51457873386,6433.07398619353,32269.4342887859,4570.9544796749,1947.2643767517,239.203319923688,2638.32351552161,1808.97555542911,1106.31505564291,186.877593690381,2421.18580484843,0,313.95435739984,85.9636930975753,388.705394875993,4640.2951865606,74.7508879740775,119.601211455619,179.402489942766,2990.04164854817,14.9502074952305,6883.32504976722,321.429311645381,1808.97495742081,2107.97940632957,1110.64628025635,1189.23503599653,3047.59919989444,1225.9170146089,3453.49867890862,44.8504729836165,500.653894118953,3472.28062458488,89.701244971383,15857.4355712279,388.705394875993,657.809129790142,44.8506224856915,7592.32040097538,5393.03813394546,105087.620434727,41777.3554240506,3223.97696385677,8025.16478846029,386.213344788613,885.05213421557,5763.30483990928,9206.3959318701,18540.7491946711,25035.6271891479,257.143568917965,1375.41938856536,595.018108808099,44.8506224856915,14201.0940097193,2287.38189627234,14177.5345757358,10287.7360678839,10898.7015630272,149.502074952305,702.659453271683,209.303054435302,939.370872610066,20764.2865288392,1154.90337950448,2461.90732952601,74.7510374761525,1090.33268582221,328.904564895071,373.755486384912,1256.81356192477,852.161827228138,6614.86148273801,341.363170809146,3152.8920162626,2510.86671753762,219.020689307202,500.801602169006,862.128682058983,5354.22515275671,931.896217368676,784.886043001676,313.95435739984,224.253112428457,411.87791748945,3464.03349212221,10862.4891704322,956.813578698902,3842.20362527839,269.103734914149,504.569353461954,627.908565297606,14.9502074952305,164.452282447535,6828.50727344653,822.261113233527,313.953759391541,2975.09114204879,1836.38406983427,2115.45406157097,7679.33315013289,18621.3901653942,2990.0414990461,4215.9579156467,4224.92759163761,11362.1584438855,2888.37934056816,28335.8723375374,1635.9795284022,20964.8168015163,25599.5599295194,44.8506224856915,4068.94818978593,2287.38159726819,4346.87957371978,313.954506901915,3722.60151681032,63993.75261686,737.543370428604,209.302904933227,0,2436.8836722205,5377.09104661444,2616.65991735064,2466.78423671303,1471.34948798755,1656.98113138528,13865.3204224884,36447.1111516266,956.812831188527,7547.3628845061,7558.57568962959,89.701244971383,2406.98325723003,4365.46014010108,1360.4693305722,129.354726825507,710.34834498648,490.865245761451,1302.35294046977,907.786167243192,239.203170421613,89.701244971383,478.406639847376,194.352547935922,1360.4693305722,1300.66820158713,1741.69992070473,254.153527418918,717.610408277289,2775.75509194641,0,2406.98340673211,538.207170824148,500.831652086072,222.758091678934,823.756283485125,14.9502074952305,0,0,59.800829980922,29.900265488386,44.8506224856915,254.153826423068,14.9502074952305,0,14.9502074952305,119.601659961844,553.157826825603,371.263585799607,277.504555509869,14.9502074952305,74.7510374761525,1435.2200690442,119.601659961844,495.705973446332,149.502074952305,0,104.651601968688,74.7510374761525,44.8506224856915,0,583.058241816064,598.008449311295,74.7510374761525,343.854921892376,14.9502074952305,29.900414990461,0,44.8506224856915,0,13.0814315583267,0,0,0,0,0,0,0,0,14.9502074952305,0,17.4418090763856,0
"L127","101","12 weeks",12,"TDP43","Male","Male TDP43",6058.53315053642,2596.51358915508,61.8217668422084,0,3642.331399424,0,185.465300526625,58208.283333846,0,15.4554417105521,0,30.9108834211042,0,16038.624365487,7758.63421156783,9709.10786435116,808.834576779671,61.8217668422084,6506.59444255502,0,309.108834211042,0,3473.5808499985,0,9395.87984581542,3214.73125757717,185.464682308957,1545.54417105521,4451.16721263901,5594.86989921986,618.217668422084,597.609382445234,6568.56272698464,123.643533684417,4265.70314854772,185.465300526625,123.643533684417,8140.60247087309,1917.45897463659,5131.20726612097,17026.7451571975,61.8217668422084,741.861202106501,6058.53191410109,0,61.82114862454,7027.07313403491,680.039435264293,5007.56311421888,37851.993388345,1121.62366077083,1437.35607908135,0,844.895831596399,432.752367895459,185.465300526625,0,1682.72914454874,0,618.217668422084,97.14919728652,1112.79180315975,5342.43122402007,92.7326502633126,0,865.504735790918,6058.53315053642,0,10276.8369322286,61.8217668422084,185.465300526625,370.930601053251,222.559597067287,115.916431046809,370.929982835582,989.148269475335,3214.73187579484,61.8217668422084,0,3867.54129563581,0,28479.2280829342,0,0,0,13178.34017127,4451.16721263901,89986.2955485561,54524.7427810803,2462.56869446175,5151.8081334858,494.574134737667,123.642915466748,6738.57258580072,2256.49325330527,25965.1426919452,12561.5907698104,61.8217668422084,803.68296894871,61.8217668422084,0,16887.6468000202,2287.40475494404,17691.3303871865,11251.5628017173,9087.79725293396,0,123.642915466748,0,136.008505270527,24756.6711948968,1050.97003631754,1383.77639019454,309.108834211042,185.465300526625,680.039435264293,0,1372.44260567936,2411.04890684613,9784.91309663541,0,309.108215993374,3335.4320751599,0,61.8217668422084,123.643533684417,4079.64930480075,1978.29653895067,1792.83123842404,680.039435264293,680.039435264293,278.197950789938,432.752367895459,6738.57320401839,0,5749.42431632538,0,309.108834211042,0,0,0,5254.85018158772,0,0,2101.94007263509,1236.43533684417,370.930601053251,9211.44140483605,5664.34705545014,4327.52367895459,4389.34606401447,432.752367895459,17804.668850556,618.217668422084,7171.32619013151,803.683587166378,28262.8512807688,19504.7662022814,0,4754.09387016583,3647.48486190796,5511.2633781778,0,6182.17606600317,82331.6548220819,123.643533684417,0,0,3338.37479126159,8881.7273757365,1607.36593789742,4636.63251316563,2668.63918987688,2617.12125691427,23005.9387250393,47161.7616951259,370.929982835582,11127.9186498152,13904.7459316659,0,1607.36593789742,4853.00869711336,494.575371173004,0,494.57289830233,61.8217668422084,275.622455983291,247.286449151165,61.8217668422084,0,61.8217668422084,0,494.575371173004,927.326502633126,803.68296894871,0,123.644770119754,4389.3454457968,0,123.64229724908,0,0,0,0,0,61.82114862454,41.2140990830267,0,0,0,0,0,0,0,0,0,0,61.8217668422084,0,0,0,0,61.8217668422084,0,0,0,61.8217668422084,0,0,61.8217668422084,0,61.8217668422084,0,370.930601053251,0,123.643533684417,61.8217668422084,0,61.8217668422084,0,0,0,0,0,0,0,0,0,0,0,0
"L61","73","14 weeks",14,"WT","Female","Female WT",3725.26499248004,1968.37121027827,0,65.0701280315236,6594.20091840307,0,21.6899884520678,38732.7809314457,0,29.2815576141856,0,40.6688300197022,48.8025960236427,23707.3280245209,9706.33270631156,6804.16579135347,1092.61090208848,289.833412174171,9541.95401295621,29.2815576141856,195.210384094571,16.2675320078809,5771.63202369734,178.94285208669,19814.7631779628,4538.64110484813,1286.33443375753,2212.38419039648,5501.13664019753,7412.57197647418,1626.75320078809,1252.52188045319,5793.44808552246,341.618172165499,8198.83629464728,32.5350640157618,65.0701280315236,7528.81553064417,7024.79240478184,3351.11143094814,10578.3114640108,32.5350640157618,422.955994880223,11403.5412389271,113.872724055166,162.675320078809,6829.65229642554,1008.58698448861,8179.85647702773,45530.3487744921,2215.52170929484,2421.15128496514,146.407788070928,986.896345335267,976.052083148173,618.166378974794,65.0701280315236,3116.66538640376,97.6051920472853,2179.84928905604,77.8518532807557,1382.74022066988,5068.69179389711,32.5350640157618,32.5350640157618,439.223201537464,3464.98431767863,16.2675320078809,9225.5884187525,227.744797409052,1106.1913631593,1057.3899058629,557.628060010026,468.040158437504,910.98211779197,1545.41554074868,5433.35536528158,48.8025960236427,244.012817442893,5513.64816174011,16.2675320078809,16752.2652569636,97.6050293719652,276.548044133975,208.224247025555,8521.47546256983,4262.09322338947,83266.9245907617,37277.0479693058,4207.44147355707,7307.34918721356,1057.38958051226,390.420442838501,4327.163351421,5431.80669623443,20846.8419427487,17257.4498846113,207.411033100481,1903.30140759738,345.685055167469,0,17945.4119469906,2976.95852011752,12777.5612490641,12582.9351947193,9032.54617132394,81.3376600394044,32.5350640157618,81.3376600394044,409.940667871358,35744.2749037324,2244.91925441224,2492.36029155048,325.350640157618,782.196784469859,1024.8545164965,189.517073242452,2642.38988294764,3530.05444571015,10231.7354361153,73.203894035464,854.316447496998,5987.57554001127,94.894207838172,159.964335869695,374.15323618126,5451.21223516663,3258.92885802036,2472.66486519789,1138.72724055166,1203.79736858319,158.066240235016,1187.53016192594,13925.0065853694,32.5350640157618,5238.14530653764,81.3374973640844,829.644132401925,32.5352266910818,0,0,4294.62861275587,292.815576141856,16.2673693325608,3286.04130291662,1594.21764874637,976.051920472853,8457.08352794772,9300.61167356773,6832.36328063465,3107.09828815461,1203.79720590787,11121.5695996217,507.546673295243,13796.1314552706,864.503338715653,24620.9093685771,25258.4396416021,16.2675320078809,3403.167858724,2944.42329342644,4167.25757866653,0,4929.06236106323,70551.1993216906,333.484080810918,130.140256063047,48.8025960236427,1870.76650625694,5831.91055017594,3517.17560329483,3042.0283227984,1672.84448725198,1575.23978323065,16696.7222090525,38246.0519815363,406.688950898302,7906.02023047947,8530.96496469131,16.2675320078809,2244.91941708756,4245.82585405691,504.293492244307,153.185980632652,386.353885187171,322.639493273184,536.622121278889,509.148049146099,81.3376600394044,48.8025960236427,195.210384094571,16.2673693325608,504.293492244307,1919.56861425462,1138.72658985038,146.407788070928,325.351128183578,2846.81793870383,65.0701280315236,927.24899909857,146.408113421568,146.408113421568,65.0701280315236,309.083108149737,16.2675320078809,0,0,0,0,0,16.2675320078809,97.6051920472853,0,0,65.0701280315236,16.2675320078809,0,38.3451757476965,0,16.2675320078809,0,48.8025960236427,16.2675320078809,0,0,65.0704533821637,32.5350640157618,32.5350640157618,0,81.3379853900446,0,48.8025960236427,0,16.2675320078809,0,48.8025960236427,0,0,16.2673693325608,3.25350640157618,0,0,0,0,0,0,0,0,0,0,0
"L62","74","14 weeks",14,"TDP43","Female","Female TDP43",3766.3653350816,1573.50373998965,66.9574385629913,50.2182044677547,4577.06710375717,16.7394014892516,0,39549.479672034,334.788029785031,83.6968400522429,45.3358232353847,175.763715637141,259.460723083399,15099.6174194892,10490.1435040249,6924.81101549251,3594.19540155019,427.970419085173,3360.40538762063,60.2618453613056,418.485037231289,0,11075.9296524704,435.224271326525,14790.0384261649,4335.50481832214,3076.5476564427,1104.8004982906,5754.04924042154,2190.07163904574,1489.80673254339,2914.72869921618,7449.07300031044,401.745635742037,2058.94604838991,0,0,8968.48955796612,14427.8687529998,4452.68079614091,11569.716385119,83.6970074462578,636.096921803529,7089.13552633394,120.523355934581,184.133248987752,7404.39537034161,2096.61020392277,7518.78139211418,34483.7854213492,4047.07019998902,1783.3038480689,184.133416381767,3125.10698622287,2192.86142769794,1456.3280969589,145.075036098867,1940.25615910045,83.6970074462578,318.04862829578,133.915211914012,401.745635742037,4133.236938731,142.285080052653,184.134085957827,167.394014892516,3364.61969933956,16.7394014892516,7794.42325764716,535.66051286802,1908.29193716869,3046.57107104378,1660.5884675093,1721.97520065068,2159.38312690148,1255.45511169387,4134.6318330571,33.4788029785031,569.139650634553,4519.08047784628,117.176145212791,15016.9167412195,301.309226806528,401.745635742037,75.3269719136022,6836.65078142717,5038.5596808707,101560.596339029,42707.7936133552,3855.92012868501,9776.89216984714,636.097423985574,1090.85122024158,5741.61420863124,10707.6845809288,20371.8509428431,16581.3743412504,366.871938437435,1690.67938302039,570.534712354667,33.4788029785031,14823.456799904,2142.6433906242,15492.1036552974,11087.0633631889,11410.2926688516,66.9574385629913,284.569657923262,167.394014892516,799.306588505777,15906.4803412212,1456.32792956488,2175.3848229671,16.7394014892516,1029.99094127703,435.22443872054,669.575892176047,503.019516934054,803.491271484075,5706.26260141412,165.998450990357,2216.01804614211,2189.32472695129,100.436408935509,225.423995853259,742.113577619495,3491.16639411202,889.978234976546,619.357855102308,301.309226806528,284.569825317276,531.476164677752,2723.50112448327,12324.3826725213,301.309226806528,4352.24421981139,133.915211914012,766.664588207721,464.518391326731,0,117.175810424761,5256.17206762499,1163.38823610897,200.873654841093,2460.69201891998,2033.83744833808,1623.72177706339,8571.9684568229,20193.8101664214,4251.80797826989,4067.67439449411,2008.72700695208,11801.2782173164,1161.71530032413,27401.3145203242,1510.53078116314,22359.6548696917,21920.4459512347,50.2182044677547,4306.76912475561,2812.21945019426,3995.89416696805,100.436241541494,4235.06824199261,66008.2011728027,535.660680262035,184.133416381767,66.9576059570062,2209.60166615726,5490.52368847451,3259.3010765657,2845.69892274882,1657.20058004189,1846.91390851608,14718.3974704592,41303.6367068358,1104.80133526068,7993.06320675353,8642.27377568374,33.4788029785031,2226.34039807046,4427.57202869507,1690.67988520244,223.929502088299,891.791446945861,708.873813294259,1592.31095974486,1142.6471132997,234.351453455507,66.9576059570062,83.6970074462578,66.9574385629913,1690.67988520244,1556.76417110638,2653.19496865236,83.6968400522429,435.223936538496,2828.95885168351,50.2182044677547,2243.07963216569,150.654446009249,145.871831609755,100.436408935509,451.963840209792,0,0,0,33.4788029785031,0,16.7394014892516,0,16.7394014892516,50.2182044677547,0,33.4788029785031,125.545511169387,0,177.856140823298,0,16.7394014892516,0,16.7394014892516,415.695415973105,0,0,167.39418228653,33.4788029785031,0,33.478970372518,16.7394014892516,0,33.4788029785031,0,16.7394014892516,0,33.4788029785031,0,0,0,0,66.9572711689764,0,0,0,0,0,16.7394014892516,0,0,0,0
"L63","75","14 weeks",14,"TDP43","Female","Female TDP43",4540.97981905068,2349.87782737517,0,95.2653108891752,4374.51670786434,79.3877590743127,15.8775518148625,45739.5901841513,194.500009732066,176.505503933728,25.0071441084085,142.897966333763,341.367364019544,14695.6748079706,10573.5416302857,8561.70529615138,2151.37540438162,394.878365472549,3417.93977959258,76.2122487113402,543.012272068299,15.8775518148625,8335.46748932107,317.550877521732,13079.1137781043,3969.38779494011,2988.34387687269,1016.16315737568,6109.22863425479,2884.42180718301,1317.83616553152,2753.01601285285,7153.00174280789,285.795932667526,2802.3875777722,31.7551036297251,15.8775518148625,9038.34257428628,13840.171516593,4271.06143819802,13683.0094752598,63.5102072594501,539.836602929808,7795.87682966888,142.897966333763,158.775359373107,7719.13617603314,1524.2449742268,6164.46012722245,34494.8563296694,3603.14586436982,1569.23147688593,222.285725408075,2256.33205534755,2238.73544099769,984.408053745959,103.204086796606,1863.00413280972,31.7551036297251,428.693899001288,58.2175841374839,460.449002631013,4671.96946274778,87.3266937572621,166.714611607093,158.775518148625,4350.4488797213,15.8775518148625,7903.22749789745,565.24052705807,1794.16319630395,2143.46949500644,1186.19728874071,1079.76624831325,1381.34637279097,825.632694372852,3397.79592960506,47.6326554445876,460.449161406532,3820.17691400476,79.3877590743127,17654.2503392722,317.550877521732,492.204106260738,63.5102072594501,8196.78644197382,5350.73512038419,100031.40962398,46937.4819249057,2847.63844166904,7146.31014859552,426.047904991342,571.592024110569,5954.08177179793,9536.54950656166,21347.3684150827,15152.4754667456,224.932036969059,1587.75518148625,362.537538956373,47.6326554445876,14957.4473696402,2032.32694985344,17260.5516758995,10309.8235921922,10817.7723551591,95.2653108891752,190.530463002832,95.2653108891752,957.416533211729,15605.7052641175,1222.57148974441,1743.01540966307,47.6326554445876,703.489387444923,285.795932667526,555.714313520189,844.421077761933,1079.67352341065,5829.17831126251,79.3877590743127,1540.38720483042,2153.97328940956,47.6326554445876,124.374420508953,571.591865335051,3796.34836056757,722.428607576245,793.877590743127,396.938795371563,365.183691741838,242.397343965407,1037.33301476148,10062.3995740978,111.142862704038,5366.61235464802,158.775518148625,523.959209890464,75.418371120597,0,60.863895698467,6033.46968964776,778.000038928264,47.6323378935513,2032.32647352689,1794.16319630395,1524.24481545128,8248.38769149453,14651.7540065893,3762.9796213469,3715.34648957576,2000.57279887682,13956.3688391418,825.63285314837,24067.1023801478,796.145381468843,23691.9528254583,19845.993784041,0,4621.42645205553,3477.18400623041,4819.8388493303,31.7551036297251,4652.12268175472,73130.2814212115,539.837079256362,269.918380852663,95.2653108891752,2683.3056216097,6284.86452467562,2934.17141661108,3064.36750026847,2033.64970869514,1984.69397685782,15622.4506829145,44848.5256224228,1047.91889610748,8145.18392224896,10370.6876466662,31.7551036297251,2032.3266323024,5223.71438831425,1222.57180729545,113.070715045398,721.634412434466,514.88598290586,1337.79758244868,1263.28613708775,222.285566632557,158.775518148625,190.53062177835,79.3876002987945,1222.57180729545,1540.1228435927,1865.61265579738,238.163277222938,523.959209890464,2778.57156760094,111.142862704038,2095.83683956185,206.408173593213,174.653069963488,158.775518148625,317.551036297251,0,0,0,15.8775518148625,31.7552624052432,0,31.7551036297251,95.2653108891752,47.6326554445876,0,31.7551036297251,63.5102072594501,23.8163277222938,292.883989348716,0,0,0,79.3877590743127,28.5795932667526,0,0,142.897966333763,47.6329729956239,31.7551036297251,0,47.6326554445876,0,31.7551036297251,0,31.7551036297251,15.8775518148625,15.8775518148625,0,0,0,0,0,0,0,0,0,0,0,0,0,0,0
"L64","76","14 weeks",14,"TDP43","Female","Female TDP43",4253.43795862637,2119.60620680712,28.4510900242567,99.5788150848983,4926.80811492807,0,14.2255450121283,42783.7162616538,184.932085157668,181.612696484538,122.695467985057,56.9021800485133,106.691587590962,15945.4754274709,10557.7590851281,7837.3270268522,2528.15646227204,220.021810272735,4593.93619411772,79.6629098124685,440.991895375978,0,8103.60888694988,398.315260339593,14348.5959764832,3968.92720063925,2207.05959409003,1294.52445384823,5533.50001213802,3610.91760374887,1379.8782929428,2115.47411274745,6905.21597186376,199.157630169797,4025.82966519867,28.4510900242567,28.4510900242567,9066.25877294856,9663.96553141794,4623.30170217536,12598.6168001561,42.676635036385,526.345449959648,8691.80814466586,211.960478425262,241.834265206182,7883.32233928446,1707.06525919995,6835.37437832766,36393.3347132368,3053.91937616344,1970.71183708413,99.5788150848983,1898.89459985675,1422.55464346828,1351.42706066309,17.070654014554,2088.37786363015,14.2255450121283,1066.91587590962,14.2255450121283,569.021800485133,4791.63755524463,146.997535551076,184.932369668568,355.638625303208,3684.41601588579,0,7770.70438964145,558.588359006888,1721.29123097843,1493.68222627347,915.504295996735,924.118574778829,1735.51634922421,1194.94578101878,4153.85928579692,0,384.089857582915,4120.58118383915,132.974846810821,19457.9720332434,341.41308029108,270.285355230438,28.4513745351569,9331.95738570073,4684.94625216456,97671.3739198537,44623.3984529521,3495.04669872794,3782.07580494855,417.282321759714,1038.93920781152,5794.53847859967,8436.79789515854,22583.0529912646,15332.2575614866,279.769099323674,1593.26104135837,417.282748526064,42.676635036385,16035.3049075372,2105.38066179499,14990.2943793699,11074.5863651756,10960.7822895894,142.255450121283,113.804360097027,71.1278673160918,524.211333696929,21436.3555644971,1628.82476163324,1972.42245887184,71.1277250606416,720.049717449045,355.638625303208,405.428032845657,1302.111506025,1692.83985644327,7548.70096094852,28.4510900242567,1790.7592617025,2822.38170269249,151.265199054715,371.049727236647,628.294952120818,3434.63507672493,1225.76784263021,1180.72023600665,512.11962043662,526.345165448748,457.114132304574,2781.09390761564,10807.8588187526,241.834265206182,4751.33174953996,99.578530573998,995.788150848983,369.864028059886,0,165.964881482097,5590.63933202188,611.698008755168,170.705971123739,2574.82350493978,1763.96758150391,1152.26886147149,8096.46823237559,14494.249624797,3214.973172741,3769.76900144766,1913.33623089761,11894.5881760106,1356.16815030473,23256.3154601906,1095.36597014573,22848.5958342989,21530.3609533017,56.9021800485133,4283.54845847629,2712.33715414217,4994.70678352641,113.804360097027,4594.8506121511,73046.750229245,654.375070557903,327.187535278952,85.35327007277,2645.95179902222,6579.3144258539,2816.65734337961,2802.43250964473,1906.22288936975,2231.03959531698,16747.2595785971,42920.8408422001,896.208482231384,8151.23757646043,10321.818320965,0,2304.53829196479,5000.27921401856,725.502653363095,97.6368859352927,514.332403963256,483.397676035332,1402.19461668057,1012.39334503074,128.029905109155,28.4510900242567,113.804360097027,14.2255450121283,730.244454281987,1479.45668126135,1579.03606536804,85.35327007277,298.736587510145,2347.21506925662,142.255450121283,1849.32070932123,128.030189620055,125.997928259623,156.480995133412,327.187535278952,0,0,0,14.2254027566782,71.1277250606416,14.2255450121283,14.2255450121283,0,0,0,56.9021800485133,0,0,187.980334942867,0,14.2255450121283,0,0,305.849217760759,0,28.4510900242567,99.5788150848983,42.6767772918351,28.4510900242567,28.4510900242567,42.6767772918351,0,0,0,0,14.2255450121283,14.2255450121283,0,0,14.2254027566782,0,0,0,0,0,0,0,14.2255450121283,0,0,0,0
"L128","78","14 weeks",14,"WT","Male","Male WT",3791.05845899678,1117.87621226828,170.111597519086,97.2066271537637,5351.43770732816,0,48.6033135768818,37417.4055520204,279.468810050503,262.457650298594,160.998476223421,376.675680220834,631.843076499464,18607.663413056,8879.70825651059,7006.97762632828,2680.42025218637,911.601076265749,6891.18484904615,116.647952584516,340.222709005037,0,6824.88701312846,121.508283942205,17067.8052127665,2891.89764385761,2176.15552746173,1749.71928876775,4730.72308852182,5459.77230614192,2114.24365456122,2266.76692797968,5886.32349167251,340.223195038173,5394.96707798418,24.3016567884409,0,9007.23606083929,14166.5925008453,3499.43833451892,10672.4784163122,97.2066271537637,340.223195038173,9672.05988783262,379.510711501774,72.9049703653228,5253.20773740703,2721.78580332195,7395.8043779599,42038.1067776976,3255.43900763399,2292.45669540387,170.111597519086,1834.65114907767,1190.78093961704,947.764614749196,64.8044991080317,2783.40800047354,0,1433.79775051801,24.3016567884409,1117.87621226828,4414.80082122239,48.6033135768818,170.111597519086,267.31822467285,4179.88521062841,0,7969.32396420024,364.525094843182,1992.73609966872,1749.71904575118,1015.80901074026,1003.97653404997,1166.4792828286,1263.68615299893,5249.15810931981,0,267.317981656282,5321.88907982252,218.715397129104,16731.6902128084,437.429822191937,850.557987595432,145.809940730646,8521.78106148547,5443.5708775942,90779.3128155284,39781.0029175067,3319.60607428446,5492.98513745811,850.557744578864,1053.07074109398,4609.21407552992,7549.55877331125,21288.2513466742,17740.7868629272,182.262425913307,2187.14935397625,157.960769124866,24.3016567884409,16278.0589620688,2527.37206298129,11717.5167307879,10474.0126177186,9684.20925812744,145.809940730646,194.413011290959,145.810183747213,639.1343025857,28848.0248353834,1883.37864412074,2518.02783292956,72.9049703653228,1484.02149856955,826.256330806991,315.921538249732,1911.32506339431,2673.1822467285,8294.21329983804,93.15675604997,2007.72147331075,3371.56228744844,97.2066271537637,309.035906815295,603.491305590661,5080.46888777255,1810.47343073885,1944.13254307527,874.859644383873,850.557987595432,417.583631159088,3377.12007635596,12515.3520309642,607.541905744159,5103.34768255603,291.619881461291,607.541662727591,554.077531759885,24.3016567884409,209.804222601351,4593.01288999877,899.161301172314,243.016324867841,3110.61206892044,2223.60111010921,2089.94321285562,7744.1285302885,12213.8377299415,5905.30259959114,3718.15348863146,3353.62912283798,11932.1134831245,1239.38425319392,25734.6418915559,1469.67185626911,21968.6972507175,25006.9854018864,0,3533.46065402274,3134.91396872545,3849.67138198826,291.619638444723,4009.77337009275,67691.6246355458,680.446390076346,267.31822467285,194.413254307527,1360.89229411956,4718.57201711104,3122.76216826495,2600.27727636318,1296.08852406123,1778.07130269312,15077.9629543882,35486.0897027353,729.049217620092,7480.85993370287,7650.97177423853,48.6033135768818,2721.78556030538,2989.10305592853,656.145705354176,204.741458442615,633.665457742029,643.993904893684,1045.60794531082,781.877374229644,340.222952021605,48.6033135768818,218.714911095968,72.9049703653228,656.145705354176,1336.59088034768,1834.77581657699,388.826508615055,947.764371732628,2527.37254901442,0,1555.30627747679,388.826508615055,364.524851826614,145.809940730646,923.462471927619,24.3016567884409,0,0,24.3016567884409,0,0,97.2068701703316,145.809940730646,0,0,0,218.714911095968,12.1508283942205,302.729626878695,0,24.3016567884409,0,291.619881461291,267.31822467285,0,24.3016567884409,291.619395428155,24.3016567884409,48.6033135768818,24.3016567884409,48.603070560314,0,97.2066271537637,0,48.6033135768818,72.9049703653228,0,72.9049703653228,0,0,0,0,0,0,0,0,24.3016567884409,0,0,48.6033135768818,0,0
"L129","79","14 weeks",14,"TDP43","Male","Male TDP43",4574.15669698928,2364.86981788856,0,31.1167122244168,5501.987354086,31.1167122244168,311.167122244168,44906.7121154212,31.1167122244168,0,0,15.5583561122084,0,22250.826557272,8952.12936908029,7968.47128508037,363.500142364559,77.7914693939199,8806.20194609569,0,31.1164010572946,62.2334244488337,3207.61493707884,62.2334244488337,17596.7195133947,4315.32352836687,513.871343021932,2100.37745281389,5383.19183715836,8946.05445335272,1431.36969582454,597.88553252649,4668.84049594847,311.167122244168,7436.89484396987,62.2334244488337,31.1167122244168,6968.84690487098,3397.28001076608,4014.0561881169,12194.6398319161,31.1167122244168,280.050410019752,8899.37907384897,31.1167122244168,31.1167122244168,6104.06150724502,1026.85150340576,8152.57766929585,47876.0302916115,1062.63603363096,2826.43490116261,62.2334244488337,420.076548530994,311.167122244168,124.466848897667,62.2334244488337,2656.0341840135,0,2115.93643126035,66.6781356229694,1618.06903566968,7128.32005502112,62.2328021145892,31.1167122244168,497.86739559067,4480.80656031603,0,9044.58987895105,528.992820494509,404.517258917419,653.450956712754,298.719815020157,149.100705297249,311.166811077046,1618.06903566968,4418.57282470007,62.2334244488337,155.583561122084,4515.03432142864,0,21618.3355067465,0,31.1167122244168,46.6750683366253,11142.3756208038,5289.84045581662,78448.859104066,42433.3398778417,3458.62318607818,7692.04970604023,964.618078956922,248.933386628213,4294.10690930377,2670.99945559072,22746.3169472158,18112.5207149088,46.6750683366253,2022.58598341997,108.908492785459,0,19354.5971817571,3142.78824583322,14755.7176345713,12135.5187010239,8876.04153968066,31.1167122244168,62.2334244488337,62.2334244488337,404.517570084541,37778.9963469515,2147.05252115052,2414.13846418909,622.334244488337,450.155518402727,1369.13533787434,108.908492785459,2825.39746997705,3578.42190580794,11445.8370004327,0,442.894122438037,4836.74658627854,62.2334244488337,62.2334244488337,363.028413007237,7381.1433418445,3796.23889137885,2240.40328015801,1804.76930901618,1524.71889899643,95.4246878772524,871.267319949427,12353.335997762,31.1167122244168,4574.15669698928,93.3498255061283,684.567668937171,0,0,31.1164010572946,4014.05556578265,31.1167122244168,31.1170233915391,2831.62112358906,980.17643506913,840.150918892133,7436.89422163563,4971.48630654998,6783.44295375575,2831.62112358906,622.334244488337,12944.5529076917,560.100820039503,7779.17836727133,1275.78551236821,25552.0072698398,25010.0586950435,0,4153.56236636687,2644.92085024255,3905.25878199408,0,5320.95779037528,73568.9828876417,217.816985570918,0,0,1960.35318130538,7846.59770297949,2800.50378903039,3391.72194362856,1734.75639534412,1628.44116935544,18548.6712234735,41883.0940317308,435.633971141836,9583.94736512039,9793.9851726352,0,1338.01862564992,4294.10566463528,217.816674403796,46.6750683366253,233.375341683126,62.2334244488337,418.446655144679,239.449635076455,62.2334244488337,31.1167122244168,31.1167122244168,124.466848897667,228.188808089561,1555.83530005372,435.632726473347,31.1167122244168,155.584183456329,3049.43779799285,0,746.80047105176,124.466848897667,124.466848897667,31.1167122244168,31.1167122244168,0,0,0,0,0,0,31.1167122244168,0,0,0,0,0,0,0,0,31.1167122244168,0,0,62.2334244488337,0,0,62.2334244488337,31.1167122244168,0,0,0,0,0,0,62.2334244488337,0,62.2334244488337,124.466848897667,0,82.9773806532412,0,0,0,0,0,0,0,0,0,0,0,0
"I87","80","14 weeks",14,"WT","Male","Male WT",3197.56785262287,1587.50792871553,33.1127900397459,55.1879833995764,5356.28294283157,0,768.085603283808,33879.7800357747,339.831059063544,0,15.5967334356463,100.658510866218,0,20768.4669104151,10373.9273296417,6485.58148559705,1504.50047815221,202.046540557828,6766.73269076282,0,402.63404346487,46.7906682136211,9458.43802540648,358.483767121176,19108.155766197,4623.3612207646,2014.43185501109,1610.94535179656,4426.92577812429,5173.6047529823,1633.82176869436,1732.38924180369,7083.44999860937,575.642367441404,4786.28535737606,57.8281545175695,57.8282648935363,7904.85931940882,7116.40777714802,3491.99023438797,10243.053721733,0,784.879849722188,8780.84497104546,46.7902003069389,168.204231692689,7097.04514228582,2359.4292599057,7100.84051668039,45899.3661240347,4310.73491880877,2026.2814786345,124.053844973028,1303.82561923127,969.881298474947,248.107579570089,80.9423388607232,3156.80232218211,104.618933107157,1732.68413601621,190.712187210497,1063.46043214756,4462.424525526,219.110682186554,30.353390869767,1517.21276540582,2373.81768485944,46.7906682136211,10207.2327755089,1036.70859639466,1265.72992738146,1543.35707408919,622.561111205414,534.646867774213,2482.2869434049,1132.80265404912,3617.73106191609,0,322.730227680788,4967.74215383774,55.18820415151,15284.2059004216,99.3383701192376,272.823164799847,93.5813364272421,7953.99573303302,4886.10171229538,84226.7166793376,36745.6221876216,4930.86057691588,18217.5090816353,955.724636466401,972.995269635705,4365.64732825356,6074.15514847746,19370.899276117,21997.2416973631,280.160031796669,1725.71529712911,458.882007146897,0,17083.3307100185,3598.77234719673,12460.7586724921,9697.01580629144,10421.7760826693,44.1503867196612,324.894285625421,173.484794680609,864.91547187682,26377.8468802841,2163.15145272223,2041.54761452343,536.772543709662,757.881141677409,870.540725601081,396.876762618126,1813.56969702499,2735.67602177627,7289.32966150105,55.1879833995764,1691.71733156224,3725.42039773199,250.628853763997,144.089661675022,721.049979542074,7820.60976689867,1879.57090519276,1204.3089074925,719.131124280302,603.47459449323,369.603254100021,1111.21191881795,12219.095748485,101.978651613197,4827.62476717146,90.9409445573154,339.048744879338,131.013870998139,0,104.618933107157,4366.12288954708,606.114297704541,195.561034229771,2507.95665301092,2561.47698894623,1934.47682941813,7281.97588839723,15566.1174158079,7835.81936144191,3185.57662587619,1727.88001732955,10320.9453836441,870.540257694399,22703.0897558587,2430.60078822221,21695.7847348798,24257.5343449256,0,4433.67901671184,2037.40979975671,3784.97147794606,11.0375966799153,5112.56688706643,66828.8251397165,543.48323387124,99.3383701192376,68.8658615734516,1775.14751377796,5547.23916630507,4394.35450987705,2651.44540984982,1245.0581557398,1209.94333984306,18781.5298758879,38447.8579090231,606.591457067232,8146.53864335166,7270.24695774566,0,2405.97753349104,5158.9246563433,975.633926657685,141.018021743132,535.687869710739,293.650032501239,677.980497837598,633.217669374881,168.204231692689,33.1127900397459,228.672778080185,88.3006630633555,979.313088759001,1904.48159061101,1794.10485118009,110.375966799153,432.631485026627,2530.03091055738,46.7906682136211,1276.76752406138,135.091194498195,124.05359781828,228.672778080185,437.910865046434,46.7906682136211,0,0,0,0,66.2255800794917,79.9057977867776,22.0751933598306,15.5967334356463,0,0,33.1130107916795,28.9141324467682,108.799246113427,0,0,0,137.731723146903,57.8282648935363,0,0,170.844402810682,151.409601320778,0,0,22.0751933598306,0,22.0751933598306,0,79.9034582533669,68.8657511974848,162.447198000694,173.484794680609,46.7906682136211,11.0375966799153,27.5939916997882,0,11.0375966799153,0,0,0,0,0,0,11.0375966799153,0,11.0374863039485
"L65","81","14 weeks",14,"TDP43","Female","Female TDP43",5886.68544233082,3447.04872402364,36.4124865213765,48.549982028502,2821.37054062773,84.9624685498785,151.718693839069,58815.4663307053,124.409328948036,225.959627107683,0,42.4812342749392,752.524721441781,12169.3564328317,9598.20315370733,10438.2457720031,1468.00410734644,233.444456462062,2623.15856337384,101.954962259854,194.200413613828,36.4124865213765,5344.03501070095,182.062432606882,8833.25012236607,4235.98666023653,1628.53413742386,788.937207963157,6648.11071060293,1846.92227345925,738.869432121489,1433.25008821116,7214.35315637487,339.849874199514,1905.5867946187,60.6875989105825,60.6874775356275,8670.02520416121,8408.08469987238,5474.01023096369,16235.5185330563,36.4124865213765,558.324671952818,5170.57393566015,121.37507644621,169.924937099757,8162.46572854189,1169.24548143639,4746.77191803677,34463.5141276926,2206.10523600233,1318.73912959909,24.274991014251,1652.92928964364,1456.4993394801,837.487068616704,109.237459564129,1168.5228149539,97.099964057004,449.087333763643,179.260977268883,291.299892171012,5406.24295229875,119.352120070037,103.168711810567,327.712378692388,5376.91050965659,36.4124865213765,8879.69048630048,461.224707895814,1116.6497080305,1614.28690244769,828.181493561301,836.794503123067,679.700355273803,643.287140502696,2330.39901599314,60.6874775356275,60.6873561606724,3537.18443590857,36.4124865213765,23384.2429160996,121.37507644621,206.337423621133,24.274991014251,10131.7163573445,5878.59349545117,98557.6429182974,58466.1121906489,2429.89747053731,9503.23562623597,376.26236072089,291.299892171012,6754.51624971534,5811.24483900628,27285.0896572682,11848.2179644559,79.9051382969245,922.449779916493,102.157294309958,0,13826.7458879493,1189.47492382316,20716.3639932797,11453.7493604743,12067.0977904343,60.6874775356275,291.300013545967,84.9623471749234,694.264985757488,12919.7663170563,970.99964057004,1439.45890266288,267.024901156761,414.697803618439,388.399856228016,230.612414635384,541.939295768108,703.974739413279,6480.67141120808,48.549982028502,553.065131024715,1847.7169152901,125.016203723393,114.294668442128,93.0541726796138,2569.65478392906,570.462288834898,534.049802313522,291.299892171012,315.574883185263,147.065906311367,788.937207963157,6566.38494797994,12.1374955071255,5425.46037031014,136.547067205072,485.49982028502,0,0,30.3437387678137,6360.0475243588,619.012149488445,97.0998426820489,2099.78635860785,1310.84963614451,740.3871045597,9353.45686830381,9591.3765407343,3325.67364757743,4527.28606690772,1347.26200129093,18376.1679550381,502.492313994995,13075.4538505513,946.796382154236,26529.9349832999,17199.7699688743,60.6874775356275,5259.17692461243,3790.9445109755,5199.11076547181,12.1374955071255,4842.86034321821,77173.7341501193,121.37507644621,97.0998426820489,60.6874775356275,2682.38590019996,8694.49257447924,1479.66144353131,3386.3610037381,2653.05418580753,2324.33063236444,16636.9505395853,50738.6891356945,534.049074063791,9600.75906751122,13303.7063719352,48.549982028502,1274.43702824818,6032.33514566641,1128.78659666285,103.399931099977,366.350032265086,428.424946912133,807.231812191137,711.780726898776,109.237459564129,36.4124865213765,157.787441592631,109.237338189174,1132.83238804024,728.24973042753,1250.16179448402,84.9624685498785,376.26236072089,3920.41092742658,242.74991014251,1128.78708216267,121.374955071255,107.503496955981,54.6187297820647,145.649946085506,12.1374955071255,0,0,12.1374955071255,24.2748696392959,48.549982028502,0,48.549982028502,12.1374955071255,0,60.6874775356275,0,12.1374955071255,66.7561039142352,36.4124865213765,0,0,84.9624685498785,24.274991014251,0,0,109.237216814219,72.825094417708,36.4123651464214,0,60.6873561606724,0,24.274991014251,0,48.549982028502,0,24.274991014251,60.6874775356275,0,0,7.08016525417151,0,12.1374955071255,0,0,12.1374955071255,0,0,12.1374955071255,0,0,0
"L66","82","14 weeks",14,"WT","Female","Female WT",5144.22845640293,2092.56794364089,196.178203845874,43.5951564101943,3229.18958059876,0,610.33218974272,50065.4383569465,172.927163126061,0,0,94.4558815877115,0,17301.6764251031,8912.20098414087,9320.64356859641,209.608999632727,112.621547312275,4949.05424900918,0,348.761251281554,43.5951564101943,6555.9503526623,217.975346099407,14653.3177559527,3792.77773578377,741.118530876431,871.903128203886,6139.65148507007,3640.19599620279,1395.04456917465,787.411355565288,6672.96498388603,1438.64016153641,3618.39754609456,43.5951564101943,43.5951564101943,7342.87780199143,5002.54419806979,3792.77904363847,13417.8619758489,0,1569.42257910605,6539.27607723853,130.785033279019,43.5951564101943,7338.51872230198,1395.04544107778,4501.19902744943,44326.9412180833,3042.21780188359,1910.92218518435,43.5951564101943,261.570938461166,523.140569067639,261.570066558037,348.761251281554,2241.62109126204,87.1903128203886,1002.68859743447,305.16609487136,566.737033332526,6056.09395663334,290.634085433586,566.73746928409,610.33218974272,4577.4914230704,0,9982.56495858026,1186.4147167549,523.141876922331,217.9766539541,359.660040384103,190.7288092946,1395.04500512622,610.33218974272,2572.11204844364,0,217.975782050971,3553.00611933396,43.5951564101943,20363.2979951533,217.975346099407,305.16609487136,87.1903128203886,9340.98899214148,5362.20467440546,90123.2166394767,48396.4365934714,2782.82356958198,10076.7091347996,1046.28418979623,610.332625694284,5492.98883578135,3422.21847034556,24631.2655515176,16404.7553444901,130.785469230583,1133.47275881036,261.570502509602,0,15011.2675583509,1918.18731800011,16062.8773324542,10920.5862448021,11225.7514677703,174.380625640777,130.785469230583,261.57137441273,1446.63420536735,23422.7999686989,784.712815383497,1428.29328711402,174.380625640777,674.271461843296,784.712815383497,733.851218302852,1055.00234917514,2237.88455040612,7330.21384500584,348.761251281554,2064.95782323162,1881.6044424985,305.16609487136,43.5951564101943,247.038929023392,4105.40339786848,1460.43773974151,1656.61594358738,435.951564101943,566.737033332526,268.836943180053,959.093441024274,9678.12254330531,0,4926.25311030352,174.380625640777,871.903128203886,0,0,0,4708.27689230098,435.951564101943,217.975782050971,2048.97365913382,3117.05368332889,1569.42475886387,8479.25617797653,9511.56419657922,3705.58829486651,3923.56451286905,1351.45115657072,16260.9929050509,348.761251281554,14257.79198039,1395.04587702935,23154.1151726147,21692.2183029881,0,5220.51910821764,3182.44641794418,5537.98688432483,43.5951564101943,4403.10992552649,75179.1152667039,87.1890049656963,0,305.16609487136,2790.08957430087,8254.01613501293,2561.21500314735,3618.39798204613,2023.54198869037,1925.45288676744,21222.1278078529,44731.535222131,959.092133169582,10520.964268343,11658.0719912949,0,1787.40141281797,5536.58399219155,610.33218974272,71.6207386600518,418.825206906198,32.6963673076457,346.996955301634,792.705987311306,217.975782050971,0,217.975782050971,43.5947204586302,610.33218974272,2048.9727872307,828.307971793691,174.380625640777,348.76081532999,3138.85038963086,217.975782050971,1264.2599718472,217.974910147843,185.278542840198,130.785469230583,174.381497543905,0,0,0,0,0,130.785469230583,0,305.166530822924,0,0,87.1903128203886,87.1903128203886,108.987891025486,0,43.5951564101943,87.1903128203886,0,0,0,0,0,0,130.785033279019,0,43.5951564101943,174.381497543905,0,43.5951564101943,0,0,174.380625640777,0,261.570938461166,0,0,0,87.1903128203886,0,43.5951564101943,0,0,0,0,0,0,0,0
"L67","83","14 weeks",14,"TDP43","Female","Female TDP43",4349.4565391243,2101.96768249663,16.168983416819,80.8449170840948,3257.67455300425,0,315.29517662797,48277.0619078942,173.816571730804,128.273881210152,0,99.7086232771608,379.971110295246,12538.3955147809,9686.81484336996,8939.83157791854,2261.57284963289,159.669034620756,2303.04079464267,77.611120400731,145.520850751371,48.5069502504569,7966.76550184146,452.731535670931,11485.8871809311,4074.58365934855,2938.30058861955,1018.64579356976,5786.0708773985,1757.02958519094,1342.02562359597,2720.56566244215,7458.82917622949,727.604253756854,1875.602076351,16.1688217269848,32.3379668336379,10495.6208636749,14163.2910356608,4818.35738159172,13645.6209820319,80.8449170840948,517.407307648373,6532.26833025586,64.6759336672759,307.21068491956,7790.75544582033,1536.05310121813,6343.6307832557,32278.4733825354,2692.94402638136,1311.03485646063,113.182883917733,2545.92156214007,2247.48837155817,1212.67343288175,107.793276675405,1736.45083492685,32.3379668336379,274.872718085922,242.534751252285,129.351867334552,4885.72771465558,148.600880402441,80.8449170840948,307.21068491956,3638.02126878427,32.3379668336379,7649.45631663909,541.660944463435,2053.46089393601,2441.5166576295,1458.58329773247,1202.00303565549,1034.81493867641,840.787137674586,3346.97924390186,16.168983416819,161.689672478356,3094.49313011586,80.8449170840948,20436.2478391609,388.055763693489,339.548651753198,48.5071119402911,9195.57040609851,5788.49590153136,102820.154150173,49636.0850136173,3030.10516604324,9299.18060507414,231.755375077794,533.576291065192,6289.73471083241,10463.8339357961,23032.7178473976,13432.1905626197,145.520850751371,1358.19476870263,226.365606145631,16.168983416819,13900.4748817494,1600.72935826508,18375.0898623591,10837.2609734331,11366.7958270932,113.182883917733,258.703734669103,161.689672478356,1028.88674259647,12560.6380534386,991.697433978451,2053.11471600106,113.182883917733,623.314472408205,210.196784418647,700.65573247571,761.020206714891,582.083403005483,5576.63743068696,144.17284260391,1300.52534061936,1676.26195584758,126.118070651188,16.168983416819,444.647043962522,3243.48141936097,406.919469886555,533.576452755026,258.703734669103,145.520850751371,272.716745837124,1034.81461529675,9701.38972671171,64.6759336672759,4866.86400846251,194.027477622159,630.59035325594,0,0,0,5465.11639488481,646.759336672759,80.8454021535973,2538.52991137108,1754.33470072486,1325.85680186899,7580.42365039015,13799.4318322709,3136.78278286288,3864.38719830957,2085.79837570014,14762.2825063151,404.224585420474,22592.0223412923,1120.28014277186,25361.050004211,22215.2209985061,16.168983416819,4862.28285039102,2886.16370159202,5339.7875323142,48.5069502504569,4397.96300430526,71758.484243953,517.407145958539,339.548651753198,80.8449170840948,2441.51617256,6958.05247647448,2678.2773032138,2764.89616427604,2124.87395792357,2101.9680058763,17470.0473462759,43786.1439029952,776.111689076813,8583.57454546174,10171.6377688774,32.3379668336379,1762.41919243327,5141.73640316876,1544.13791630621,165.488090062635,576.514481737062,794.050852798105,1596.05199474226,1534.62942222828,113.182883917733,80.8449170840948,129.351867334552,80.8447553942607,1544.13791630621,1568.39171481111,2603.20633010785,48.5069502504569,355.717473480183,2975.09294869469,582.083403005483,2425.34751252285,307.21068491956,307.21068491956,161.68983416819,210.196784418647,16.168983416819,0,0,0,0,64.6759336672759,16.168983416819,113.182722227899,32.3379668336379,0,48.5069502504569,32.3379668336379,32.3379668336379,440.989781603471,0,0.951059604577292,0,48.5069502504569,64.6759336672759,0,16.168983416819,194.027477622159,129.352029024386,16.168983416819,32.3379668336379,64.6762570469442,0,80.845078773929,0,0,0,0,177.858817585009,0,0,0,32.3382902133063,0,16.168983416819,0,0,0,0,16.168983416819,0,0,0
"L68","84","14 weeks",14,"WT","Female","Female WT",757.575376875,404.039695949749,227.2726130625,252.525125625,8310.54885404237,0,353.535175875,12846.7955643628,252.525125625,0,0,151.515075375,0,26668.577002407,11022.0000167222,3079.12269508733,1339.6336702346,478.113396099581,9043.76717245033,0,252.525125625,0,13703.83755792,606.0603015,30458.7407543197,4191.91557022425,3341.08569475744,2727.27085169975,4729.7961080065,8425.92202838767,2373.7371909755,2599.24616856064,5832.12686718877,1060.605527625,7676.7648291005,0,0,7778.37487904899,12288.6498852492,2222.22060044975,5202.01708282475,252.525125625,505.049746199749,14141.4075400503,202.0201005,50.505025125,4494.94673107475,2929.2904471495,10151.5105551753,53251.2540479809,5280.89583106497,3484.84622857475,101.01005025,1614.47747151258,1212.122623201,808.080402,134.680235350084,4645.62089778142,202.0201005,2222.2211055,252.525125625,1262.625628125,3973.06214485008,44.89290673311,50.505025125,656.565326625,1060.6065377255,0,9869.52231304308,420.875041024916,1161.61406272425,1666.66532407475,1214.64585425625,587.399704816815,2979.796482375,1868.685929625,6161.61256019975,50.505025125,707.069846699749,7047.61565031436,0,7297.97663561275,606.059796449749,101.01005025,454.544721074749,4872.05209712533,3989.896984875,80261.7424947304,19117.8318069482,6471.37755605017,21744.5764465386,707.07035175,1666.665829125,2424.241206,9972.45407949909,14671.706768511,26724.3719238636,496.632578712416,3434.3417085,715.488024287584,50.505025125,18191.9085348742,3888.8879447255,5331.56701772263,10555.5507561753,8535.3502562255,50.505025125,151.515075375,50.505025125,1685.18450668758,38938.357200169,3282.826633125,2431.99675765819,202.0201005,652.357247931585,1616.160804,604.857271801522,2318.181663338,3686.866834125,7937.70560706208,404.039695949749,2510.100758813,4682.65825290658,404.040706050251,446.128058637667,1001.68333501267,9539.08712555975,3484.846733625,2777.776381875,1363.635678375,2121.21105525,581.649202656082,1262.625628125,20050.4934594742,50.505025125,3484.846733625,0,151.515075375,0,0,50.505025125,2676.76582657475,606.0603015,656.564821574749,3535.35226380025,3964.6424521115,1616.16231915075,7070.70048719849,20512.79928776,9141.409547625,1313.13065325,1818.18039944975,5353.53316830025,0,33860.2481358854,2236.65140127871,19604.9689358868,34366.8645479645,0,2104.37571017483,1262.625628125,1490.98005882568,50.505025125,3535.35125369975,50869.4961539653,606.061311600503,101.01005025,303.03015075,505.050756300251,2373.7351707745,5016.83081224916,2474.74673617525,235.689780549833,597.643134012667,14898.982411875,25090.0560784819,1060.60855792651,6111.1090502255,2079.12319761233,50.505025125,2323.23115575,2727.27186180025,1237.37059031124,109.427217737333,791.24404682433,412.458378587835,1306.87712103902,828.762714838939,101.011060350503,303.03015075,101.01005025,252.525125625,1254.20543033616,2373.736180875,2626.259286299,303.03015075,505.050756300251,707.07035175,0,2474.746231125,202.0201005,202.0201005,202.0201005,101.011060350503,0,0,0,0,0,0,0,151.514570324749,101.01005025,0,0,101.01005025,0,117.845900375419,0,54.389871657615,0,101.01005025,328.2826633125,0,0,151.515075375,0,0,0,101.01005025,0,101.01005025,0,0,151.515075375,0,252.525125625,0,0,0,0,0,0,0,0,0,0,0,0,0,0
"I92","85","14 weeks",14,"WT","Female","Female WT",2697.21736971778,1482.05214387652,66.0868220118084,109.351678778166,5945.8022476811,0,785.884573435137,30174.6881597239,142.391924669529,3.84665702514008,0,60.078929101644,0,22677.7527643916,9356.61409379861,5137.96683718121,1617.33667536989,113.809468304749,9081.5489340224,0,356.90496402305,39.6561071136722,8687.56227062051,265.597033508312,21640.1980023399,3699.22453430499,1816.37348872558,2285.77977024573,4929.33352537531,7600.09971836474,1306.37409454096,1721.89680143179,5115.76188648546,1320.64725103858,6290.25864675129,19.2332851257004,39.6561071136722,9187.00942747293,9450.66197880273,3281.15195660557,8793.78259593628,68.5060348022228,594.841402476863,12003.4195936455,38.4664740849752,97.3559624907734,5321.46407839314,2411.8854089268,9128.40586422538,50480.7697805299,3267.82626833392,2456.5231007389,108.162141915895,1764.55112599566,979.407658510129,807.59747228291,186.863031308946,3537.13899665511,219.892894418604,1528.74512449914,218.703357556333,1483.04098540944,4728.50255459974,29.4446961196863,237.936041892742,992.592214704076,2775.34015514465,0,9789.02594899675,530.061313986042,1371.20950057635,1317.17898811644,962.242432773212,691.898779311554,1182.54599223654,1561.16366277451,5731.30393741013,39.6561071136722,307.632418574747,6576.79783341416,39.6561071136722,15535.9272062407,135.822340409323,176.668176718118,282.907290516088,8288.55862407318,4860.25932037347,84029.9512728231,30720.0928290044,4581.1889358743,14270.2521894584,698.245601171892,532.383904273542,4063.56845945142,7450.98295729598,18520.3278006936,21135.0738535986,191.27464003985,2171.66935512456,392.760486845466,9.6166425628502,18351.4867459438,2956.36558138063,11692.6176089107,11071.481108186,9342.58438379872,99.7350362153162,117.7784840841,87.7393199279232,1028.50516656259,33695.4154378327,1841.78033239181,2559.54002428958,287.209392358556,588.2596633066,715.09981257305,451.75098343047,2120.00306846771,3467.13622562,9319.33085285371,136.598692588972,1448.68648701003,5541.12860351972,417.810431032051,153.03964693182,407.814136944704,7588.44818588037,2963.70289709433,2514.09977036491,1546.6885250979,1259.47913273934,178.133511188952,823.311527531994,14530.8788316618,49.2727496765224,4086.27059639318,30.039464550822,445.934168477923,0,0,30.039464550822,4135.64310484046,985.999287734599,198.28054746373,3383.06686129393,2852.36561690411,1574.24896482057,7196.3702557411,13093.1550885859,7840.4152305431,2903.82466332204,1782.14625101357,10020.2750250732,215.868538619817,21056.2738576257,1593.63803091745,22142.3946630867,29305.4088660028,30.039464550822,2743.8697263508,1910.23862858221,3241.64813698062,0,4035.90886174728,61579.5242019912,139.390746767917,267.976107232855,19.2332851257004,1695.89641742517,4420.80759117019,4236.64378484469,2766.7120418247,1309.72854525917,1235.38969155397,15669.3272556535,33930.3678866996,773.889866393474,6962.334545015,6968.20694758522,0,2276.16312768288,3578.079024252,697.056280433209,143.204770893625,775.098163148305,458.85453934505,821.555560902936,724.317045683863,237.936642682033,0,97.3559624907734,99.7347358206707,697.056280433209,1620.05335540853,1532.21378398235,199.470072430632,384.565462911123,1992.82378546625,0,1630.75909100254,447.022961114445,427.194907557609,237.936642682033,326.866004095093,39.6561071136722,0,0,0,19.233381292126,49.2727496765224,0,49.2725454483025,30.039464550822,0,68.5060348022228,0,19.2332851257004,179.554699841178,9.6166425628502,99.7350362153162,0,69.6952712698487,48.083212814251,0,0,108.162238082321,9.6166425628502,30.0391641561765,0,68.5060348022228,0,19.2332851257004,0,0,98.5454031866192,49.2727496765224,397.750607998993,0,55.072551939604,0,0,0,0,0,0,0,0,0,0,0,0
"L131","91","14 weeks",14,"WT","Male","Male WT",5299.67092465245,2322.3274476199,89.3202864469193,0,1963.15509363385,119.093715262559,476.374861050236,51725.0962247744,613.332038133603,0,0,89.3202864469193,0,15328.9194955556,8732.54667162714,8871.48795000678,992.449612083246,230.246857059987,2539.76518013482,0,119.093715262559,59.5468576312795,8237.67774753378,178.640572893839,12867.0820970656,5085.91140153342,297.733097219245,625.240814191282,5835.59085692824,2113.91285044185,476.374861050236,638.001110313089,7436.40927656152,2024.5931594635,2203.2349232945,119.093119793983,119.093715262559,7910.86911067034,2847.6182658085,4108.73377202686,13670.9664614936,0,774.109149206634,3215.53031208909,119.093715262559,0,9170.21667068562,2183.38438283453,3260.19105078113,39577.2448929224,3400.26669679865,977.561111269698,178.640572893839,504.163593101026,535.921718681516,178.641763830991,506.148289865876,1805.26183687591,833.656006837913,476.374861050236,476.37426558166,178.640572893839,3731.60387218495,0,297.733692687821,1965.04630183222,3513.26400477692,0,11088.3334985501,1002.37190497035,833.65660230649,535.922909618668,518.058852329284,387.055170071893,1667.31201367583,535.921718681516,1726.85946677568,59.5468576312795,297.733692687821,3042.41806945774,0,24955.0971735583,178.640572893839,178.640572893839,178.641763830991,10763.0939213852,4942.38799245905,90618.1703513192,52834.9371074605,3887.27543568468,14291.2446405699,476.375456518813,833.656006837913,5418.76523538359,3647.24205257299,23967.61019659,18427.6248276578,59.5468576312795,416.828003418957,416.82740795038,0,15005.8063366767,4525.55998904009,17980.5035513561,11621.5636992666,12028.4664324556,0,655.015433944075,59.5468576312795,988.47783667924,19539.6719214192,1786.40572893839,1371.56242228428,416.828003418957,274.341305135949,952.749722100472,119.093715262559,508.133582099303,833.656006837913,6146.37007518592,0,2357.06410701911,1607.83065758794,297.734288156398,59.5462621627032,238.187430525118,5572.91537667084,1310.03086788815,893.202864469193,178.640572893839,238.187430525118,908.089578877013,893.202864469193,6297.07721716493,119.094906199712,5121.02975629004,0,416.828003418957,59.5468576312795,0,0,5240.12228061545,714.562291575354,119.093715262559,1369.57772551943,3275.07776518895,893.202269000617,6862.77117372493,12456.209970347,2739.15485557028,4287.37315398355,893.205246343498,13398.0417761007,774.109149206634,16236.4421883479,2352.10087643554,24260.9487357161,17290.4179956101,0,6226.05032085091,4108.73258108971,5374.31648350472,0,5180.57601845274,78069.4019364073,59.5462621627032,0,0,3096.43719229511,9864.92901726959,2894.96814059117,2203.23313688877,2451.34583764387,2709.38380862895,24146.2460057352,43649.8319359613,1310.03086788815,11254.3560923118,13164.8175761592,0,893.202864469193,5895.13950096525,1012.29657973175,138.942469316793,357.281741256253,99.2443657397483,314.961789537703,407.047432053019,59.5468576312795,0,238.187430525118,0,1012.29657973175,1310.03086788815,297.734883624974,0,238.186239587965,3155.98345445781,119.093715262559,119.093715262559,59.5480485684322,59.5480485684322,0,238.187430525118,0,0,0,0,0,0,178.637595550957,0,59.5468576312795,0,0,59.5468576312795,59.5468576312795,59.5462621627032,0,0,0,0,178.640572893839,0,0,119.093715262559,0,0,59.5462621627032,0,0,0,0,119.093715262559,59.5468576312795,178.640572893839,59.5468576312795,0,0,0,0,0,0,0,0,0,0,0,0,0,0
"I94","92","14 weeks",14,"TDP43","Male","Male TDP43",7159.22409912866,2066.91175728052,762.93498677173,189.759168779093,1824.18701815048,0,604.152627513259,45013.1021606225,709.27899600447,0,0,57.3175817992636,0,19646.500382463,7487.55943010506,10435.3182911472,126.093687339371,396.719356767322,4462.88025085713,0,80.4977680091715,0,12387.821672579,114.635163598527,20770.2346879805,5625.55930714544,105.881155906611,192.761411556444,5194.85305349131,4732.28212351184,112.737788869811,630.492826616082,5564.00576664681,1700.03589570112,2465.91874087602,317.563572165305,0,5827.75300670881,1947.0121423929,4093.3615077793,14051.5806795622,150.248010361131,292.699265707687,4247.09180868548,0,31.7145351072467,11852.2453944754,3524.50491034971,2580.223126931,52768.6318369435,2747.90674817123,2212.61225119814,195.132931607699,729.841964324564,361.498063339874,343.906637147218,875.86694697274,251.153899637955,343.905490795582,745.866288977051,520.494273435354,467.812728878072,5412.89126832063,51.2241618860657,786.676120379042,3902.96932517853,5015.29122534659,0,12417.1553120158,2234.44061254881,210.779721527289,745.12799021461,481.467687113815,56.8747398877424,3710.36946993608,61.4799143868148,1441.58142194721,343.905490795582,114.635163598527,2070.85763014565,9.27207448396311,17017.666321251,114.635163598527,108.313991461061,123.908647841849,7538.16385610196,4461.18848113018,77298.6689892444,46750.0790693675,5004.64093547112,24801.1350693359,384.892100386792,1110.77532133832,5102.21769356151,1436.25391478812,22101.6398186209,21905.4476984532,388.922422508246,16.6506084057017,489.176784374173,61.9536190412452,11180.8517667664,8510.39706470675,18051.446067237,13822.4753855698,14595.1422540728,71.2256935252083,454.642342738752,142.451387050417,1041.81828130257,22247.2932100391,765.167510089131,32.1341800530186,776.10537291105,179.368389509901,473.186491706678,74.0916458320031,1781.179022872,1168.79409660856,5226.24366924784,42.1977764245416,3041.67042437885,3450.66006853348,228.058896956,294.965972613603,1072.56385055216,5623.53466532932,1455.18885736115,905.386373822146,494.153501156713,494.153501156713,451.907041039864,147.384527233476,7986.53766947014,71.2259569329311,8004.12785138013,58.0553073858878,266.358756836768,0,0,75.1228588289298,5818.79433720897,154.674495584738,57.3187281508996,781.060163406767,3392.53945243145,286.907676897828,6504.31703153441,14902.266969761,7686.03853005371,4898.23205491432,796.162035671946,11331.2140855506,681.489809453697,16962.034904452,3411.90225870367,21788.6993035736,13596.6967745556,0,3766.83843495998,3346.97087940049,3966.33833161206,0,4629.45273029871,79559.6865983406,183.676700200157,0,0,2100.0995825616,8001.41176689544,6526.40725779501,4125.50039084915,2519.42957576173,1312.10773534427,27707.5800648334,45563.5258612585,472.232204288002,9516.93942055523,12681.7777278739,0,359.607411836926,6364.36246912032,163.949126179696,19.9419849515288,171.953891749427,76.4238245162302,182.861607878509,67.427745954949,142.45381145755,353.177565279545,279.529011272228,326.836661297043,163.949126179696,1911.28870603528,687.809835239528,0,126.859681892207,2760.6235289169,114.635163598527,283.585642234934,116.110614771776,14.6458373125688,57.3175817992636,848.806254201784,0,0,0,0,0,88.2943913198863,61.9536190412452,0,114.635163598527,0,0,0,114.635163598527,39.3865529721137,0,0,0,0,0,0,0,84.3963430722517,0,0,216.099941057734,238.542401681018,0,0,0,35.6128467626042,101.464777459207,137.077624221811,202.929554918414,0,0,0,0,0,0,0,114.635163598527,0,0,0,0,0,0
"L132","93","14 weeks",14,"WT","Male","Male WT",2633.43896649884,1146.82039832795,472.886377472715,155.741022520954,5227.39177889595,0,14.1582747746322,31623.6410701159,88.4892173414511,169.191100391359,121.997039919582,334.135284681319,290.24463287996,13951.2459680711,8826.12535434773,6185.98584272905,2178.4143853163,738.994408265125,2671.01488616796,67.9595773354867,1198.73341178212,0,14883.3476344769,325.64031981654,15405.4670055717,3596.20179275657,3278.60677099797,1007.59712707282,4820.41953280204,1604.60471042956,1953.84177731649,3537.44523560734,6657.96297579574,481.381342337494,2279.48252188128,0,0,8818.19997687713,19607.2943819576,2831.65438859544,9729.093963498,155.741022520954,310.083065911426,7787.05140921319,697.530767925632,410.589968464333,5384.8642168391,3284.71946454917,6598.46480821381,32636.9286909862,4931.59582805961,2128.46045234271,382.273418915069,2006.73695029177,1826.41744592755,1798.10103796103,125.064713315002,2379.87134442256,0,240.690671168747,56.6330990985287,198.21584684485,3985.55406589346,14.1582747746322,70.7913738731609,70.7913738731609,3525.41056046616,14.1582747746322,6334.56900785494,367.17135354396,3525.41041888341,2803.33812221167,1622.22369230735,1465.62481991781,2734.19873583922,1160.97853151984,4275.79869877342,127.42447297169,692.036224651093,3256.67234696887,141.582747746322,14552.3469918307,707.913455566113,792.863387379402,184.057572070218,7014.1276865299,6226.808254804,103071.068903667,37941.8153621128,3547.62545991855,6462.39854906793,542.733536001155,1563.07339353664,5203.63801655831,13199.7594308068,17641.2106523572,21563.1637658045,359.148142394671,2180.37417371061,787.671972767787,127.42447297169,14271.4714557001,2902.44647038234,11841.7745938561,8348.66273930236,10285.7837356928,396.431693689701,1045.35271524884,155.740880938206,1008.06902237106,18622.4355857555,1097.26629503399,2225.26001064588,0,1534.01537513743,486.100720068122,743.309142502694,1342.43990074463,661.309228821448,5670.65904554014,467.223067562862,2624.70812477631,1876.92114471065,386.284741324218,604.466445673506,821.179936928666,4557.86990120873,547.453196897279,866.014237743755,169.899297295586,169.899297295586,324.46051077957,3934.01114974191,10894.2412574425,863.65490283531,4058.70519942331,368.115144140437,803.481951877628,732.690719587215,0,184.057572070218,6198.49312108221,1316.71941245804,566.330849402539,2222.8489980345,2211.05048291656,3879.36672191822,7136.91631559213,23222.25843728,2279.48223871578,3723.62598256277,5850.43586323225,10724.8931417839,2208.69072325987,40827.4508633587,1080.07503463714,20104.4110892968,26139.2063790175,198.21584684485,3818.95831885104,1901.92819753134,3569.73898612355,424.748243238965,3766.10137321765,62823.4390354992,1201.09359618705,396.431693689701,66.071854559785,1996.31660164039,4105.89968464333,3192.69082009681,1870.91421347201,1066.58998582804,1713.150964565,11180.3171278978,36074.1051662223,1316.71983720629,6534.04380849275,6124.63350748264,28.3165495492644,3213.9283738415,3928.92124996043,998.847879593093,303.964850633065,840.293891039915,1050.274414726,1746.97890573578,1291.57190955159,481.381342337494,169.899297295586,523.856025078643,184.057430487471,1066.5895610798,1529.09367566028,2810.41796751273,552.172857793403,807.021520571286,2598.04356272775,0,3567.88496004181,594.647257369056,571.724302595188,271.64773896348,563.69033115707,28.3165495492644,0,0,28.3165495492644,113.26605661431,0,155.740456189963,56.6330990985287,0,0,70.7913738731609,750.388421472758,240.690529585999,951.840708348341,0,0,1146.82039832795,155.741022520954,479.493619561792,113.266198197057,42.4748243238965,283.165353909896,28.3165495492644,56.632957515781,14.1582747746322,821.179653763171,566.330849402539,155.740880938206,254.849087526127,14.1582747746322,14.1585579401277,14.1582747746322,14.1582747746322,0,0,4.71937773062814,56.6330990985287,0,0,14.1582747746322,0,28.3165495492644,42.4748243238965,0,42.4748243238965,94.3884041090494,28.3165495492644
"I96","94","14 weeks",14,"TDP43","Male","Male TDP43",2918.46819503865,1305.81106193161,20.3615424546337,63.9690258734267,6184.19055246583,89.2381277884814,91.4765981290343,34461.6879885395,46.3302107619998,169.144441264483,160.911777105307,189.925292727538,641.498110295505,13011.119483612,9000.66655015392,6359.46808693496,3005.15273853316,563.324504358372,1695.54099859507,103.564040507594,1099.31116956855,0,14091.3964995981,127.507135507112,12789.5180703192,3180.46632975813,1635.47446151241,642.057057912326,4962.37149994549,1970.16840849397,1573.95608861417,2671.53202365553,7502.2930572384,289.668467991658,1777.57192469754,100.645788880903,11.4076610924221,8758.578740923,15344.1190044547,3115.58351795299,8731.46230295743,182.953196258069,573.956704056056,6717.04698454852,443.318636510493,445.329103923351,8003.3244774384,3770.43817394412,7717.61999559587,33684.4114903738,4986.32204092376,2142.58210005397,171.114916386331,2916.83170431131,2493.19976435249,1393.02632622963,250.509428413775,2437.93963270278,0,163.603234278883,64.7868301942869,242.014662671074,4057.33660903518,192.774009093504,166.132597004539,295.006646231394,4146.28824237182,29.7460425961605,6220.24449487989,484.775635659877,2183.47069243085,2370.89849445602,1117.71411939548,1489.81600225309,3177.26833185946,1447.46069242852,4353.20751753295,45.6306443696883,676.360183818303,3281.65208447567,4.4769406811058,16371.6506480096,138.914979983349,818.597133090545,109.599670243115,7720.65594782254,7308.83483938345,103957.759547416,41875.1986559735,3827.32093833474,6693.40632090485,623.804947963276,1927.13884495719,6059.90285509736,11734.5340891918,18115.524178224,22116.2901338845,422.514922108822,1712.44072274083,1154.32554047708,52.5613647810046,14561.17480731,2821.99943930989,12888.6130974683,8042.70957360597,10618.2089488191,272.19132404655,1202.84172372661,150.753557315513,843.221328538123,17176.2224837602,652.790522148802,2543.17024281146,44.6190638942407,649.511138580802,321.868290318029,304.338989810834,390.061167982529,341.368595214032,7024.11349647235,331.252790459556,2539.25239747907,1290.18880514325,321.9546492252,536.325530433947,1448.83125906575,4363.76693821787,393.029756439101,863.796563760067,193.930238571176,111.62283119401,553.987740001841,4816.67038884873,11495.5970465983,692.251990282902,3293.62855982979,340.636993140657,451.829205555352,1006.07218952095,0,345.113933821762,8042.54464948393,1270.42681949014,468.144312031584,3013.47468377135,1859.14766069413,2508.65207666076,7389.89451791408,22338.9952692671,2350.8396059814,3427.33511113527,4966.76488027637,11167.1584771103,2198.11774250416,35464.8730733726,1144.11312861172,19497.8137681524,25029.4996418615,130.391831477064,4446.23305291205,2496.81535339835,3510.76559170166,208.222000712697,3839.5185570343,65298.0262844432,920.138841670734,88.8075090091662,82.3074073771651,2313.43201920521,5949.77151969812,4720.00129544875,2050.19343144857,1082.76289792286,1109.74422247077,12885.5739811264,34913.0851302943,334.006041643899,6823.50406380612,7815.0435720977,82.3074073771651,2826.0447995232,4881.14604312321,840.647282423588,141.846931063622,1127.35150888749,629.941710036799,1346.47951673766,894.026367776341,314.937272446287,235.514561039073,791.304870224595,242.44528145039,796.613998743257,1716.18683965323,1831.4251905859,132.414878351348,836.504965122173,3344.55956829274,0,2948.34353089024,695.136022024798,655.474731050059,410.304758321485,669.041883800823,0,29.7460425961605,29.7460425961605,130.391534016638,34.2228692006553,29.7460425961605,54.5862209556421,29.7460425961605,0,0,59.4920851923209,511.752023603599,233.735389701846,129.437425784577,0,0,1675.03302188804,141.799492569486,364.121734657686,322.298428253103,0,253.853125926627,112.053335896715,0,0,492.983023320545,271.330269871735,68.4459665545325,260.353341635239,0,14.8730212980802,59.4920851923209,29.7460425961605,0,59.4920851923209,0,0,0,0,0,0,0,0,0,29.7460425961605,19.8304967571563,0
"L133","97","14 weeks",14,"TDP43","Male","Male TDP43",2922.76075056484,1547.34399678519,163.110291759578,79.3509741941122,5820.41419163655,13.2251623656854,26.4503247313707,33447.3326855815,125.639042474011,358.181568905061,47.6105845164673,125.639042474011,945.599109146503,12831.8433918974,11211.284102746,6978.25652549901,2489.74922922038,473.996035012475,2358.44717222138,189.781079947585,1044.78690112778,0,13216.4815013601,317.403764524825,15393.3170409305,3359.19124088408,3836.87127712514,1170.42673711153,5462.55888748705,1408.47965969387,1256.39042474011,3568.92009773108,7633.28069899896,449.655520433302,1920.95496586742,92.5761365597975,0,8952.4169808217,19756.5352325313,3663.37076880459,10568.2268496643,79.3509741941122,388.746638403267,7908.64722693147,597.777074425731,370.304281735943,6844.0216564938,2446.65503765179,7197.79501427913,31633.4294577413,5018.76052696226,1926.46549427033,277.728409679393,2570.7824440674,1930.87423439656,1560.56955590574,127.8432802855,1900.77072306491,0,171.92711075391,52.9006494627414,211.602597850966,4159.53376296143,97.8663337576953,115.720170699747,66.1258118284268,3729.4959193749,0,6683.59316315873,379.121232981898,3610.46892907723,2155.70133335509,1392.93705212684,1370.14877485453,2884.84897112087,1024.95008334062,3808.84623231089,132.251755908477,690.731318377563,3630.68504452104,66.1258118284268,15197.4753980772,727.384194615942,370.30454623919,142.831489046155,7088.90815272211,6264.3174276989,106254.789875254,40749.8116048179,4141.68019052263,4721.17334572618,555.456951610409,1536.76386689264,5351.78241473122,12459.8700946709,18982.5171316396,18256.6435150691,354.875146062016,2354.07890109199,782.488817386925,171.92711075391,14208.0127896673,2473.10456887342,13543.6277139933,8287.76845991337,12019.9722312826,440.838701438971,661.257986032644,119.026329039545,922.675009456695,16143.4534081255,929.06739168615,2178.37322919858,26.4503247313707,815.520379666332,290.953572045078,796.815900280919,760.887630688557,466.086858911301,5222.27025120679,357.078987118634,3270.80311649063,1733.45892947338,323.575286542772,457.926272473555,815.551855552762,3328.12586349358,557.661057170274,628.195212370055,158.701948388224,92.5761365597975,453.843532599644,2570.65640827006,11333.4496885763,476.105977416297,4099.80006885921,295.362047668055,700.933605381324,299.770391039409,0,39.6754870970561,6155.65182310825,872.86058388361,343.853957004572,2208.60171831458,2446.65477314854,2466.49317795519,7526.10834749103,21789.0850442017,1335.74139893422,3888.19747100825,3638.24084428381,11336.1682529522,1080.93669218977,39279.0984308314,956.305010333149,18920.7988696728,23003.2793981495,171.92711075391,3991.13367075883,2327.62857636062,4119.29157765701,264.503247313707,3491.44233553444,66566.0179703498,1229.94023226036,476.105845164673,61.7173362054493,2380.52922582336,4721.38322905292,3953.22109780512,2182.15165808646,1348.96642904828,2179.94742027497,12343.7068810319,40810.2053667738,1375.41635702478,7300.28989036157,6929.98494736751,158.701948388224,3121.13831830175,3617.08203926657,1194.67295628304,197.117606518325,558.101851831922,1083.07771372515,1827.42317907508,1315.67843087061,277.728409679393,26.4503247313707,264.503247313707,105.801298925483,1214.51056757994,1560.56915915087,2724.38344733118,224.827892468275,753.833990340818,2403.67312771169,0,3028.56231399357,290.953572045078,277.728409679393,260.86619541152,360.716568027316,13.2251623656854,0,0,13.2251623656854,132.251359153606,39.6754870970561,39.6757516003034,158.701948388224,0,26.4503247313707,317.403896776449,343.853957004572,119.026329039545,577.498668467178,0,0,568.682246227718,26.4503247313707,288.497262638899,52.9009139659888,0,330.629059142134,52.9005172111178,171.92711075391,0,383.529708604876,158.701948388224,132.251623656854,66.1256795768032,13.2251623656854,13.2251623656854,26.4503247313707,0,0,0,0,105.801298925483,0,13.2251623656854,13.2251623656854,0,0,0,26.4503247313707,13.2251623656854,59.5132306455841,13.2251623656854
"L134","98","14 weeks",14,"TDP43","Male","Male TDP43",4903.2674019414,2624.69006347585,0,158.635131158994,3481.72443553263,0,57.6855022396343,47831.7890593173,233.145475409352,0,77.3946193623389,57.6855022396343,0,21039.4466192621,7813.52521784189,8000.97771849972,548.812657620101,251.893552064744,8524.630844318,0,201.89925783872,0,4571.8047755074,86.5279649319402,14974.9490020285,4268.72716573294,887.943994721843,2461.24828784274,6504.1776690141,6239.64868453878,1470.98030711067,726.218362780361,5181.59879653759,1413.29480487104,6951.10301987593,0,0,7299.72477580614,6166.89919024429,3345.75797618874,11816.8745569341,28.8427511198171,896.747090791123,8566.29708258569,392.261126802002,57.6855022396343,7229.91579998831,1355.60872577638,6419.91674432017,46403.6561011327,1419.063355095,1841.12885033916,86.5282533594514,490.325326899335,692.224873165567,432.641266797257,519.169520156709,2727.56321546739,144.214044026597,2047.83532950702,355.726879241063,1932.46432502775,5160.44840714143,91.3351862610802,483.116081256937,548.012271276526,4095.67037058652,28.8427511198171,8492.74691352011,1019.11015499686,317.269108607944,605.69777351616,326.643868004418,414.05326741058,351.881563661769,1874.77882278811,4182.199200801,0,41.8219891237349,6100.2412849863,0,22867.4947051134,57.6855022396343,230.742008958537,144.213755599086,11825.5285359801,5162.85216201976,88753.3106657941,39540.0469899237,4199.50456304538,7196.26496225682,1124.86700524536,634.541678346022,4134.12727593711,3293.42943811459,22684.8237557362,16680.721994065,14.4213755599086,2105.52083174665,245.163096090935,115.371004479269,18122.8607037659,2076.67836905435,15593.353161123,11320.7795261007,8768.1960519969,86.5282533594514,259.584760078354,115.370716051757,657.614725531831,35003.059453003,1485.40168267058,2072.48982473673,461.484017917074,679.177277841495,288.427511198171,144.213467171575,2254.06157686873,3201.5453742997,11249.6002311772,144.214332454108,1508.47646042146,4580.27848735889,128.830762716842,117.818311911785,86.5279649319402,5228.23002598305,4059.61693168675,2451.63384518446,894.125284714332,1038.33904031342,86.5279649319402,1668.07205519274,10498.7637150335,230.742008958537,4470.62700042668,0,894.125284714332,137.003067819131,0,86.5279649319402,4124.51398698887,230.742008958537,86.5273880769178,2970.80250005863,1817.0938974035,519.169231729197,8122.84036097353,6284.22457953944,4989.79594372837,3432.28709483073,1381.56864392177,14488.6743510964,980.654114928805,8387.746897061,1874.78055335318,24868.2205923614,20204.3457172944,28.8427511198171,3327.01163009842,2624.69064033087,4550.04666934514,115.370427624246,5249.38070380672,71655.2833841298,144.214332454108,57.6855022396343,0,2768.90526121249,6854.96090071322,2216.08432646927,3172.7029116074,2081.48530195597,2009.37813572892,18049.7936507816,40015.9532486832,721.068489567917,8191.34160645558,10736.7138159244,57.6855022396343,1874.77882278811,5249.38070380672,144.213755599086,36.0534388997714,137.003067819131,173.056506718903,283.242449829362,383.746458243921,115.371581334291,0,173.056506718903,0,144.213755599086,1240.23800972463,432.640978369746,173.056506718903,374.956629840156,4297.56991685275,0,865.282245167003,115.370427624246,100.949052064338,57.6855022396343,86.5279649319402,0,230.742008958537,230.742008958537,0,57.6857906671455,86.5282533594514,86.5285417869626,115.371004479269,0,0,28.8427511198171,288.427799625683,259.584471650843,0,0,0,173.056506718903,57.6855022396343,86.5282533594514,86.5282533594514,0,0,28.8427511198171,0,0,86.5282533594514,173.056506718903,28.8427511198171,115.370716051757,0,115.371581334291,0,57.6855022396343,0,28.8427511198171,0,28.8427511198171,0,0,0,28.8427511198171,0,0,0,28.8427511198171,14.4213755599086,0
"L135","99","14 weeks",14,"WT","Male","Male WT",3524.83574152607,1504.50320369347,88.8373235669172,71.6430028765461,5308.97863648139,85.9716034518553,35.821501438273,33521.737690317,311.647062512975,92.6581881963291,210.152712913865,281.795859076417,265.079110643221,13589.8162102142,8900.96321531355,6692.88889886892,2815.10920525376,650.740129569939,2559.75821139913,25.7914810355566,1003.00161041363,0,12997.0520344341,214.929008629638,15087.6975944378,3295.5775591771,2999.7601614357,1065.09273828866,4857.77043122088,1700.32731603203,1791.07535848566,3487.68368623837,6513.64455354206,802.401632217316,2211.38078431339,28.6572011506184,0,8593.90904242899,18022.4861494248,3553.4932292487,9904.64543425451,28.6572011506184,471.820040474098,8181.63049864355,799.535768816249,530.158364572447,6679.51572937997,3388.71403606063,7078.32839763074,32822.7514431779,4885.47334757318,2268.69518661463,257.914810355566,2663.40643623672,2622.13361870958,1447.18851482023,155.226458470515,2499.1811867469,0,372.54361495804,14.3286005753092,286.572011506184,4054.51639055533,100.463120215706,186.272094051031,85.9716034518553,3009.00597752893,28.6572011506184,5968.29973507786,437.022174260925,2650.79081986019,3066.32037983017,1415.23401610522,1216.98120596915,2902.01918875729,1117.63070158811,4155.29459669769,71.6430028765461,827.988214264646,3370.34204768898,143.286005753092,14005.0130600788,515.829763997138,802.401632217316,93.1359037395099,6731.0989780231,5967.86271276031,105984.082903541,38958.0318176362,3669.93316896389,8360.87398425437,740.3107909143,1424.26275389973,5865.17393101724,12541.4033958553,16757.2982295381,22176.1683486998,370.633039357328,1977.34687939267,847.298009543956,128.957405177783,14676.6818302211,2536.16258840174,13194.0102555082,9608.99768714392,11054.515057279,257.914810355566,640.010873459147,157.614606328401,1051.71870908367,18816.7532918095,1067.48059957453,2321.57488703781,14.3286005753092,1046.84096687583,448.962770264354,757.505111604671,1341.39544176252,415.529416683967,5449.20061428745,427.470299259407,3291.7571244057,2139.37856342042,227.58574808982,520.376515531695,759.415830491389,4403.79909862542,887.6566623544,730.758486054764,128.957405177783,186.27180747902,427.46986940139,3623.2249400945,11448.550713384,745.087086630073,4203.05626428137,214.928865343633,942.105487826581,712.847878621634,0,226.869461347061,6308.64368896505,1418.53160024162,386.871785675332,2450.19084166388,1849.8217611284,3023.3337183882,7951.75962533398,21226.610555714,2722.43410930875,3266.92050131249,5568.81032702192,11362.5789666462,2169.3498405298,34193.7706934859,1624.07752478452,20673.7820524553,26007.9103919525,57.3144023012369,3902.63308117105,2345.11448520695,4022.89130636755,272.243124358864,3883.05061262279,60193.0266106908,988.673153124324,243.586209780257,42.9858017259277,2335.56261020543,4680.67594912433,3180.94889786063,2137.00832631326,1025.68894342055,1440.02421453257,12121.0399391952,35275.5817563538,960.015235543678,6414.43747845279,6212.64235168249,14.3286005753092,2980.34906295032,3610.8067718339,1842.6588937008,250.869867310704,1053.8512347073,858.89729828168,2097.51182539943,1441.29630769165,243.586066494251,157.614606328401,401.200816108658,143.285862467086,1862.71879122023,1518.83194755479,2692.34462124462,429.858017259277,902.701406386463,2446.60854823405,0,3739.76432029769,558.815279151054,544.486678575744,168.350740167469,634.051035335853,0,0,0,0,14.3284572893035,57.3144023012369,157.615036186419,85.9716034518553,0,14.3286005753092,28.6572011506184,558.815565723065,315.229212656803,408.109350876043,0,14.3286005753092,1217.93119218729,57.3144023012369,273.676270988406,28.6574877226299,0,286.571868220179,14.3286005753092,71.6431461625518,14.3284572893035,816.730376078631,429.858017259277,71.6430028765461,343.886270521415,0,42.9859450119334,0,14.3286005753092,0,0,0,14.3286005753092,0,0,0,0,14.3286005753092,0,14.3286005753092,0,30.0900612081494,0
"L136","101","14 weeks",14,"TDP43","Male","Male TDP43",437.915824654295,109.478545616975,41.054659879665,164.21863951866,8078.00902994288,0,711.61410458086,11627.7443621007,602.13501156842,0,127.725426049358,136.84886626555,0,27413.8243557654,11312.9717160577,2443.20824326247,2488.0722281835,841.163999715271,8712.70969251878,0,437.918561631621,0,12130.5429712288,401.423158580459,27965.0012287003,4529.69802078517,2602.12207332921,2080.10276723636,3233.28218203709,7690.90628412391,1751.66384601265,2869.27350349363,7560.57416086993,711.61410458086,7389.83768354877,54.73954650622,54.73954650622,8687.58588285882,11688.8884355481,1970.62148464206,4014.23322799098,0,602.135558963885,12973.274711556,197.061820026927,164.21863951866,3120.15469825001,4324.42088961859,11800.9353606872,55509.7072927666,5764.72291073107,3539.82309507645,164.21863951866,1799.10715836505,1642.18584779114,766.35365108708,802.846864556382,3667.09254070342,54.73954650622,2463.2795927799,261.063845197465,1094.7909301244,3366.48156273707,27.36977325311,383.17682554354,1368.4886626555,547.3954650622,0,10960.6800374439,1605.6931817173,1970.62367422392,1915.88303292677,1337.46995123229,1273.60696450987,2463.28014017537,2463.2795927799,7389.8404205261,0,547.394917666735,6823.28501939579,45.6172010809585,6875.28375680845,0,985.311837111961,273.69663774017,4956.66538874276,5036.03882596771,82820.8106999313,15108.1159305077,6475.30079569657,17753.8604958431,1094.7909301244,1149.52992923516,3284.3727903732,9333.83166318835,10646.8412480643,27152.767626709,355.80705229043,2463.28014017537,520.025144413625,54.73954650622,18841.357928791,4598.12190652248,4911.74447469336,12728.7706739676,9305.7229060574,54.73954650622,109.47909301244,164.21863951866,1464.28505862325,38562.0760180585,3092.78383020597,2508.4386238566,492.65591855598,1542.74325063061,1313.74911614928,976.188944291234,3300.7941069296,3229.63324386698,7508.43912198648,218.95818602488,2733.3267449545,5449.0164080247,711.61410458086,703.402625209462,784.600531519464,8325.32011147612,2864.70275136036,2134.84231374258,1423.22820916172,821.0931975933,427.880970988775,2323.69374918904,19158.8379928042,273.6977325311,3667.54852112581,218.957638629415,273.6977325311,591.187102267176,0,54.73954650622,3065.41515174379,1642.1863951866,547.39655985313,4214.94562837441,6076.09185177228,3065.41460434832,6995.71294870399,19970.202330797,6842.4433132775,1915.8841277177,2572.75978058327,4543.38071782987,1204.26892834591,35971.1760991585,1768.60902002911,18574.0384482189,30762.1980765182,0,2143.96520656331,875.83274409952,1447.53530478781,218.95818602488,3174.89369736076,45817.2982088392,711.61410458086,109.47909301244,109.47909301244,1040.05302580458,1806.40393991433,5102.64152699276,1532.70620738323,141.410312675913,483.532478339789,20765.4431353663,24460.9745126661,1751.66275122172,6185.56711301647,1893.07580087495,0,3174.89369736076,2627.4976849031,1040.05138361818,109.47909301244,766.354198482545,383.17682554354,1594.52740902096,1110.38567952856,547.394917666735,109.47909301244,328.43727903732,109.47909301244,1040.05138361818,3174.89260256983,1546.39109400979,766.353103691615,1204.27057053231,766.35365108708,0,2791.71632442176,711.61410458086,711.61410458086,109.47909301244,602.13501156842,0,0,0,0,0,54.73954650622,164.218092123195,54.73954650622,0,0,0,164.21973430959,54.73954650622,155.096294093399,0,0,0,0,328.43727903732,0,0,109.47909301244,328.43727903732,0,0,164.218092123195,0,54.73954650622,0,109.47909301244,273.6977325311,109.47909301244,328.43727903732,54.73954650622,54.738999110755,13.684886626555,54.73954650622,0,0,0,0,0,0,0,0,0,0
"L25","73","16 weeks",16,"WT","Female","Female WT",1467.00391588679,858.733999543488,107.341749942936,0,6862.80533114333,0,250.464083200184,24175.2935230365,531.341662217533,35.780583314312,25.3444605790266,35.780583314312,89.45145828578,31131.6232162643,9156.84701684462,3383.05379456237,1773.75622372789,158.456817848263,13382.7042218414,35.780583314312,357.80583314312,35.780583314312,8118.04043346103,143.122333257248,23085.8033855823,4078.98614002573,1149.02652344833,3077.129807225,3578.0572580137,11145.6517024082,2039.49432233328,967.778905252185,4912.67337344337,894.5145828578,10090.1241368301,71.5608088227908,0,8404.15915232226,5514.21403548275,1860.58890112089,5528.69551096755,71.561166628624,572.489333028992,11002.5304425684,71.5608088227908,35.780583314312,5152.40363945509,2647.76352306492,10993.584938934,52603.1691265531,3363.71617831015,3759.94284401034,35.780583314312,1544.52827453058,1109.19808274367,250.464441006017,244.500533379188,4660.50613447742,35.780583314312,2254.17674880166,71.561166628624,1753.24858240129,3917.97387291716,262.391182842177,500.928166400368,1288.10099931523,822.953058423343,0,9850.39530204176,1593.94161789348,858.734715155154,1180.7592493723,493.772765349172,354.739437153083,1252.32005819509,3434.93635597978,7728.60635369722,35.780583314312,35.7802255084788,8458.27477994432,0,13572.7685335721,143.122333257248,71.561166628624,0,9529.56226124898,5188.18350715774,76999.9251387902,22350.9381874147,5248.84018321549,14299.4528591708,1681.68741577266,322.024892022975,2987.67799113339,3992.5148465242,13328.2662111637,26344.3049696276,107.341749942936,2934.00747396775,232.574149348861,0,22246.5783912851,4150.54659104269,8157.97192224563,12344.3008856318,6476.28343305547,71.561166628624,357.806190948953,71.561166628624,250.46479881185,50302.1756313197,3077.13052283666,2663.26760762084,429.366999771744,957.12988804618,1144.97866605798,161.012624914404,3613.83891474551,5331.30691383249,13975.7255269937,35.780583314312,1706.137003963,7777.932034631,143.122333257248,178.90291657156,512.855266042361,10455.7974046324,5009.28166400368,3291.8136649167,1216.53983268661,1467.00391588679,139.543917119984,918.368424335952,18149.6998127673,35.780583314312,4723.03699748918,178.902558765727,286.244308708663,107.342107748769,0,0,3005.56971401387,143.122333257248,107.342465554602,4615.69488974041,1502.78521481277,536.70874971468,6970.05906085131,12895.746942002,9302.95166172112,2075.2738322301,1037.63906295005,6297.38337893058,608.269916343304,13006.2388144999,2622.20294776268,24248.5013121092,28233.7745263765,35.780583314312,1914.85731183371,1645.90719026418,2044.64672633054,107.342465554602,4078.9868556374,57840.1090455641,178.90291657156,71.561166628624,35.780583314312,1431.22333257248,3935.86416457432,6011.13871241608,2790.88478290467,760.337753234963,614.2334661643,17967.8135111589,28206.2274130886,465.148298697722,6368.94382994753,5110.65986412562,71.561166628624,2397.2990820589,3434.93635597978,1037.63727392088,41.7437753294752,214.682784274206,101.377842316106,365.940548759629,507.488178545214,143.122333257248,107.341749942936,143.122333257248,35.780583314312,1037.63727392088,2611.98186633311,715.612024092073,143.122333257248,322.024892022975,822.953416229176,107.341749942936,572.488617417326,178.903632183226,178.903632183226,71.561166628624,143.122333257248,35.780583314312,0,0,35.780583314312,0,35.780583314312,71.561166628624,143.121975451415,0,35.780583314312,35.780583314312,89.45145828578,71.561166628624,125.232041600092,71.561166628624,0,0,35.780583314312,71.561166628624,0,0,107.341749942936,35.780583314312,0,35.780583314312,35.7812989259783,0,0,0,107.341749942936,35.7812989259783,35.780583314312,107.341749942936,0,0,0,0,0,0,0,0,0,35.780583314312,0,0,0,0
"L26","74","16 weeks",16,"TDP43","Female","Female TDP43",3378.78392297982,1933.05433313411,32.4883053897913,129.953221559165,5064.30725828468,0,24.3662290423434,37422.9826851554,129.953059117638,75.5353100312647,86.6355893337947,303.2240753437,162.441526948956,14933.8291637857,9800.94770222411,6616.78448535726,3742.19534556407,438.359993820172,4830.87586011154,48.7324580846869,389.859664677495,16.2441526948956,10334.5419651656,389.859664677495,15094.627107365,3866.10817894363,2981.42043440644,1299.53237803318,5431.50308112225,2458.28172034703,1754.36865349026,2941.89434986159,7793.44154404349,438.592122762182,3573.71359287704,0,16.2441526948956,9079.75670479494,14106.3502386509,4288.45647389397,11040.3377293197,0,584.789497016243,9047.99256373229,220.920639092108,259.90644311833,6844.20294796885,1829.09208076983,8400.9343561907,33521.0217119158,4395.59007218888,1742.18553896908,194.929832338748,3266.00304500054,2680.28438245014,1575.68281140488,138.075135465086,1812.88626427529,0,698.498565880512,92.0500903100573,454.836275457078,3710.43510309806,83.9281764041364,211.173985033643,97.4649161693738,3330.05114001208,16.2441526948956,7134.43137627358,389.859827119022,2615.3085838782,2988.92425830232,1910.85994730707,1944.44603253598,1608.17127923619,1315.77636828655,4613.33936535036,0,454.836275457078,4332.77945672963,92.4368635857228,14360.7975093731,406.103817372391,324.883053897913,191.681164241295,6928.78852523255,4662.07198587657,106276.822553058,41493.7917167253,3771.81525847099,7809.89086038692,536.057526256137,824.39091170748,5880.38295066916,11612.4675083747,19801.6214853117,16872.8405525961,416.933306649497,1933.05400825105,594.265198607756,48.7324580846869,15731.919817631,2079.25105762206,14281.6654190521,10231.1084599715,11316.3726667657,32.4883053897913,227.417812845485,64.9766107795825,904.798168014998,18436.1332989745,1751.66075323602,2372.03306673043,113.709068864269,989.539526703041,406.103817372391,487.324418405342,1278.33765736299,1526.95035332019,5812.13200603087,64.9766107795825,1857.51886066132,3124.05384155924,162.441526948956,244.203708032755,452.128862527419,3347.47575528331,855.525429411679,730.986871270303,438.592122762182,487.324580846869,548.510943478152,2687.86552851285,11724.2173699824,227.417975287012,4211.29626126864,129.953384000692,467.831760054521,549.052036204418,0,197.637082826879,5506.76776356962,893.428235777733,227.417487962431,2891.4590172499,1941.1760845985,1526.94986599561,8318.35980503063,18792.1390123451,4548.36275457078,3817.37588330047,2127.98481523896,12288.701351247,1185.82249696127,28605.3195361976,1385.78151897436,21735.373179921,22030.7440196443,64.9766107795825,4575.16560651735,2582.82027848841,3934.06315511983,211.173985033643,4028.54986833412,65955.724809086,568.545506762874,341.127206592808,64.9766107795825,2322.91367292855,5647.55063684742,3042.22034864511,2534.08749552067,1333.37414622551,1356.38658758226,12734.8741327473,39803.5871414968,730.986871270303,7910.90187508959,7248.95314009718,81.2207634744782,2858.9707118601,3849.86402624874,1673.1474026912,164.684519553068,727.738852938959,813.212985355069,1857.90547149545,1572.70444600827,113.709068864269,0,243.662290423435,48.7324580846869,1681.26947903864,1851.83356965963,2923.94813484732,146.197374254061,259.90644311833,2322.91383537008,0,2615.30874631972,308.63873876149,284.272509719147,297.036027816107,385.219035135617,0,0,0,16.2441526948956,32.4884678313182,16.2441526948956,16.2435029287878,32.4883053897913,0,0,48.7324580846869,239.601252249711,8.12207634744782,380.074674418671,0,0,0,48.7324580846869,284.272672160674,0,0,341.126719268227,48.7324580846869,0,48.7326205262139,0,0,16.2441526948956,0,0,16.2441526948956,0,0,0,0,0,0,0,0,0,16.2441526948956,16.2441526948956,0,0,16.2441526948956,0,0
"L27","75","16 weeks",16,"TDP43","Female","Female TDP43",2930.36934296173,1606.97673646289,113.433651985615,75.622434657077,5732.80594454105,113.433651985615,0,32029.6040975015,444.281803610327,33.0848151624712,101.61802468262,107.131656393468,85.0752389892116,18836.3332205529,11340.2124992607,6259.64721779563,2947.81052317887,560.866453392016,5897.13103732175,18.9056086642692,559.60601646237,18.9056086642692,10161.9677032818,321.39515823649,18502.3106281774,4386.10121011046,2682.48051460453,1361.2036347713,5051.5778788684,4241.15814733237,1739.31580805668,2719.03072783516,6924.71892841597,548.262462207721,5369.19304970855,18.9056086642692,37.8112173285385,10046.6056792124,14543.3646307883,3951.27202177618,10725.7817301206,18.9056086642692,737.3187379065,10095.5942704954,202.290390819854,321.395347292577,6037.19134855012,2117.42835945424,8285.38318617208,39428.16299245,3716.70786640556,2067.01352905358,170.150477978423,2502.6828826369,2060.71115534926,1058.7137070869,330.847962568625,2674.28814720204,0,964.186041877731,132.339260649885,642.790694585154,4393.97842101652,213.633566962329,359.206375565029,113.433651985615,2816.93550192003,0,7682.60848099789,712.112646098777,2363.20108303366,2646.78540205378,1204.75991213056,1173.41498013346,1966.183301084,1588.07093874253,5066.70312202416,0,567.168070871991,5535.8316218215,69.7705816072257,15150.144489158,378.112173285385,491.545825271,37.8115954407118,7621.79594394406,4688.59094873877,94737.283413911,36049.8449140215,3838.10796377012,7947.15239436397,491.545825271,775.129766178952,5232.1273868926,10592.5276270675,17856.346627178,18838.5376145232,251.129438738348,2514.44576329172,372.755458126451,37.8112173285385,15593.6609937296,2798.03083853619,12554.6590781026,10474.3373239419,9766.6372469054,189.055897586606,245.772534523327,170.150477978423,705.810272394456,25981.7930904525,1862.20245343052,2798.68232581077,0,1121.73290678403,699.507520577962,699.507331521875,1539.23170176795,2098.52256173389,7426.48323517001,85.075049933125,2412.04032000824,3682.57738202786,132.339260649885,514.232555668123,570.319068668064,3880.07198709785,1855.90064689446,1758.22160577704,926.374824549193,586.073868592346,351.014197218628,2080.33744581581,13706.5666597074,113.433462929529,4121.42287786678,189.055897586606,794.035374843221,207.961884363048,0,141.792064982019,5350.2872519882,794.035374843221,75.6222456009903,2798.03027136793,2788.57765609189,1966.18311202791,7203.03576675006,17564.0971114826,4745.30777473158,3554.25480699479,2640.48397362989,10454.8006460605,854.53407879323,27236.9927883871,1734.36424009142,22869.4846772297,26217.5776028624,75.622434657077,3698.2522112275,2489.23834809139,3083.18980570197,113.433651985615,3989.08380627298,61808.1047045907,425.376573058231,189.055897586606,132.339260649885,1777.12797066566,5366.04224096856,3073.4218448734,2514.44633045998,1025.62945909269,1600.67492992682,14225.7938881285,35262.2888693797,1077.61912669509,7307.01755968398,7548.06444826558,0,2514.44595234781,3809.47995679417,1068.16783481165,223.971342836038,890.559283271255,1040.7087616194,1524.11118501435,1290.22195987304,151.244869314154,151.244869314154,264.678521299769,132.339071593798,1087.07344347591,1814.93880988202,2382.10725886618,207.961695306962,453.734607942462,2117.42798134207,359.206564621116,2230.86201143986,207.961884363048,207.961884363048,229.775742808142,394.108586888396,0,0,0,0,18.9056086642692,94.5280433213462,18.9056086642692,56.7166369367211,0,0,37.8112173285385,151.244869314154,56.7168259928077,318.22204087828,0,18.9056086642692,0,37.8110282724518,224.166826829627,0,0,302.489549572221,75.6226237131636,37.8112173285385,0,37.8110282724518,0,75.622434657077,0,18.9056086642692,56.717204104981,18.9056086642692,0,0,0,0,0,0,0,0,0,0,0,0,0,0,0
"L70","76","16 weeks",16,"TDP43","Female","Female TDP43",4399.16676798646,2639.50028784565,78.0498774067483,14.1908609996615,4175.42811903,14.1908609996615,70.9543049983075,49400.5156270631,227.053775994584,11.3526887997292,114.709696261614,28.381721999323,113.526887997292,15089.6662856196,8943.79369275192,8041.25110164097,2281.36467734553,350.852151092041,4740.89930416568,11.3526887997292,425.725829989845,0,6778.90802821744,255.435356085297,12462.1425168232,4314.02160198849,1376.04039366144,1244.0655282732,5941.03758984886,3315.93109231517,1064.31471688322,1420.57316029031,7038.93682409971,141.908609996615,3391.61620464493,28.381721999323,0,9218.10218442372,8429.23704634527,4654.60184025454,13872.5130156892,56.763443998646,312.198800083943,6726.46797193095,194.414795695363,70.9543049983075,7916.13524700831,1315.01969136289,5527.34035936816,34565.209739808,3059.00839208849,1947.69581411215,156.099470996277,1915.15815656047,1617.75772823558,1177.84146297191,49.6680134988153,1957.25747434511,14.1908609996615,652.779605984429,56.763443998646,610.207022985445,5388.97932271285,14.1908609996615,42.5724410903745,241.244636994246,4257.25787417262,0,7892.24748687036,305.104930578822,1277.17678042649,1929.95695404536,1459.46264722544,1397.07224302321,1546.80413278032,1149.45959906397,3632.86013209613,0,156.099329087667,4325.21109588672,106.769058080643,21023.1861249453,312.198941992553,212.862914994923,42.5727249075945,9593.96814047403,5605.38952723186,98326.48247641,48738.7475297214,3003.96871197548,6798.7573531321,624.397600167886,489.584562579712,5345.22364763232,7080.77105660088,22343.5113535101,15074.4115357708,212.15337194494,1206.22332687984,256.14489913528,28.381721999323,15874.8440703759,1830.62050132189,18008.1468384867,11882.4808964137,11554.1993097416,85.1451659979691,99.3360269976306,99.3358850890206,427.855026774234,20626.2511394774,1475.84926014758,1799.23230351118,28.381721999323,833.712941821504,539.252717987137,229.418682980178,1242.41002242898,1589.37643196209,7286.53371620324,28.381721999323,1480.4219812875,2921.03164394906,61.4938256042732,230.60163315311,577.094919380495,3835.01987399927,1262.98662896987,950.787686977321,454.107551989168,468.29841298883,316.692761945316,2344.80364426703,9451.11356768318,184.48133490421,4711.36542616179,85.1451659979691,943.69225647749,326.389802992215,0,151.369231299259,5420.90904377931,596.016020077173,99.3360269976306,2398.25522512558,1887.38451295498,1021.74185006702,8042.66848483762,12225.860991555,3888.29591390725,3888.29591390725,1277.1783414212,14389.533337474,1251.63450780459,17495.5573292319,1082.89764936228,25491.5165950891,19677.1486172437,0,4950.95526685487,3320.6616158294,5577.98810991039,156.099470996277,4995.18321378946,75163.3118164522,127.717748996954,227.053775994584,42.5724410903745,2653.69086502809,7634.68321781789,2653.92785240679,2994.2719547458,1957.15629350619,2142.82001094889,15037.5811427667,45897.5018731138,368.962385991199,8819.62011128963,10440.925980501,28.381721999323,1475.8495439648,4626.22054398104,1248.79590987882,121.680956727698,554.547344155353,529.994884088178,1011.21705609801,942.070382973839,113.526887997292,56.763443998646,198.672053995261,99.3361689062406,1248.79590987882,1035.93285297529,1589.37629005348,85.1451659979691,326.389944900825,2909.126363022,56.763443998646,1078.50543597427,113.527171814512,113.527171814512,99.3360269976306,411.534968990184,0,0,0,0,0,70.9543049983075,56.762876364206,28.381580090713,14.1908609996615,0,28.381721999323,70.9543049983075,0,28.381721999323,0,14.1908609996615,0,14.1908609996615,189.211716509837,0,0,113.526604180072,0,0,0,99.3358850890206,0,28.381721999323,0,14.1908609996615,28.381580090713,28.381721999323,14.1908609996615,0,0,0,0,0,0,0,0,0,0,14.1908609996615,0,0,0
"L28","78","16 weeks",16,"WT","Male","Male WT",4471.21477113358,1944.97852269203,0,44.7121499469433,3530.24556345341,0,89.4242998938866,46466.6484511603,156.492524814301,22.3560749734716,0,11.1780374867358,0,16814.252363541,10064.6499571125,7919.26710714327,1356.55388642752,66.3226498200496,5660.2340201959,0,603.614024283734,0,9755.39300654647,201.204451200495,15107.0103541636,3934.66830108801,1784.65439018803,1274.29604992713,5808.85318252605,3759.54645899831,1229.58434710169,1288.4018389924,6874.97147434696,786.933839066202,3627.27271732427,134.13644984083,67.0682249204149,8090.44891457964,7203.88075617917,4247.65402139886,12171.019667767,44.7121499469433,603.614471405234,7086.87621371201,0,223.560973295466,9177.16832948861,1833.19747714243,6477.67182932041,39047.607016857,2810.53152349594,2224.42990698193,134.13644984083,1427.25653845638,961.310776737781,558.901427215292,149.040574343394,2404.87540120506,0,603.614024283734,142.653220162724,871.886923965394,5531.26562420669,163.944698845959,134.13644984083,447.121499469433,4605.35122097441,22.3560749734716,8414.45327356267,609.203043027102,1520.21287463532,1028.37967234045,819.527655013025,781.521433315124,2369.74439430949,1430.78879830218,3129.85071984678,44.7121499469433,581.258172871012,3746.71854317854,0,19470.2790408485,156.492748375051,201.204674761245,22.3565220949711,9134.3195583907,4135.87387009225,92533.2693690259,45003.523378895,4040.59361991982,8949.2595467323,335.341348162824,849.530625431172,5208.96546881889,5799.35185066232,22825.552100793,17274.8568118269,223.560749734716,1877.91029777162,424.765200935211,44.7121499469433,16335.585548041,2883.93367157784,15719.8107132147,10246.5347354424,11161.1108081304,44.7119263861935,111.780151306608,134.13644984083,763.087731695748,22372.6392601017,1246.35117977104,1441.11484577168,67.0682249204149,467.614642715365,536.545799363319,357.696528893297,1145.37639018136,1788.48599787773,6927.42888646846,89.4242998938866,2110.04102528666,3016.82265243515,268.27289968166,44.7121499469433,536.545799363319,4670.88581915164,1389.80273537107,1520.21309819607,760.106549098036,760.106549098036,612.184002064065,1326.46015034498,10887.4098534452,134.13644984083,4404.14766401691,89.4242998938866,804.818699044979,22.3560749734716,22.3560749734716,0,5946.71527226121,380.053274549018,111.780374867358,2012.0469711732,1430.78857474144,1095.44767370011,7399.86148690136,15791.193660605,4359.43461982697,3196.91894476719,916.598179669338,13503.0692839769,625.970099257206,22438.6656919284,1120.99686686204,23074.0776558899,20174.2821255576,0,4565.85608468327,3040.42597283139,4868.22155157798,0,5141.89746745923,74191.05439746,357.697423136296,89.4242998938866,67.0682249204149,2883.93277733484,7060.79360460121,2554.55312368519,2995.71427000595,1713.96559892566,1751.22646908394,17494.7451291257,44055.6249057768,715.394175590343,8730.04817138367,9997.63672813652,0,1408.43272332871,4963.0486441107,883.06496145213,116.305020881239,396.820330779122,425.830467907697,896.430987996519,780.6573710174,111.780374867358,44.7121499469433,201.204674761245,44.7121499469433,883.06496145213,1184.871973594,1453.14442615416,178.848599787773,201.204898321994,2660.37269828238,0,1095.44812082161,89.4238527723871,89.4238527723871,245.916824708188,111.780374867358,0,22.3558514127219,14.9039009418146,0,0,67.0682249204149,134.13622628008,0,0,0,44.7121499469433,156.492301253552,0,161.282537438118,0,44.7121499469433,0,22.3560749734716,111.780151306608,0,0,26.827289968166,22.3560749734716,22.3560749734716,44.7121499469433,44.7117028254438,0,22.3560749734716,0,156.492524814301,0,44.7121499469433,44.7121499469433,0,0,5.58901874336791,0,0,0,0,0,0,0,0,0,0,0
"L29","79","16 weeks",16,"TDP43","Male","Male TDP43",3527.64610846914,1701.98621636758,312.128949294783,44.1691909379409,4254.62770550052,0,0,39414.4007959121,58.8921956916666,528.263523617773,0,1336.16714201304,653.704025881526,10006.032272978,9505.99474692173,7669.93089023312,2253.20700088275,413.633990312501,1835.58924400892,211.32507946014,1470.28694918835,35.3353527503527,10436.1324787799,565.365585113389,8469.58947520212,3403.97278608868,5227.49583162492,863.753027969342,5038.83531855689,1390.83870649544,1872.7736957687,4766.5882629586,6200.14817652852,153.119861918195,2022.94888606544,29.446068399706,29.4461272919606,11779.4586810447,30453.3389074837,4187.23918313229,12019.2219468596,335.685851128351,406.356556629056,9935.12370166104,418.135007545841,441.691909379409,6076.69923363803,2164.2903559591,5025.47260709954,27638.7842455565,3619.53192419213,1509.11408260524,742.042407757407,2328.49144339207,2467.5854670663,1531.1985602897,64.7814800423134,1958.84060338528,0,11.7784509167842,111.89528370945,0,4082.70549013808,123.67367573398,53.0030291255291,94.227607334274,4104.79014449931,0,6073.06717162107,345.501246523089,2438.13910420532,3203.73870825757,1644.72515945112,1440.71243678139,930.49768131821,1189.62354259521,3657.20924523053,0,141.341411001411,3362.55368676305,164.898312834979,17984.9094572837,559.476536331761,901.051495133995,265.0152045199,7910.60398248908,5806.77630197463,107049.879588829,46010.8496177073,3253.71243759181,3084.10321552815,399.976699797726,273.848983815234,4960.69083259596,13505.2909013236,23009.2040426148,14703.3628323001,40.2430210015946,1648.98318724205,59.8738117910714,335.685851128351,12947.4483894875,1283.85114992948,18153.1606239566,8551.15524780085,11837.3428769069,259.125920169253,736.153064514506,247.347410360215,2283.35100139153,14090.9333252592,1266.91962673661,2622.50012933519,0,1625.04760821151,541.808742172075,1474.0590569867,821.547010337956,35.662558116821,5394.82492226785,1404.88368472214,713.479546499696,1691.62759881656,612.381333176644,597.905852568934,384.762769209788,2599.4580635912,1.47230636459803,983.500651551484,0,0,73.3207980647273,2555.13834405054,9884.57418275373,11.7784509167842,4522.92526982966,594.517192240176,694.92860409027,0,64.7814800423134,11.7784509167842,4840.94320901382,1148.39890549421,689.039437524133,3875.11017494525,2396.91452599658,4855.46986699076,7769.95426101776,16568.5764115634,247.347410360215,3910.44599883364,5981.48965685082,16843.1849876782,332.544891622372,30486.7179773212,556.111079551308,23833.6953712207,25394.2703303729,94.227607334274,3193.28533306892,2877.377385582,3639.69557210109,70.6707055007055,3686.65519584572,59695.581508536,126.618524032194,518.251781446252,182.565930317901,2514.69921184118,5153.07209941634,2563.77595324586,2298.51546248561,1496.3540744813,1688.24453325198,12318.1987245072,36808.3275420403,906.940661700132,6969.89779997679,8091.30497178107,76.5599309590976,2255.57335056418,4269.68833954978,1890.44148992838,233.549779602766,1211.59606610371,1016.55033700918,2211.07000497373,2084.77656618684,524.141065796899,53.0030291255291,441.691909379409,147.230636459803,1913.99839176195,948.165181016623,3524.70143684769,759.710025240329,1401.63560020507,2885.7205335044,0,3521.75676522623,499.602547863926,486.982762198156,209.418030472204,476.676617645969,17.6676763751764,0,0,41.2245782087449,53.0030880177837,23.5569018335685,0,359.24275296192,0,5.88922545839212,106.006058251058,400.467331170664,0,560.766512276167,0,0.490749157447815,0,170.787479401117,438.747296650213,0,0,418.134948653586,53.0030291255291,82.4491564174897,0,371.021086094195,0,441.691909379409,0,117.784509167842,300.350498377998,70.6707055007055,0,0,0,1.96305552204585,5.88922545839212,0,0,111.89528370945,169.609693201693,217.901341960509,164.898312834979,11.7784509167842,0,0,64.7814211500588
"L30","80","16 weeks",16,"WT","Male","Male WT",3774.85828528296,1677.71447459519,66.2255800794917,110.375966799153,5921.35119072663,0,132.451160158983,39053.4879299331,110.375966799153,0,0,154.526353518814,0,18341.8057535453,8675.86600342266,7863.18387477165,934.616225189503,232.525737976771,5677.31125264531,0,618.105414075256,0,8980.28247835086,529.804861387867,17452.1739158806,3819.00867200262,2350.63965784478,1350.26584667501,4970.22890195812,4716.73305480111,1302.43640823,2029.86590614082,6063.42536917504,309.052707037628,4238.4373458394,22.074972607897,22.0751933598306,8029.6526871462,7855.84078245244,3708.63182219574,12088.7434358127,0,353.204197516957,9232.950064253,0,242.827126958136,6504.82349619545,2229.59497084676,6964.72372577848,39658.1921563754,3869.09794799188,2469.47837077036,154.526353518814,954.383457083563,816.782816569532,309.052486285694,161.884677721446,2863.57333195546,22.0751933598306,1125.83486135136,194.261701566509,816.782154313731,4963.23945423653,77.263176759407,60.7067817395341,507.729447276103,3156.75265045577,0,8768.26636102084,342.16527632544,1876.3914355856,1589.41370115587,735.103938882358,566.294052252,1876.39165633753,1236.21060739858,3024.30104879292,0,551.880054747698,3454.97769590234,110.37640830302,18418.4371382708,198.676740238475,264.902320317967,0,8920.58563670754,4812.39259394693,87195.8802101518,41907.5470743024,3522.25471744156,11807.5304173769,507.72922652417,1103.7594472396,4613.71585370846,7157.30506362644,21335.6737200205,18678.5027837236,443.343393059286,2141.29375590357,660.416274932243,0,16011.8737308317,3267.12950026266,14643.1684751433,9661.57636740316,9847.74419932429,88.3007734393223,88.3005526873887,66.2255800794917,486.758234336198,24458.1107031503,1986.76762313669,1584.47261062614,44.1503867196612,767.112527750245,618.105414075256,419.429115340648,1919.28000425281,2008.84259574458,6967.3776055242,110.375966799153,1883.01421434548,3065.88607729224,126.932361819026,38.6315883797035,662.255800794917,7229.03972896081,1559.98040434534,1192.06044143085,596.030220715426,551.879833995764,327.448627920176,706.406187514579,11804.7092076655,110.375966799153,5724.83340439875,88.3005526873887,397.35348047695,0,0,22.0751933598306,4988.99325781784,463.578839804509,110.376187551086,2582.79762310018,1379.69958498941,1810.16519325031,8153.63116734175,14992.0521158158,6313.50508015961,3002.22607618503,1677.71557835486,12593.8995777988,618.105414075256,23133.816762967,1117.95092679483,22803.6745199531,23829.6447385755,0,4868.31590203733,2671.09861729143,4381.71572608558,22.0751933598306,4984.57799839394,72193.4238349535,993.383259688509,198.676740238475,44.1503867196612,2052.99364472004,5978.69923179647,4180.672304367,2869.77513677798,1491.91507765124,1655.63972273923,17801.8052433523,41560.9678630646,838.857568425496,8245.08516140059,9058.18760173317,0,2472.42165630102,5077.29447276103,1015.45823229641,219.648173930314,634.661588343196,337.750458405408,1120.00127075409,847.320093799987,242.827126958136,66.2255800794917,176.601546878645,176.601326126711,1022.81655649904,2030.91778910441,1810.16431024257,220.751933598306,397.35348047695,2626.94800981984,0,1898.46662894543,176.601988382512,154.526795022681,176.601546878645,220.752375102173,0,0,0,0,0,132.451160158983,66.2255800794917,44.1503867196612,0,0,0,66.2260215833589,11.0375966799153,217.598492226854,0,0,0,88.3007734393223,22.0751933598306,0,0,154.52613276688,22.0751933598306,0,0,44.1503867196612,0,44.1503867196612,0,66.2255800794917,44.1501659677276,44.1503867196612,66.2255800794917,0,22.0751933598306,55.1879833995764,0,22.0751933598306,0,0,0,0,0,0,22.0751933598306,0,22.074972607897
"L31","81","16 weeks",16,"TDP43","Female","Female TDP43",3071.26333748069,1171.05732803633,88.3816851348174,132.572527702226,5251.24002453983,44.1908425674087,176.763370269635,35123.2674586321,276.192766046304,279.875188957447,0,187.811080911487,563.433242734461,14007.0246549942,9909.53196354864,6220.96542051854,2925.87833783868,473.920272029918,3713.01424286367,201.804774073096,441.907983765661,22.0954212837044,10358.2099843956,419.813004390383,13381.6440262861,3822.506998264,3320.2831544323,1590.87099528935,5540.16395137559,1981.2228487569,1767.6328188795,4145.15251515453,6441.18385582683,640.767217227426,2828.21392431416,44.1908425674087,22.0954212837044,10618.3901986376,18162.3324467249,4131.84422196114,9815.89090528566,110.477106418522,596.576816568443,9733.03307547177,132.572306748013,375.622161822974,6149.89240460052,2347.63829043937,8716.64502214665,34428.0664034385,4036.33234437807,1329.4076999334,176.763370269635,3221.07559668532,2739.83179727091,1723.44308108315,121.524817060374,1879.26838823592,66.2862638511131,397.717583106678,77.3339744929652,464.003846957791,3627.33129248444,191.493503822629,154.66794898593,309.335897971861,3181.740222945,22.0954212837044,7061.3280906449,800.958579625857,2651.45143786137,3756.22139727553,1940.24136613094,1766.69619397128,1480.39300505398,1425.15489375314,5126.13862163626,44.1908425674087,353.52674053927,4929.72490940218,110.477106418522,14049.0050716164,419.81278343617,331.431319255565,88.3814641806046,6993.93749763803,5457.56905707498,105510.519275884,38486.1717969038,3659.63236790488,13051.3181409574,507.826358852401,651.814485960853,6363.48088779843,14999.1075239531,19631.7809267545,16887.2138597482,232.001923478896,2187.44670708673,364.574451181122,44.1908425674087,14687.9299726172,2386.30505673164,14843.8617797006,10539.5152894643,11205.5349217685,132.572748656439,552.385311138396,220.954212837044,1115.81965864392,16370.5221550142,1443.56767117149,2384.46406623029,88.3816851348174,1134.54729581556,441.908425674087,979.563161351063,1030.7511819306,928.007693915583,5845.63292966859,88.3816851348174,1353.34411171847,2564.18380386768,106.058022161781,154.66794898593,478.733980510786,3970.00564590601,905.912272631879,905.912272631879,375.622161822974,353.52674053927,423.127096628725,1038.4848003341,14505.6431889351,66.2862638511131,3513.17176315478,132.572527702226,618.671795943722,0,0,0,6137.00326154889,1038.48457937989,176.763812178061,3203.83652804556,2088.016206539,1542.99684599395,7730.63463781921,19101.9917191461,4065.5575162016,3645.74406990279,2629.35667944031,10561.6102688396,360.89202826998,29305.3410824822,1140.01900594226,21399.4163970845,26414.8112205674,44.1908425674087,4150.25655747106,2076.969379714,3807.56695820881,22.0954212837044,4220.22524423332,61013.5603343382,508.194910479413,508.1946895252,110.477106418522,2850.30846178101,4894.13581434052,3454.61933866139,2386.30505673164,1320.20120074712,1642.42668367905,14058.2060469474,37165.6009397586,707.053260124327,6956.37528145573,7387.23577553375,88.3816851348174,2297.92381350525,3314.31297160144,1944.39707296598,387.792098911826,877.960238982716,1010.07671718965,2328.44554464971,1977.92621190137,287.240476688157,88.3816851348174,265.145055404452,66.2860428969002,1944.39707296598,1767.63414460477,3109.93054568139,243.049413166535,441.908204719874,2474.68718377489,44.1908425674087,3667.8394911865,243.049413166535,232.001702524683,154.66794898593,176.763370269635,22.0954212837044,0,0,66.2862638511131,44.1908425674087,88.3816851348174,0,22.0954212837044,0,22.0954212837044,44.1908425674087,66.2862638511131,22.0954212837044,361.418341204958,0,0,0,44.1908425674087,66.2862638511131,0,0,508.194026662562,44.1908425674087,44.1908425674087,44.1908425674087,88.3821270432431,0,110.477106418522,0,0,44.1908425674087,0,22.0954212837044,0,0,0,0,0,0,0,0,0,0,0,22.0954212837044,0,0
"L32","82","16 weeks",16,"WT","Female","Female WT",330.77461800638,55.1285517100332,55.1291030010632,110.258206002126,6865.29224906395,55.1291030010632,744.242890514354,11773.7383967331,835.205910466108,0,0,192.951860503721,0,25386.8538021863,10041.1084214449,1573.01743982436,2499.60314626091,175.034902028376,7757.84620892691,0,434.143891297493,110.258206002126,11689.382048485,441.032272717476,27053.0339131721,3748.77845278127,5880.44004237454,2591.068392341,2842.82426185184,7056.5251841361,3418.00328348386,4383.19700333412,5235.42567822489,2425.68053204678,7662.94641972985,110.258206002126,0,10503.1250359287,17951.7807732562,1378.22592115349,2839.1477019727,0,937.190891980865,17696.4453710875,110.258206002126,441.032272717476,2618.63294384153,2425.67998075575,10208.074076667,51294.5392536841,3789.20627788504,2262.13012475559,0,2748.05402604683,2646.19473888692,1433.35667802764,633.984133221197,3896.83923600226,165.38730900319,1764.13129603402,505.349743315726,1433.35667802764,3473.13293777595,339.963536894597,385.902618425383,826.936545015949,551.289927428573,0,7054.42311143867,2772.99222708039,3362.87583435589,3528.2598356129,2174.16502542503,2286.53798381828,1653.87419261396,3087.22921676851,7221.91139055723,165.38730900319,606.420684302726,7297.25468175569,110.258206002126,7034.47464551773,165.38675771216,275.645515005316,385.904272298473,5058.09520034755,4134.68107120665,91799.5787304081,15362.637489192,5711.3778273653,18600.1651794723,514.538110912914,551.289376137542,3142.3588710606,15853.1172595552,11521.9819759312,22418.5127012037,137.822757502658,2094.90536274937,248.080412213755,0,16212.555703376,2976.97156205742,5890.77013369488,10065.6552058471,9454.64061339132,275.645515005316,385.904823589503,165.38675771216,2278.66940694694,41558.4204661899,2591.068392341,3020.15639360227,771.807442014886,1480.61113995604,1323.09847202552,1088.80033556203,3588.90405407819,2646.19694405104,9659.5395018064,771.807442014886,2844.66171485486,5195.26137023347,374.87790040723,266.457698699159,385.903721007443,7906.63524759854,3142.3588710606,2756.45515005316,771.807442014886,1598.74398703083,334.45007530346,1146.68534242212,19240.055844789,165.38730900319,3969.29541607655,520.970574651078,165.38730900319,55.1291030010632,0,165.38730900319,2591.06728975894,1102.58150873024,441.033375299536,4796.23085851044,4603.27789542466,3914.16686436652,7070.30304955812,18225.4857438359,5788.55636640267,1433.3577806097,4961.61871880466,5512.91030010633,0,34596.2729986455,2654.07434157886,16511.1652462364,34659.1422277079,0,1956.16470568175,220.515860713223,1040.10204242604,0,3307.7445261907,42614.7916582026,330.77406671535,275.645515005316,165.38730900319,1212.83916344133,1929.51970761927,4399.30241948485,1157.71226560439,156.198941406003,523.726478510101,14581.643333453,22896.0338246155,1874.38839945409,4024.42562165968,1488.48578102871,0,3362.87528306486,1543.6154353208,2039.77625974831,162.542647288335,1390.2583991745,928.006934711918,2568.84585092127,2474.15610360665,275.644963714286,0,220.516412004253,110.258206002126,2058.15244365165,2646.19639276001,3969.29431349449,496.161927009569,771.807993305915,441.032824008506,275.645515005316,4244.94093108187,275.645515005316,275.645515005316,0,385.903721007443,110.258206002126,55.1285517100332,36.7523678066888,0,110.258757293157,0,0,275.646066296346,165.38730900319,0,0,55.1291030010632,165.38730900319,654.658098137626,0,114.852114155205,0,275.645515005316,0,0,55.1291030010632,275.644963714286,165.38675771216,0,55.1291030010632,165.38841158525,0,220.515309422193,0,55.1291030010632,220.516412004253,55.1291030010632,441.032824008506,0,0,0,0,0,0,0,0,0,0,0,0,0,0
"L71","83","16 weeks",16,"TDP43","Female","Female TDP43",4579.09743382368,2241.65039978387,0,76.637613955208,3954.05580714569,172.434631399218,86.217315699609,46453.3950031512,411.927175009243,116.233395175341,0,153.275227910416,172.434631399218,13248.7729202928,9418.67117314639,7462.26827163222,2855.27972777375,189.997098607228,3189.44750575352,57.4780188723711,402.347473264842,0,8956.91901139434,268.231457249193,12689.0903415183,4119.27155849839,2652.64911010004,957.970366034135,6101.95043233324,1976.61147393801,1494.43328053252,2559.39991013198,6543.89215406594,613.100911641664,2533.83072820599,76.637613955208,19.159403488802,10013.665490521,14312.683291978,4694.05404635052,13318.7505340013,76.637613955208,536.463106092421,7203.93571178955,172.434439805183,229.913033459659,7481.74706237718,1571.07070289369,6629.15264915532,33691.7633281436,3019.84099390328,1741.90878120019,114.956420932812,3045.20440383579,1935.09841121076,1398.63626308851,143.695526166015,1502.09723352208,95.79701744401,402.347473264842,57.4780188723711,402.347473264842,4642.96185666097,36.1896224678934,134.115824421614,344.869262798436,4521.61903176324,19.159403488802,7901.01880311982,440.666280242446,1705.18652731531,2299.12861025027,1748.34921468295,1566.35193340844,938.811154139368,1168.72342122289,3161.30138405829,0,191.594226482055,4016.15315819921,57.478210466406,19269.5692924865,172.434631399218,268.231648843228,0,8434.28841983873,5786.13947043013,102037.885430467,49738.1304609981,2905.2043434147,9937.70918495381,440.666088648411,335.28936946,5326.31397829292,11989.3908420476,22138.6913060928,15184.054686995,196.38388576022,1417.79604976538,282.601009865795,57.478210466406,13848.5959821287,2337.44741722788,17854.5412017431,11067.7484293746,12194.9597458404,134.115824421614,517.303702603619,153.275419504451,849.719353134334,14455.609951282,1163.93337875665,2283.43590922874,38.318806977604,711.908637749904,249.072245354426,482.178193405494,877.500871381166,728.057332574476,5903.65098941221,246.94325243875,1479.74414906573,2404.35301218095,47.898508722005,33.5289561054035,421.506876753644,2927.71012831685,741.468915016637,555.622701175258,287.39105233203,268.231648843228,129.325781955379,1341.15862740421,9086.34710456435,19.159403488802,3965.99594739991,134.116016015649,823.854350018486,0,38.318806977604,0,6188.48694369497,785.535351446847,95.7972090380448,2988.86675265908,2011.73736632421,1395.4433484971,8224.17356438019,15915.9739805307,3046.34515471952,3525.3298587515,1781.82280011227,14331.2332348418,349.978500926795,22038.7424459128,1259.16040394687,23834.2985148518,21703.06452375,57.478210466406,4188.88456875847,2816.43231285389,5231.06472819465,0,4253.38757451404,69293.0141180724,134.115824421614,210.753246782787,38.318806977604,3084.66281213291,6277.89813195617,2666.98934882931,2586.51889620616,1757.87507850355,1941.48615633392,15683.7629682166,42391.1368479906,613.100528453594,8790.97232879853,11276.9053146587,134.115824421614,1954.2591558578,5000.60431057732,1417.79509179521,166.070835530412,745.094640532858,698.223267431888,1399.10758441434,1138.03063161593,57.478210466406,153.275227910416,153.275227910416,57.478210466406,1417.79509179521,1168.72418759903,2219.29827329769,76.637613955208,364.028666287238,2663.15727653751,19.159403488802,1800.98335316528,229.913033459659,227.175921077249,210.753438376822,172.434631399218,19.159403488802,0,0,0,114.956612526847,19.159403488802,19.159403488802,38.318806977604,0,0,210.753438376822,19.159403488802,67.057912210807,208.016517588447,57.478210466406,19.159403488802,0,57.478210466406,38.318806977604,0,0,191.59403488802,0,19.159403488802,19.159403488802,95.7974006320798,0,76.6374223611731,0,0,0,0,0,0,0,4.7898508722005,19.159403488802,19.159403488802,0,0,0,0,0,0,0,0,0
"I111","84","16 weeks",16,"WT","Female","Female WT",405.83503299115,202.019847974874,140.6836510849,180.3572519198,7443.47825619922,0,312.004310705751,11099.6586216008,315.593974688051,0,0,186.651650357466,0,21477.4714741471,11812.6420780735,4137.00764221461,2094.80239629812,474.01454592634,6648.18975185507,0,883.588210314704,0,17400.9903677688,871.024115903208,27267.5965406826,4151.55786450365,4529.15397348458,1931.62966147653,3894.87599727243,5385.0127918343,2268.76318905409,3678.97582087736,6994.35103115734,881.918243009952,4947.32272982957,54.0946891073003,0,7611.86845172765,16226.3911299542,2598.71398020219,5373.36054674118,180.3572519198,847.565912333286,13129.3094909896,155.104468883855,214.583653964605,4898.11313179509,4088.23737480537,10798.5227763797,45813.7181041489,6794.53407336637,3148.88530155063,158.694403339601,2292.71243735,2066.61629465694,1512.98132769966,247.655838190525,4341.3156361738,290.341462125551,1111.11055275,315.593974688051,793.596881384401,3311.85041460701,103.588487027505,160.489235330751,598.756108849002,1118.58220148431,54.0946891073003,7826.57262759356,778.431485665666,2555.26264283169,2293.88926793448,1340.00546853405,752.635408166506,3410.25970449666,1799.8579905293,5866.68303959928,79.3472016698003,867.434199395781,5263.85275653052,27.0473445536501,6107.14241086669,573.50307328793,537.357227090703,578.888380681717,3934.44947778178,4050.54667851491,90110.3387966942,21297.4601940769,6266.59960314106,22235.9730877121,515.819243196901,1834.08466304756,3159.52941086281,12543.3825010322,12650.6557776274,27630.9468561627,532.313407169535,3448.20063521016,885.167501413415,79.3472016698003,16573.1907759796,4270.51506302977,5727.06985427827,8902.11981875019,11867.9792181619,187.536309410955,210.994260455751,79.3472016698003,1557.99451678784,28957.9972575981,2466.35786639572,2500.07133198708,236.246773018251,949.941508854171,1186.7432257511,924.517290161269,1662.17144036689,2222.0962408136,5636.77247449728,499.540638065026,3003.21005509283,3722.38763629142,571.667214942714,432.681220083068,1199.56464498448,8774.14851383633,2066.9915014563,1767.5510146886,817.054561955751,1087.65287217865,1014.79167689845,1018.99105870022,20249.1408072293,106.39454622345,3689.83163372842,189.331952822442,129.8522267948,0,0,25.2525125625,2961.22331603294,816.929697269353,544.661437690021,3688.03759520929,3983.82445255241,2971.86899434083,6848.64616479315,26326.9875548605,7356.58126283846,1738.45937924445,3154.01952720439,5300.35792396041,32.4568134643802,44253.1597703672,2132.60112140124,17308.121770161,35014.3928186089,108.189378214601,2720.10671463332,1307.49642790375,1232.18129967845,79.3472016698003,3120.04393642616,50175.3998804447,871.02516190035,131.64705878595,313.799142696901,550.046438713723,1971.24003649621,4921.03908125706,1832.41467779448,117.844890274916,569.295553489726,14096.3753185767,24812.8017703092,1287.62992646546,5706.19402089702,1634.60317898647,52.2998571161501,2838.55094020131,2418.48209801904,1403.05801673803,214.550161981907,1214.89880219417,606.52988868794,1757.74323141578,1408.98253975302,402.121009372703,178.56241992865,402.120504322452,180.356981446355,1420.49112811056,2106.47753478816,2949.49344769844,394.941176357851,820.519613776779,759.245344179752,54.0946891073003,2860.21351830806,209.199157991155,200.183466631087,218.215119824669,311.963013878239,0,0,0,0,54.0944186338547,27.0473445536501,27.0473445536501,129.85224474312,50.505025125,0,0,77.5523696786501,27.0473445536501,217.343574813567,27.0473445536501,27.1949358288075,0,104.5997142323,164.14133165625,0,0,238.041605009401,0,27.0473445536501,0,185.742018366696,0,104.5997142323,0,0,75.7575376875,0,234.451941027101,0,0,0,0,0,0,0,0,0,0,0,0,0,0
"L33","85","16 weeks",16,"WT","Female","Female WT",1201.57858203288,540.710361914796,132.173644023617,180.236787304932,7514.08668247489,0,1321.73644023617,18936.8772512596,165.217055029521,0,0,120.157858203288,0,26269.0803829829,8847.33244315906,3575.69779729594,2381.881412903,130.170612527368,9980.11284110977,0,540.710361914796,60.078929101644,10428.7131928724,300.39464550822,26821.2381840487,3724.89180193405,2947.86758108014,2763.63073867562,4650.11091483512,8891.6821078326,1381.81717170569,2649.00194431756,4402.78458819167,2102.76251855754,6848.99851837671,0,60.078929101644,9974.91421137461,11947.9807409447,2523.31442147976,6022.91204165052,60.078929101644,901.183335735369,14178.6308727237,0,60.078929101644,3574.69568075853,3304.34110059042,10999.4522051308,56603.3582467996,3949.18747189568,2628.45254740763,120.157858203288,2574.81107555923,1381.81657091639,961.262865626304,290.38189118414,4437.2572769209,420.552503711508,1441.89429843946,360.473574609864,1562.05215664274,4225.55174734182,30.039464550822,360.472373031282,1562.05215664274,1261.65811192381,0,10333.5734023256,745.979035029928,1742.28894394768,1441.89429843946,1225.32417797101,767.352114057838,1441.89429843946,1622.13108574439,6788.91958927506,60.078929101644,480.632033602443,7312.6071874182,60.078929101644,11320.8738750353,60.078929101644,180.236787304932,300.395246297511,6838.98456247404,4565.99861172494,80296.1231778385,20490.9196850745,5627.39142374921,18716.4939211611,781.026078321372,660.868820907375,3184.18264159784,10157.3450811703,14989.6940124388,24463.5601685236,270.355180957398,2343.07763417483,570.749225676327,0,18774.6671466316,3604.73694767722,8813.48217213532,9973.10163008361,9131.9966226606,180.236787304932,120.157257413997,60.078929101644,1513.99141651859,36196.412082509,1952.56519580343,3106.79797696847,420.552503711508,665.875798858706,660.868220118084,720.946548430437,2234.93616258116,4145.44610801344,9422.73598347289,180.236186515641,1632.14323927918,6093.00552744412,540.710361914796,120.157858203288,440.57921393825,8853.95254035677,3003.9464550822,3124.10431328549,1862.44680215096,1441.89429843946,165.21645424023,540.709160336214,16641.864562734,60.078929101644,3845.05146250522,60.078929101644,180.236787304932,0,0,60.078929101644,3424.49835800442,1471.93316220099,300.395246297511,3784.97433577145,3694.85293817252,2282.99990665176,7119.35369933411,15254.7063742311,9372.31293985646,1922.52573125261,2583.39515294927,7029.23170094589,120.157858203288,26699.741767305,2082.7358083308,19105.6720065171,33534.0491851485,60.078929101644,1817.38760532473,1281.68362057197,2077.72883037947,0,3244.26277227807,51879.6091893539,240.315115617285,420.552503711508,0,1141.49905214195,2122.7880272057,5214.84864286554,2282.99870507318,660.867619328793,710.933794106357,16261.3618747402,27665.3405292446,1201.58098519004,6308.2887572512,4087.36900882946,0,2763.63073867562,2463.2360931674,720.94835079831,206.270789652547,1165.5306237826,670.882176020746,1079.346799197,851.761207077775,360.473574609864,0,60.078929101644,180.236186515641,720.94835079831,1682.21061563532,2102.76311934683,360.473574609864,480.632033602443,1081.42132461888,0,2222.92097755012,720.946548430437,690.907083879615,360.473574609864,480.632634391734,60.078929101644,0,0,0,0,60.078929101644,0,60.078328312353,60.078929101644,0,60.078929101644,0,0,339.876114556656,0,180.236787304932,0,120.157257413997,0,0,0,120.157858203288,0,60.078328312353,0,60.078929101644,0,0,0,0,120.157858203288,60.078929101644,660.868220118084,0,110.145103879208,0,0,0,0,0,0,0,0,0,0,0,0
"L137","91","16 weeks",16,"WT","Male","Male WT",1404.45063289682,936.300421931212,0,0,5479.00401946816,0,1103.4969258475,20915.4841094249,267.514406266061,0,89.1712458266816,267.514406266061,0,24898.2666789267,12061.812606351,4251.25267098421,2158.50485920123,312.099694786394,7548.92549575048,0,869.421820364697,66.8786015665151,15992.4586244296,66.8786015665151,24626.2921387221,4217.28235410452,1227.22233874555,1805.72224229591,5363.66585199256,5517.4846292375,2206.993851695,1034.38926049077,5677.03824656677,802.542550012166,5885.31626906732,133.75720313303,66.8786015665151,7850.68241480461,7524.31818309009,3009.53974563724,6113.8190494676,0,735.663948445651,8961.73461627108,117.036883955386,0,6966.52055065465,4413.98837217602,7847.08635239838,51466.18305983,5301.24738436452,2714.15568852639,267.514406266061,1630.16323803974,1538.20783602985,334.394345404607,880.569145673804,3708.57762793499,200.635804699545,1070.05762506424,380.371377623539,535.028812532121,3477.68661267277,211.783130008652,267.514406266061,2006.35804699545,1872.60017507641,66.8786015665151,10367.2967715259,2145.68891278304,1337.57136254429,1471.3278968913,1104.24128468294,874.438384268201,2608.26679866612,1471.32923446333,4146.47329712394,66.8786015665151,735.664617231667,6130.54070621727,191.081527679753,9305.67922597938,66.8786015665151,735.664617231667,200.636473485561,5412.70726173527,4480.86630495651,85757.6309206676,24654.7964674958,6366.52252063074,17210.0925780685,401.271609399091,2028.64935368359,3410.80801110626,8337.53188276821,12439.4198913718,26384.4055109209,401.271609399091,1270.69276097777,735.664617231667,0,18213.2796269985,4882.13858314162,7485.62556815378,10427.4901880799,10299.3033036713,0,468.150210965606,267.514406266061,2142.3443139187,30873.1046376929,2140.11525012848,2681.35507838809,535.028812532121,1203.81549698329,1203.81482819727,414.646660926378,2277.21705212586,2173.55455091174,6257.92839133711,66.8786015665151,2588.19920548007,5169.00230641291,66.8779327804995,491.557721513886,1103.4969258475,7435.99696428932,2253.80887279156,1605.08643759636,601.907414098636,869.421820364697,873.879947945121,1872.60285022047,14178.2642008872,267.513737480045,3878.95889085788,133.75720313303,334.393007832576,66.8786015665151,0,267.514406266061,5617.80186280126,1337.57136254429,267.515075052076,3410.80734232024,4882.13657678357,2340.75172361405,5751.56040350632,23603.2602023494,7289.76757075015,2742.02266422712,3143.29293605418,5751.56040350632,869.41981400665,34139.3030549899,2485.65491448415,21772.96809941,26006.8610917856,0,3413.03707489647,1070.05829385026,2454.44400870509,66.8779327804995,4280.23050025697,57387.0392865558,535.028143746106,0,66.8786015665151,668.78935959523,3878.95755328585,6052.51143541157,2541.38685952758,769.10458680094,646.493371404985,19395.9053078614,28956.5739156055,936.298415573165,7156.00836125907,3761.92133811648,0,3009.53707049318,4146.47329712394,1337.57136254429,0,200.635804699545,200.635804699545,779.294210535614,367.193617970873,133.75720313303,133.75720313303,535.028812532121,200.636473485561,1393.30330758771,2073.23731734799,1404.4499641108,267.514406266061,735.665286017682,1471.32856567732,668.786015665151,869.41981400665,668.786684451167,668.786684451167,300.953707049318,1036.61832428098,66.8786015665151,0,0,0,0,66.8786015665151,133.757871919046,133.75720313303,0,0,0,267.514406266061,33.4393007832576,66.8786015665151,0,0,0,267.514406266061,256.369087315001,0,0,133.75720313303,0,0,0,133.758540705062,0,0,0,267.514406266061,0,267.514406266061,601.907414098636,0,0,66.8786015665151,66.8799391385465,66.8786015665151,0,0,0,0,0,0,0,0,0
"I114","92","16 weeks",16,"TDP43","Male","Male TDP43",7987.59193574043,2125.96874533329,943.790943860172,227.321171369376,1330.86173255714,0,748.605591321914,46219.7236611428,856.142259984374,0,0,57.3175817992636,0,21385.5495855794,6641.77105818996,11240.9574374862,126.093687339371,390.645849087094,5204.33550801838,0,80.4977680091715,0,12103.4606861875,114.635163598527,22355.4639429443,6030.99995197326,105.881155906611,192.761411556444,5061.50634162401,5579.5078407631,112.737788869811,630.492826616082,4725.65278561305,1976.87802555905,2753.13887138991,390.369272136971,0,5139.61670482136,1947.0121423929,3990.63380396029,14601.3036308584,168.054433742434,267.096153163739,3705.37044595037,0,31.7145351072467,12896.8205174172,3796.50081191953,1529.86609822144,57815.0762291764,2372.24093783433,2253.76655283158,178.064233813021,729.841964324564,361.498063339874,343.906637147218,1055.87130236242,251.153899637955,429.881863494477,889.529106268523,637.447455654873,558.425138818949,5633.18650534998,51.2241618860657,960.296974729991,4822.73751538106,5373.52780713541,0,13762.8136078126,2592.20267339506,210.779721527289,745.12799021461,481.467687113815,56.8747398877424,3989.32041883646,61.4799143868148,1044.67957442308,429.881863494477,114.635163598527,1763.82757510147,9.27207448396311,17277.0659482417,114.635163598527,108.313991461061,128.545103375601,7611.69441105751,4341.76186792546,71082.804752453,47039.5081966609,5358.09803570094,28473.5096389952,405.385405182397,1150.3047458141,4787.4480235549,1436.25391478812,22563.0362039295,23081.0906225411,368.44270201513,16.6506084057017,432.847585527216,64.271637662236,10284.8366391227,10071.6698256705,18680.1433672633,14755.9653192083,15004.7770389738,49.5209584885488,538.669559609969,99.0419169770977,1125.68000097074,24645.4167030102,689.210324151678,32.1341800530186,963.546523069152,36.9166645657431,509.168201262594,74.0916458320031,2089.99565222129,1437.94444501688,5268.80808943156,34.6378737371806,3221.2739358776,4016.5820948569,227.453181835473,351.695738954358,1102.54037440544,6405.02899381882,1781.56021344688,1042.83286083727,597.936297236911,597.936297236911,446.679552773463,147.384527233476,7322.75441595458,49.521353600133,8882.38442877406,29.7653792795681,227.585389857362,0,0,84.0257839316718,5804.99483405101,154.674495584738,57.3187281508996,426.461681719723,3741.84600636447,286.907676897828,6358.01896912212,12974.7432114026,8777.81386871591,5111.96296537601,796.162035671946,10882.9452587579,706.988014284596,12672.377305811,4086.13691566876,22209.6941076779,11650.0191694019,0,3508.01245951668,3386.90523782172,3853.3900613873,0,4766.11098707605,81949.842075949,183.676700200157,0,0,2032.45710193257,8567.83901647868,7506.45930314091,4468.7228457079,2742.6513305766,1189.59768804711,30931.3468105324,46820.1478294549,307.126953364611,9976.59049588807,13833.0373019319,0,359.607411836926,6809.62945935355,163.949126179696,19.9419849515288,171.953891749427,76.4238245162302,182.861607878509,67.427745954949,99.0449804119799,415.13118432079,247.34077151055,375.619828347037,163.949126179696,2007.16961865187,687.809835239528,0,126.859681892207,2650.6784531824,143.293954498159,283.585642234934,59.5307585591362,14.6458373125688,57.3175817992636,929.303890507094,0,0,0,0,0,103.782796080198,64.271637662236,0,143.293954498159,0,0,0,143.293954498159,39.3865529721137,0,0,0,0,0,0,0,69.2769328091139,0,0,266.832329787337,271.837229822631,0,0,0,24.7604792442744,123.538375289178,148.298854533453,247.076750578357,0,0,0,0,0,0,0,143.293954498159,0,0,0,0,0,0
"L138","93","16 weeks",16,"WT","Male","Male WT",3610.95142234972,1281.30526575955,579.249957040103,46.5929215787061,4079.7184576804,0,46.5929215787061,36681.5408022501,85.4202785727586,299.618344822556,69.4641443037842,480.813091620771,729.955771399729,14603.9767004675,10071.4158138484,6694.36730317798,1930.86603814339,953.416976388589,2526.6515124323,170.452438108767,1205.59200115876,7.76548692978435,13024.1962472163,279.557529472237,14236.3102478828,3711.90314071127,2848.95385409006,993.982249357528,5494.59965018117,2268.81614658414,2026.79216632859,2442.21783897397,7199.93762133447,318.384886466289,2213.16393029828,23.2964607893531,31.0619477191374,9061.19919282525,15324.1435320081,3595.41998256094,10865.5986075116,147.544251665903,379.319419926398,7303.44115635601,413.123982319397,248.495581753099,6623.96042876092,3525.53122143183,5933.86730907272,35727.8803001914,5191.35715260848,2085.68018336322,691.128336750807,1794.45873721271,1809.35853229462,1242.47806407523,181.194591488476,3099.44625315228,0,225.199120963746,31.0619477191374,163.075225525471,4659.29223552548,123.988889542311,91.2445490798354,93.1858431574122,4144.18162840141,0,6547.75063892584,458.163728857277,2314.114949766,1941.37173244609,1042.638150194,1074.93263599863,2749.11182381078,1026.33847078325,3626.48224089955,341.681347255642,625.583899629701,3263.85256079239,186.371686314824,15821.5322884451,629.004130693055,1118.23011788895,54.3584085084905,7615.52963070989,7064.00440338085,101410.034915183,41493.5844367023,3338.1607381881,4674.69725318705,654.889216550452,1138.55006753811,5136.74038634984,9296.87807136535,19059.7406487847,20475.0248700571,355.529850717004,1786.06207150527,809.29311109578,310.619477191374,14262.5000514473,2785.22164865375,14828.993565453,8718.70060572512,10902.7434164526,372.74329497478,873.617124291001,232.96460789353,944.542267305755,19181.9128026598,817.964597385662,2255.763061949,31.0619477191374,1147.59095804125,544.878358791492,733.450240518132,1586.23023373044,543.411535965325,5428.10906613254,636.063890170661,2345.43587647424,2011.53966283032,286.158271017423,623.67289095115,744.192393897841,3814.83319452304,506.69794451356,1412.15379818128,124.24779087655,170.840712455256,529.347307277054,2719.60305113247,10166.4459601517,520.287624295551,4185.5973774989,380.508859559433,737.721413639252,341.681424910511,23.2964607893531,155.309738595687,5921.44268529481,970.685710913305,520.287701950421,2352.94246206979,1880.54226602414,4014.7565097339,7140.71630960081,19623.427094575,1545.33189902709,3828.38474576421,5128.32710250037,12886.4371303209,1539.11950948326,38658.7292900625,1016.16925502922,21238.6066753053,23779.6760567007,201.902660174393,3905.78110200216,2464.24782649994,4062.71771010964,333.916093290466,4030.28779421295,65483.1543832122,869.734536135847,170.840712455256,54.3583308536212,2259.75669656725,4722.71048232521,2931.8592797206,2555.81604107501,1234.06532380985,1717.46680753406,12167.6115536828,36474.8984771281,1203.65047411657,7489.81253205135,7621.17816824774,54.3584085084905,2376.23900051401,3939.04316747824,1099.00424769332,131.236651458486,847.99132804219,441.85620630473,1104.3851088967,1087.20226065743,411.570574313963,170.840712455256,605.708135832918,279.557529472237,1230.82952306108,1032.80983931619,1630.75217759984,512.522137365767,1087.16809251494,3092.60501447688,0,2042.32298487842,691.128336750807,669.218558962506,407.519086818086,990.268638197966,147.544251665903,0,0,15.5309738595687,124.24771322168,7.76548692978435,85.4203562276279,62.1238954382748,7.76548692978435,0,93.1858431574122,621.238876727879,142.367234494423,487.395195997325,0,0,885.265509995416,155.309738595687,242.283269864141,124.24771322168,15.5309738595687,147.544329320772,46.5929992335754,108.716739362112,7.76548692978435,675.597362891239,217.433711688831,108.716817016981,240.730172478184,23.2964607893531,0,38.8274346489218,15.5309738595687,58.2411519733826,7.76548692978435,0,15.5309738595687,7.76548692978435,15.5309738595687,7.76548692978435,38.8274346489218,46.5929215787061,15.5309738595687,7.76548692978435,85.4203562276279,200.090739109067,38.8273569940525
"I116","94","16 weeks",16,"TDP43","Male","Male TDP43",2773.09400267278,1124.32014278542,20.3615424546337,68.4459665545325,7264.67990093113,133.857191682722,123.461111065748,32984.5084910792,46.3302107619998,77.5154407429099,177.183422086783,139.403506956254,554.218176985079,12141.6130249381,8350.74909461752,6053.84005859095,3214.65058383473,734.072190759017,812.438316607339,67.3218295434468,1291.3680399542,0,14883.1718177258,17.0460789751538,10920.5767660596,2744.30870524173,1203.86608205418,287.621837583489,4465.60068116084,1917.60592044904,1645.73762104309,2837.24373583092,7453.83623503678,177.76536093515,1309.3179308454,141.799492569486,7.94230088676394,9348.46658557801,15986.8225229476,2527.784732684,7641.5251404578,246.922222131495,553.133849891235,6637.12412825564,461.269161356317,429.594696336427,8552.78639807885,4213.0381299032,8405.50587973327,33433.5579011348,5507.69214385224,2081.47845899274,119.134513301459,3311.95454595015,2859.55733434929,1328.49656524739,258.092891868977,2378.84043189043,0,163.603234278883,84.9545964943331,216.314941976704,3936.5937509048,193.190028181481,157.506896296208,396.664015587745,4518.547479086,44.6190638942407,5939.24359583408,429.165029129789,2165.73423274583,2391.86051619665,916.852652908372,1598.16971505019,3280.03522814069,1593.53202127503,4943.54109284224,31.7692035470557,689.012089670201,3103.20165986462,4.4769406811058,17590.4194130003,24.9887466295478,1072.01945685404,100.215170101588,8201.37306100466,8177.65220034922,103857.560096878,42695.9004588656,3879.65787431428,5586.53927389349,697.308554088223,2271.78807506843,6267.27212686058,12977.8400379657,17617.4614582495,22279.989230846,487.829399798679,1550.88091065377,1327.27975727611,60.5036656677686,13737.9443171509,3160.20402437995,11823.0095843794,7437.74944162907,9915.07468046044,380.779413814217,1602.54029735688,152.776901650223,820.584884262937,16391.767938905,319.003865704806,2863.26642267377,44.6190638942407,525.129303131354,271.911048184052,207.106404573501,390.061167982529,341.368595214032,7877.41090256185,350.172133659427,2301.46363661131,745.91254067315,327.361431875691,548.04702776796,1658.24397747133,4063.02406755476,393.029756439101,983.942360076548,135.019115074987,29.8963855129777,647.903404093137,5503.59922467151,11407.9195695246,744.964064748354,2675.6528157249,428.432772944162,338.483750513867,1215.6940885297,0,407.640611710213,9070.22895245853,1410.50402032618,445.479218686946,3245.69423607149,1844.29493529058,2726.85946833801,7401.42490974352,23703.890069794,1875.80516532755,3151.28836523919,5914.59147254642,11313.4078748828,1935.2461779759,37736.5784962316,896.182259304507,18914.5710872785,25314.1875341861,186.418556463727,4611.01928936708,2599.07427780579,3264.25217433157,208.222000712697,3856.67093792241,65665.4012878803,935.502419348538,14.0117837394498,105.122729562009,2232.30746068929,6230.44333582834,5631.26962099398,1809.94173172301,855.460552749898,816.46637254207,12901.5227817542,33236.8017395351,334.006041643899,6284.86347744381,8142.76043820698,105.122729562009,3019.5648292862,4928.56046183078,522.850701342281,126.376264109356,1482.17345360712,598.317154634543,1280.45317904513,879.960192889428,243.1761398727,307.425887799264,1076.92701631446,336.160349919977,443.046989693982,1959.94457079652,1729.35761242137,116.099692452107,988.851099262868,3675.84502159443,0,3487.25820641233,914.335362511028,854.84342604892,476.776795036506,800.690720947921,0,44.6190638942407,44.6190638942407,186.418110273088,23.8268232372829,29.7460425961605,54.5862209556421,29.7460425961605,0,0,59.4920851923209,547.56736566863,234.460062823698,129.437425784577,0,0,1907.3831265925,194.360857350491,265.692655675289,391.755643169055,0,344.103017574371,149.741714033241,0,0,391.045194717881,141.088964695303,47.6538053205837,252.99215117482,0,14.8730212980802,89.2381277884814,44.6190638942407,0,89.2381277884814,0,0,0,0,0,0,0,0,0,44.6190638942407,29.7457451357345,0
"L139","97","16 weeks",16,"TDP43","Male","Male TDP43",4877.70230611668,2061.00131791566,17.1750081201292,103.050048720775,4610.15312112277,0,240.450113681808,47272.4930368438,34.3500162402583,34.3500162402583,0,68.7000324805166,0,15747.2737401142,8684.82693057761,8353.92394963082,893.100078746554,137.400064961033,5614.14741829872,0,515.250243603875,34.3500162402583,6547.72074718052,240.450113681808,16211.283033992,3263.25154282454,1875.86434838522,1545.75073081162,5506.30691631308,3435.00231102616,824.401076766524,1835.81635145102,7267.31717639672,412.2001948831,4465.50108073309,0,0,9058.06115403809,8086.12950552095,3778.50212992858,13815.5768753321,0,549.600259844133,7522.65424361689,34.3500162402583,137.400408461196,7482.57876666971,1786.20118799359,7419.60316439563,37565.5051160013,2638.6535185224,1454.15126000454,137.400064961033,870.199953419661,583.950963084716,549.600946844458,68.7000324805166,1641.43991455227,34.3500162402583,1202.25056840904,34.3500162402583,755.700357285683,5255.55248475952,68.7000324805166,103.050048720775,858.750406006458,4328.10204627255,34.3500162402583,8037.9041437206,549.599916343971,1580.10074705188,1339.64994636975,715.052952568098,849.426437598202,1511.40002757104,1236.6005846493,3538.05270324709,240.450113681808,412.199851382937,4322.70359772023,103.050048720775,20289.4100505795,274.800129922066,137.400064961033,0,9847.00511354093,4809.00227363616,93130.5801869742,44218.2005433125,3556.20771733056,8773.5667625327,274.800129922066,549.599916343971,5839.50344784424,7249.73065508203,24422.8608598233,15960.0789607258,506.66273954381,1511.40071457137,558.187420404035,0,15692.2336785919,2644.95056349956,15582.6389212769,12469.0552082134,9927.15503693481,68.6996889803542,34.3500162402583,240.450113681808,525.554561475627,23132.1507555917,1322.47562524994,1497.00702726621,137.400064961033,719.061255963174,893.100422246716,583.950276084391,1547.46823162364,2026.65095817524,7717.91656743448,171.750081201292,1364.84121777987,3217.24416157282,171.750081201292,22.8997818267306,263.350239008701,5070.52612228137,1088.89551481619,1683.15079577266,927.450438486974,755.700357285683,492.922733047707,680.130321557114,8750.66491970499,68.7000324805166,5873.85243358401,137.400064961033,446.550211123358,0,0,51.5250243603875,5736.45271212314,309.150146162325,68.698658479867,2507.55118553886,858.75074950662,755.700357285683,9102.7529296678,11069.6465385905,5358.6025334803,3160.20183760393,1614.44938929149,14633.1055443494,343.500162402583,20709.0518329808,996.15321896879,22671.0110620706,19974.5354742107,0,4675.03721029916,3366.30159154531,4307.36906347025,0,5496.00225494117,73841.0846821418,618.30029232465,68.7000324805166,171.750081201292,2610.60329526061,7161.97872959402,3232.33515420766,2954.10139666221,1843.45098606058,1923.60125295463,16915.0901347432,44314.382306286,893.099735246391,8587.50577756539,10551.1801029661,0,1580.10074705188,5272.72749287965,652.648934564258,117.934941258166,340.065847778882,503.800696190672,808.903723439569,865.457246677368,34.3500162402583,68.7000324805166,103.050048720775,0,652.648934564258,1854.90122047411,1408.35135285092,240.450113681808,377.850178642841,3435.00128052567,0,1545.75038731146,309.150146162325,274.800129922066,309.150146162325,137.400751961358,0,0,0,0,34.3496727400959,0,0,0,0,0,0,34.3500162402583,17.1750081201292,171.750081201292,0,0,0,68.7000324805166,0,0,0,103.0507357211,0,0,0,103.050392220937,0,68.7000324805166,0,0,0,0,68.7000324805166,0,34.3500162402583,0,0,0,0,0,0,0,0,0,0,0,68.700375980679
"L34","98","16 weeks",16,"TDP43","Male","Male TDP43",1469.2018347575,638.364957259222,1599.15090855917,28.8707784122652,5292.17516685547,0,0,22687.7936773313,88.2162673708104,415.739177057977,103.934834362798,167.557464985834,858.103691697883,11416.9832302556,10098.9598583964,4781.32169149793,2743.8298603716,1036.52968953159,602.343047427452,255.987536510109,1624.2752222928,3.20786426802947,16677.4448735418,186.056127545709,13712.8012271794,2766.14116584996,4263.68951776239,513.258250806073,4768.13890913117,544.267648168548,1655.25793022456,3099.86616031293,7059.12403398464,529.297540067577,519.674107656702,134.730267178595,28.8707784122652,10281.7754335372,18787.3649227069,3111.62817959537,8895.11739976539,105.859520844973,248.875541034674,10452.8256852954,891.19823291322,365.69652655536,5729.24555062199,4220.26616686229,6015.01278180607,31074.1087101521,6932.67573453732,2360.18616728133,1562.22989853035,2630.99682755164,2409.1061936047,2046.61737092416,151.571618743035,3442.60358527965,6.41569645741626,3.20786426802947,6.41572853605894,0,3307.84274715458,85.4361076456373,89.8201995048252,3.20786426802947,2742.7239491652,3.20786426802947,4846.16128958833,303.1431091715,2508.54979344176,3114.8362684139,1663.79283805337,2009.00519446016,3483.09889391183,1369.49066696184,4154.18406670495,1357.99589485157,713.050934327124,3163.08771166654,57.7415568245305,11406.6308427685,1183.70197906016,359.280798019301,70.5731101325764,6222.61510712357,11428.8718960193,116991.628052895,34706.2572640767,4297.62910666186,2496.28362621095,622.058292510977,1712.99951912774,5976.73231097911,11906.6258900506,14540.8211186707,21113.4573632106,484.334061453745,1696.96016570895,1302.4464320746,821.213252615544,14537.857501188,4393.17027545957,11938.5617506923,6313.45107684886,10109.8017018136,664.027935560743,2473.26344688665,426.646011805205,1659.05389224885,22006.7822497404,359.280733862015,2042.10336056212,38.4943712163536,462.031641759411,535.980644090376,1801.19791869457,1911.67339582803,514.555639430634,5612.1966784237,1613.5556305829,3063.98395297003,721.071749828334,784.391493907184,2052.93439347669,794.481028996204,2560.48418566052,201.400400934903,1265.12822429212,3.20786426802947,0,611.20509325431,3873.56475194092,12412.2423345187,1121.14859375494,3268.81362496475,596.662721774839,842.866304346101,389.488197236126,0,133.126367123223,5437.22311242983,718.561563959959,1350.51092099769,1007.26938016125,2966.20520260944,7020.19714642903,7177.99728274944,24988.4373286307,141.145995714654,2864.62291966489,4607.02790402109,11581.0850555373,1620.02486629495,54748.6727771631,814.873903327707,16139.299594722,25608.8384384608,1100.29744393411,2923.80788709546,1430.17284088223,2486.14443338307,1122.75246173167,2893.49347352665,56637.8323550415,965.032522017961,186.056127545709,350.191859952765,1180.49408271349,3060.30254377876,4526.77762975114,1963.21299619132,611.365454389069,1385.26270905118,9193.63162495541,33293.5620225578,1520.52756681004,6404.50085072762,4611.30485321372,433.061676183979,1847.72981838498,3012.18461183696,2149.07434221868,126.097070388618,963.415886741445,450.261955681368,1412.08924388,2275.57229940487,657.612207024684,51.3258282884715,567.791975441216,67.3651175499762,2591.41973798754,981.606466017018,2636.86449247751,933.488501996576,471.55614363626,1353.77216412714,0,3044.26319035997,214.926841800689,202.782797962567,574.353758037399,1043.21176703782,320.786426802947,0,0,51.3258282884715,439.477404720037,19.2471535295341,109.067256798431,166.808941937532,12.8314570721179,44.9100997524126,712.145867502542,1190.11764343893,156.383415145079,1323.47311622818,0,6.41572853605894,920.657044924458,48.1179640204421,245.798750100637,80.1966387793794,57.7415568245305,250.213380827656,83.4044709687662,109.067353034359,0,1100.29747601275,378.52801570612,349.657237293855,250.213412906299,12.8314570721179,6.41572853605894,19.2471856081768,22.4550177975636,149.16568846337,3.20783218938679,1.60393213401474,12.8314570721179,3.20786426802947,73.7808781646778,12.8314570721179,6.41572853605894,12.8314570721179,16.0393213401474,28.8707784122652,455.516693981542,777.47938045429,186.056127545709
"L35","99","16 weeks",16,"WT","Male","Male WT",3247.07525889384,1644.6224643552,79.6539925675468,70.2830173043263,5914.87704576922,0,112.452827686922,34144.3434639699,122.995280282571,14.0566034608653,95.1163969405332,112.452827686922,0,23440.5436917218,8014.07165189827,5446.23087034621,1326.29732521062,443.184606178133,10660.377096799,28.1132069217305,309.245276139036,0,5310.21256865525,168.679100964349,19494.6342710165,3724.99977656326,1580.19753654319,2527.84580885692,4905.75432670991,7466.39911125224,2080.37717164202,1771.17167569078,4194.89249158118,449.811310747688,8504.24481269141,14.0566034608653,0,8295.34541167846,10732.7687451885,3022.16918182189,9462.97235928697,126.509431147787,607.243442150929,13677.075448554,312.056877963278,140.566175174687,4910.44009547359,1677.42129947458,7880.1320407271,46861.0478678517,2104.87628524793,2594.61453473,140.566034608653,1143.73915568712,1040.18809383989,843.396207651916,210.849192479014,3471.04404164702,42.1698103825958,2066.32070874719,112.452827686922,1855.47165683421,4739.41775871231,87.8537716304079,56.226413843461,449.811310747688,3162.73563812865,14.0566034608653,8912.47205172272,445.794917440815,1082.35818535456,1208.86775706838,779.4887034133,591.857084002666,678.231116986749,2066.32056818116,6072.45213282966,14.0564628948307,157.434099327726,5412.6118324149,70.2830173043263,17938.3014735651,267.075606322475,365.471689982497,238.962258834709,9561.41918728548,5496.13195319832,85709.4241215098,34950.5731686751,4234.05025297418,10477.3238537016,1187.78285187708,622.70809558047,3598.49020484944,6485.85023401008,19953.347769302,19227.5575401658,45.6839612478121,1672.73567127693,165.164950099132,42.1698103825958,18254.6086467168,2635.61244608206,11484.3116558273,12034.0917030302,7839.36648503025,154.622497503483,351.415227087666,112.452546554853,765.616663155875,37693.4522585972,1764.10387490462,2659.55955687006,196.792448452114,1015.82392362721,576.320741895476,497.603340816526,3296.03904742718,4439.5438795346,10718.9459030432,281.132631481444,887.90841043523,5831.74601176959,276.993102328253,283.497092749596,203.820609616512,6740.88481324194,2953.52657014145,2895.66031293824,1658.6792083821,1040.18865610403,121.823943516177,1653.99358018446,14535.9336388808,288.160511513773,4891.69772324904,154.622638069518,646.603899765837,238.962118268675,0,28.1133474877651,3837.45246368415,562.264279000645,98.3963647920915,2881.60370947738,2199.85858219145,1274.46556787316,7316.32729855318,8276.71844416833,7014.24512697177,3106.50936485122,2464.3566291373,10575.250165674,899.622621495377,15852.0975586564,1620.52593187241,22916.246439235,26928.4352754468,154.622638069518,2816.94319299136,2136.60372605152,3248.98316168158,98.3965053581261,4919.81107073681,63745.3968809019,231.933816538242,210.849051912979,28.1132069217305,1363.48969230772,5610.92759498406,4179.49629381049,2684.81112045923,1377.5471391648,1440.80171417265,16428.6552948863,35566.6466879881,766.084888617157,6606.60404830478,7222.75136478592,98.3962242260568,2361.50938142536,3162.73563812865,820.303457222268,60.9119014750713,276.91522874508,266.607099729124,1124.94097874683,648.533590288944,182.735844991248,84.3396207651916,140.566034608653,70.2830173043263,836.368187053552,1293.20723726753,948.82087417444,140.566034608653,421.698244391992,2400.16475981067,0,1335.3769070841,238.962118268675,224.90551480781,100.237077015292,405.800928707927,0,0,0,0,42.1696698165612,14.0566034608653,56.2258515793226,98.3962242260568,0,14.0566034608653,98.3962242260568,154.622778635552,84.3397613312262,255.696082990731,0,14.0566034608653,393.584896904227,42.1698103825958,67.9400626394693,56.2266949755303,0,84.3396207651916,28.1130663556959,42.1698103825958,42.1698103825958,463.868195340623,154.622638069518,42.1698103825958,112.452968252957,14.0564628948307,70.2825956062225,0,56.226413843461,0,42.1696698165612,0,28.1132069217305,0,0,0,0,14.0566034608653,0,0,0,7.02830173043263,0
"L36","101","16 weeks",16,"TDP43","Male","Male TDP43",2824.13105654746,1397.04377909927,104.04504959042,127.686783284687,4621.07602067782,60.0878980163234,22.5329617561213,32455.0945896653,172.75270679693,115.669053461678,155.852985479839,92.6354092953353,120.175796032647,13380.8745637838,9810.8425354305,6496.25257385028,3315.32558767169,513.966192055229,2956.75015494081,42.0615286114264,698.52181443976,0,13062.3227786032,345.505263374115,14886.4899640508,3920.73459446638,3407.55585431465,1071.56791521042,4926.56379551128,1609.8548342075,1997.92245882301,3623.71065072775,6667.64609239408,315.461464585698,1592.32899699308,0,30.0439490081617,10197.4338003918,20481.7042274808,3455.05488703732,9178.42687265264,90.1318470244852,397.641279186703,9163.40519858805,628.920049310767,480.703184130587,5467.99856926569,3935.75716984944,7640.67646452651,31682.2787461404,4665.03767884427,1941.5903548722,300.439490081617,3103.74077634223,2328.40604813253,1892.76863729444,87.62813453389,2535.17271135956,0,285.417515577536,70.102447539214,255.373566569375,3706.67220888195,140.205345737663,75.1101729598944,135.197770536728,2749.02118402705,15.0219745040809,5648.13698004729,480.702733471352,3500.1196087916,2764.04345897062,1777.87081200381,1797.66091143523,3176.89764195735,1502.19760062783,4266.24136003794,225.329617561213,662.862501142228,4623.78237960447,165.241719544889,11793.2512003042,330.483439089779,630.922929171396,45.0659235122426,5905.01274406708,5498.04281871334,109538.636440836,37289.2960753777,4343.6746813549,8750.9801934129,450.659084902681,1339.95967510478,5665.7874996501,13776.1097733142,18092.71650903,23194.6779303891,337.744010026836,1967.87896047408,773.881652615912,90.1318470244852,14707.9069285094,2764.04285809164,11984.2269141523,8679.44660236268,10734.7026801767,180.26369404897,888.799907791876,135.197770536728,1113.37857684763,19008.7544112124,1201.75796032647,2810.36146405778,15.0219745040809,1068.38370727479,450.659235122426,831.215572046402,1365.49718198146,736.076300040727,5285.87530499286,330.483589309524,2454.96618332941,2098.31686816945,505.739858377304,571.030767482861,853.748834242014,5463.84183870066,890.051839147046,1023.99797876809,195.285668553051,165.241719544889,494.22296118426,3340.59990955507,12380.3601373185,961.406368261175,3349.89971353105,285.417515577536,630.922778951651,615.900954667315,0,162.737856834549,6933.64259845376,1156.69188659448,706.032951911545,2688.93343623047,2411.02645724574,3079.50447289709,6773.89201146909,21703.1325621019,2839.15318127128,3575.22903065277,5211.3742730991,9904.48892360997,2373.47257252376,34994.6858646055,1298.68439663889,18946.4648926128,29051.4591702567,105.153821528566,3538.17582834101,2338.42059765542,3017.30673856166,315.461164146208,3575.22963153175,56701.4603542061,751.099025643533,405.593311610183,45.0659235122426,2073.03218112367,4010.86764324882,2802.84972570702,2418.53774493727,1295.64545119672,1407.05802818267,11778.4788910163,33892.4710183303,886.296195301281,6622.18734424855,6103.92892341827,60.0878980163234,3154.61464585698,3500.11975901135,1760.82657929198,307.843220435698,908.185615669647,1142.42131125509,1861.83598827462,1368.15622168843,420.615436334009,120.175796032647,600.878980163234,75.1097223006593,1787.61571708435,1487.17562612375,2779.06558369445,375.549512821767,751.098875423788,2570.25983764823,0,3905.71337106102,420.615286114264,366.369283762833,214.668372035922,776.78239589265,15.0219745040809,0,0,45.0659235122426,30.0439490081617,30.0439490081617,120.176096472137,90.1318470244852,0,15.0219745040809,90.1318470244852,435.637260618345,241.603373200719,613.969278965835,15.0219745040809,0,1276.86783284687,135.197770536728,381.558002183909,210.307492837387,0,255.37371678912,45.0662239517327,60.0880482360685,0,645.944753455732,630.922929171396,120.175796032647,300.439339861872,15.0219745040809,45.0662239517327,15.0219745040809,15.0219745040809,0,0,5.00727476144527,45.0659235122426,0,0,0,0,0,0,0,15.0219745040809,107.657534019161,30.0439490081617
"L82","73","20 weeks",20,"WT","Female","Female WT",306.840768695379,153.420128646623,102.280426699171,102.280426699171,8670.75822535126,51.1402133495854,255.701066747927,8999.27835328979,396.336653459287,0,68.1867806654028,102.280426699171,0,38383.408331837,9866.64705582677,963.138468674614,1457.49659186532,339.229400016072,16943.3653424736,0,306.841280097513,51.1402133495854,7512.9156679993,17.0465673158173,32884.3727866548,4295.77434155024,912.000300933563,4653.75941481228,2531.44107220661,13654.4364529372,2659.29365118911,701.353250744487,3807.87573870772,562.54234684544,13245.3142347384,51.139701947452,0,7477.4427704115,5764.75804813815,1073.94550314556,1585.34712523928,0,562.54234684544,16671.7090405627,153.420128646623,0,2147.88947208472,2616.6739087857,12158.5862352661,67214.2288176569,2912.92149368785,3899.44075650376,102.280426699171,971.664053642124,818.2439249955,562.543369649707,392.075139480866,5935.67426657593,51.1402133495854,3784.37578786932,470.407627072693,2301.30960073134,4091.21706796684,51.1402133495854,409.121706796683,869.383626942953,51.1402133495854,0,10786.3245255884,869.383626942953,306.841280097513,1125.08418228875,1200.94352916299,901.103344273033,1534.2084460961,2863.85194757678,9614.36010972206,0,102.280426699171,9874.44338135192,51.1402133495854,7415.32889008135,204.560853398342,204.560853398342,102.279915297037,6363.54653259724,4704.89911675973,69167.0858808946,9818.92198592467,7769.65692668676,15400.5085748979,1687.62704053632,767.102688841648,1099.51254140755,6379.74008115438,12094.6614799812,28733.4929887836,204.560853398342,2557.01015607714,230.130960073134,0,21419.2263655195,6545.94782014907,2832.69988661489,11728.1564471752,4564.26301864623,51.1402133495854,255.700555345794,357.981493447098,1411.47142265496,58060.1664262304,4500.33775195925,4170.23994843888,613.682560195025,1159.17833972465,2250.16938738176,280.541913980355,4932.47306616538,6341.3864553486,12594.4956972174,153.420640048756,1174.51989232739,10453.4748671877,298.318252140671,25.5701066747927,392.074628078733,13018.411756334,5736.22743451255,4244.63770801559,2659.29109417844,2301.30960073134,340.08190737261,769.660210911261,22757.3944291634,204.560853398342,4500.33877476352,0,102.280426699171,92.0523840292538,0,93.756375938062,1073.94396893916,409.121706796683,153.42115145089,6187.96632670197,2199.02917403217,920.523840292538,6111.25754088399,11843.0991906997,11711.1088570551,920.523840292538,1380.78422623241,2821.23680779258,715.961964089929,15393.2006384103,2250.16785317536,22855.4143646884,35273.9657376915,51.1402133495854,1431.92648519053,460.261408744136,438.953838852031,0,3784.37527646719,50316.8574488635,460.261408744136,102.280426699171,0,306.841280097513,2250.16938738176,6649.68983414577,2761.57100947548,166.205181984019,272.747634063745,15820.2265339007,21504.4586906964,715.960941285662,4398.05783666221,1150.65480036567,0,2608.15088082886,2557.01066747927,971.66200803359,17.0465673158173,306.841791499646,289.794201379562,759.655650973681,526.156596449343,153.420640048756,0,204.560853398342,51.1402133495854,971.66200803359,3017.27309902768,1176.22439563833,51.1402133495854,255.702089552194,409.121706796683,0,664.822773544611,153.420128646623,153.420128646623,153.420640048756,153.420640048756,51.1402133495854,0,0,0,0,0,51.1402133495854,102.280426699171,0,0,0,281.270662020586,0,102.280426699171,0,51.1402133495854,0,0,144.898123494048,0,51.1402133495854,102.280426699171,0,0,0,102.280426699171,0,51.1402133495854,0,51.1402133495854,102.280426699171,0,153.420640048756,51.1402133495854,51.1402133495854,0,0,0,0,0,0,0,0,0,0,0,0
"L83","74","20 weeks",20,"TDP43","Female","Female TDP43",4063.27938041199,2142.45658863347,24.6259363851011,61.5648409627526,4810.44678971334,12.3129681925505,18.4694522888258,41947.4196206555,67.7213250590279,50.0726552299175,209.012758198227,104.660229636679,30.7824204813763,15225.5126576461,9020.06973724361,7501.47061413164,3477.92087253814,401.75466770809,4498.87402486303,36.9389045776516,640.274346012627,0,7877.25981764496,455.57982312437,14031.4187330067,4186.40881607813,3212.272400804,1348.27014021396,5391.87770699313,3394.27481632664,1563.74757610233,3072.96717256394,6531.14937205197,233.94639565846,3644.63883125432,12.3129681925505,12.3129681925505,9927.9223664952,15586.6433956559,4161.78324908208,12084.3574985286,36.9389045776516,270.885300236112,8939.21416901359,418.435907626312,320.137296135996,6404.79553940524,1748.44111395313,7634.03941747355,32564.550738212,3656.87792163771,1871.571042138,160.068586503157,2986.27094787179,2598.0360423688,1415.99171153236,75.9300115639555,1899.89086898086,0,578.709505049875,69.7734043379984,443.266854931819,4614.28483015831,18.4693291591439,86.1907773478537,123.129681925505,3558.44756138774,0,7471.30384205989,281.146312279374,2536.47144766541,2659.6012527206,1779.52692597077,1593.41185594214,1403.67886646949,1218.9838510625,4247.97402642993,49.2518727702021,307.824204813763,4401.40752376317,129.579337794445,17105.4982591172,233.946272528778,430.953886739268,86.1907773478537,8112.3992167916,4426.51181896255,101521.771756374,43704.470700747,3108.67330276616,7454.19300268143,504.831819024254,935.78558263384,5590.08743628826,11382.2194758152,21830.8927285218,16687.2966672756,202.548326767456,2080.89137828168,351.535118767636,12.3129681925505,15121.9658897231,2105.51756092614,14343.9727182923,10495.7790982505,10959.7727419299,172.381554695707,147.755372051242,61.5648409627526,610.107327681515,19879.6737740741,1489.86878190957,2338.37893782747,0,1080.63866495242,640.274346012627,581.787747098012,1321.59237080926,1405.21749497483,6657.4704522033,98.5036224107223,1659.17271020555,2942.79915176021,225.737832283214,262.676859990548,469.944993725572,4294.19493894986,1065.07174865562,1009.66339178914,640.274346012627,295.511236621213,297.152924670325,2409.64849093055,10466.0225942789,406.328073483849,4247.9735339112,184.694769147622,720.924287673833,332.450264328546,0,139.546931805679,5503.89653581072,874.220495411724,135.443142636784,3004.36411585265,1736.12814576058,1452.92963107255,8141.95083297244,15068.0679646648,4014.02750764179,3903.2110401682,2912.01660814915,13187.1884417029,1098.31688590519,22873.2042017328,1077.67825800988,23577.6917850367,24770.3202202018,0,3605.8528583181,2376.40298429193,4216.76656228655,135.442526988374,4184.35722931789,64637.7458316975,270.885423365793,221.633304336228,61.5648409627526,2770.41747393482,5571.61835338848,2649.75050877751,3018.43636094055,1640.70313478704,1732.02447972136,14377.0316834628,39533.4518636127,627.961500949759,7802.31878368623,8610.86892515076,24.6259363851011,2610.34925682071,4598.89349678794,1563.74671419455,248.927091539609,775.804787593896,920.716849030115,1870.22227960219,1496.97841287363,258.572208913879,98.5037455404042,357.076077583965,98.5036224107223,1563.74671419455,1477.5559368467,2339.46420284396,233.94639565846,775.717119260365,2487.21932863584,0,2819.66959296439,258.572332043561,238.343849118748,172.381554695707,566.396659987006,12.3129681925505,0,0,0,24.6258132554191,36.9389045776516,49.2513802514744,36.9389045776516,0,12.3129681925505,36.9389045776516,147.75586456997,30.7824204813763,384.545817102818,0,24.6259363851011,0,73.8778091553032,274.989828183098,0,0,295.511236621213,0,36.9389045776516,12.3129681925505,110.816713732955,0,36.9389045776516,0,49.2518727702021,49.2518727702021,0,0,0,0,0,12.3129681925505,0,0,0,0,0,0,0,12.3129681925505,0,0
"L84","75","20 weeks",20,"TDP43","Female","Female TDP43",3306.6652786729,1854.32609173916,38.9019459805418,116.705837941625,5011.63629626734,0,12.9673153268473,40637.4766811475,175.058756912438,215.473729245316,125.783088343572,103.738522614778,194.509729902709,13807.99843909,9600.69151621978,6943.5647678874,3891.95478143664,479.944978145738,3932.31075248479,140.047135203104,609.463820361821,0,9626.89573735912,453.856036439654,13943.1981324776,4162.50821991797,3104.9930521494,1582.01259954852,5271.21381003656,2956.54789452117,1802.45644141231,3579.01002209347,6682.1810367663,414.954090459112,3060.28667648226,0,12.9673153268473,9866.89714354517,16459.7065353668,4045.80264132265,11945.2749732915,51.869261307389,427.92140578596,8260.18064124062,271.881291570795,272.313492190639,6464.20669043336,1776.52232945123,7261.69658303447,32209.8994102748,3609.39036713383,1529.92704342148,142.64046859532,3401.14448977854,2295.21455350566,1504.20857791428,99.4161273968801,1758.67645075211,103.738522614778,492.757982420196,64.8365766342363,648.365766342363,3961.51457300553,77.8037622879303,116.705578595319,129.673153268473,3138.09030909704,12.9673153268473,6915.80887779605,481.087528299187,2671.26682765738,2826.87461157955,1803.68159336439,1612.16044062506,1698.71843749014,1270.79690203103,4369.98513547437,12.9673153268473,492.758112093349,4625.78591865465,114.544834842406,16347.0296422972,285.280807517486,505.725297747043,129.673023595319,7821.85348359748,5061.57537268833,103718.503543703,42919.2202687991,3559.31202174623,9149.46978988877,309.054305398809,1047.97550290206,5199.89370541206,12363.0014757675,21493.324894903,16803.4782340901,218.283098110878,2269.28005252512,352.278776270402,25.9346306536945,15001.8871016296,1828.39133141231,15124.989716222,10197.7131975255,9753.27285841781,64.8365766342363,220.444101210097,25.9345009805412,818.885833217251,17744.9658841818,1575.52868253879,2329.64977804871,0,959.210598641502,479.790667093349,728.762862022509,999.34781108008,1283.76421735788,5857.39779821156,142.64046859532,1980.54138070257,2454.53047091869,197.751299388114,210.718614714961,592.174109817076,3956.18396902097,797.489892601106,946.61401885985,414.954090459112,453.856036439654,322.669986491998,1950.2851328699,11471.7520580614,324.183142517488,4590.42975537708,181.542544249015,583.529189708127,337.150328171182,0,166.414096149795,5692.65090979333,1024.41778114778,168.574969575861,2671.26695733054,2146.09068659322,1815.42414575862,8431.9974396482,17260.777870788,4408.88708145492,3903.16191338102,2800.93933256009,13511.9424409017,1234.48815976955,25707.4732436666,1089.87341741572,24789.6169696802,22612.2187750008,25.9346306536945,3685.31101588999,2593.46306536945,4021.70470121185,168.575099249014,3527.10976890245,63649.2013245122,635.398451015516,427.92140578596,38.9019459805418,2385.98563112044,5770.45557979334,2766.36107852898,2645.33206733053,1536.6268662314,1828.39146108546,13052.2517609307,39692.0884626055,803.973420591377,7505.91418212588,8261.26029991474,12.9673153268473,2450.82259677413,4194.92598954248,1471.79028959716,266.910530586555,993.512778529305,866.21679350655,2212.18794562353,1462.19330919692,168.575099249014,64.8365766342363,233.411675883251,103.738522614778,1471.79028959716,1776.52219977807,2930.61326386748,259.346306536945,479.790537420195,2204.44334621773,350.117513824876,2839.84179723324,285.28093719064,283.428426523046,228.873115518854,432.460225496663,0,0,0,12.967185653694,0,103.738522614778,90.7712072879308,129.673153268473,12.9673153268473,0,12.9673153268473,210.718744388115,6.48365766342363,504.799301759553,0,12.9673153268473,0,38.9019459805418,142.64046859532,0,0,272.313492190639,0,12.9673153268473,51.869261307389,64.8365766342363,0,51.869261307389,0,12.9673153268473,12.9673153268473,0,12.9673153268473,0,12.9673153268473,0,0,12.9673153268473,0,0,0,12.9673153268473,0,0,0,0,0
"L85","76","20 weeks",20,"TDP43","Female","Female TDP43",3999.85734523815,1814.47162778974,20.0494102518203,100.247051259102,4977.47190221063,10.0247051259102,25.0617628147754,42173.4850571732,27.5679390962529,142.684936209771,204.002749312272,110.271756385012,235.580570458889,17195.2691373877,10042.2723189258,7131.90914950023,3330.5650250474,598.259966338937,5682.0801558424,86.2124640828274,431.061919425932,20.0494102518203,7105.0996795938,330.815269155035,14917.7391373393,3981.06092288002,2749.3822441375,1388.42165993856,5036.34047935677,4479.37247392556,1894.66906830292,2714.67851943852,6605.2780069681,120.296361263871,4621.38906304458,0,0,9270.6951254179,13460.6433351828,4360.74672977092,12811.0720159039,45.1111730665957,400.988004542304,9152.55648168533,343.012127387628,210.518907891165,6489.32585167054,1837.02731457009,6589.57290292964,34711.6190540179,3178.02249554617,2232.16790861245,210.518807644113,2521.1767489927,1984.89131418906,1463.60684813583,31.7449329810659,2090.98637743041,0,892.198756206004,10.0247051259102,812.001115198723,4519.47109393509,63.1558427873365,47.6173493480733,250.617628147754,3167.80681978761,30.0741153777305,8295.44349169065,205.506254587056,1754.32339703428,2646.52205299323,1258.01297762598,1255.46680277105,1162.86569435853,1483.6563586347,4481.04258979953,10.0247051259102,230.568117648882,4359.02799407708,137.004336803123,18538.3528654297,190.469497639344,561.383487050969,60.1480302613584,9060.99683988834,5196.13848943993,98385.0280440294,43168.5505205818,3084.33952095646,6536.41028769412,511.259861174367,740.157461961068,5438.40263105331,9458.34818215212,21964.128529881,17217.6687395092,154.881694195312,1744.29869190837,296.230036470645,30.0741153777305,15344.6971429808,2190.39837075252,15132.5822017866,11160.0032821606,9737.42614864644,130.321266883883,120.296361263871,60.1482307554609,834.055265981623,22311.7234512169,1829.5084849845,2173.47135540627,40.0988205036406,1049.08529117945,641.58112805825,392.395428790681,1551.84841278319,1726.25422268173,7612.73721381798,80.1976410072813,1436.87436796477,3755.17674845417,103.254462796875,291.384595248036,355.877031969811,4760.26892192971,1333.28578174605,1273.13755099059,611.50701268052,360.889384532766,343.346250809474,2522.88365553448,11060.5911885915,390.963399663445,4741.6855245555,123.63789622349,681.679748067788,411.013010409368,0,88.5514282828047,5353.19243698897,822.025720077582,220.543111781818,2997.38673240009,1273.13715000238,1513.73047401243,8190.60111560184,13042.4828102657,3739.21501196449,3689.09138608789,2816.94274186306,13443.1292731044,1289.176978945,19750.8953845574,1026.63747022625,24788.0881643439,23768.3968122994,10.0247051259102,3772.79777413629,2385.87992021367,4614.1090219351,150.370576888652,4180.30203750454,66223.3678703853,300.741254024356,260.642333273664,30.0741153777305,2466.07736072685,5592.11474290158,3210.41141558452,2746.76940499349,1945.62825335176,1901.35263945741,14043.7755202515,39316.3920680692,531.309973155546,7277.93542017552,8727.34097028883,30.0741153777305,2466.0774609739,4581.29014229389,1523.7554798795,170.929242160869,650.619301952719,732.280650155435,1394.28942058991,1079.69713174013,150.370576888652,80.1976410072813,310.765858903215,110.271756385012,1523.7554798795,1212.98962097628,1834.52103804156,290.716448651395,571.40829242393,2927.21389676577,240.592923021844,2004.94112542908,280.691743525484,257.300798314044,88.0742523188114,563.531781359451,0,0,0,20.0494102518203,0,30.0741153777305,30.0737143895254,40.0988205036406,0,10.0247051259102,50.1235256295508,100.247051259102,10.0247051259102,490.184121611756,0,30.0741153777305,0,50.1234253824995,345.8523268439,0,0,130.32096614273,10.0247051259102,20.0494102518203,0,120.296461510922,0,70.1731363754736,0,0,30.0741153777305,0,10.0247051259102,0,0,0,20.0496107459228,0,0,0,0,10.0247051259102,10.0247051259102,0,0,0,0
"I145","78","20 weeks",20,"WT","Male","Male WT",2212.84602646739,691.603596267003,282.491042206698,237.778892259754,8512.40877221058,0,287.230423048377,19455.6607851978,314.32493722672,0,156.938840134738,51.5971219124365,0,25232.9686187313,9475.1179533509,5833.33752264931,1307.70764648373,768.594691610763,5949.25137625876,0,282.491042206698,0,5906.48759675575,552.104053047224,28751.4047701273,4916.71862969199,4327.01482539688,1221.03960629175,3623.20632678831,6457.21290081058,2254.46995684063,2459.76087340343,4050.47504631949,437.194010496154,8990.65673469432,0,121.259136550717,5642.31448604515,6563.29570320724,2532.12816665146,9240.2325645796,0,526.345930874327,22198.0303783226,150.660947540098,58.9300689112314,2263.71887988264,2240.95048159185,9953.88857576221,54835.5930710859,2683.24503547026,2311.12008735662,54.1909116303018,452.878600776024,827.800098874777,1324.37124585922,86.3686274955204,3888.39788904647,94.1636807355659,3727.91528955229,47.0818403677829,1388.04141368819,3775.24356630932,47.0827820045903,54.1909116303018,1812.80683818415,573.649336208098,0,12359.6225219874,238.269141956183,363.060740075995,1231.54960694994,451.683918190728,329.741435562997,737.655186690564,1205.79332065685,7604.81170891815,49.4515307886226,282.490571388294,6650.51963531218,282.492925480312,11415.4054155067,31.8346130960805,269.613728916584,165.968956102546,6846.82677099268,4527.18287430619,66899.5014998146,26837.082421563,4754.29416078204,18670.7361813063,982.950182135098,374.596282494376,4960.7101673486,9201.37259290723,13144.9720569195,29293.5655031134,294.339494310896,3018.600158841,469.788824415857,143.615211524188,17963.5389264361,6249.94335977205,9795.25668711877,12752.9461674932,9601.98267733548,237.779115820504,47.0818403677829,148.354592365868,939.705181060132,39011.6585433034,2991.01539496623,3548.99901767612,874.568582435244,1294.81683723439,970.073092405734,678.10301756112,2779.90443913083,1978.0612315449,10087.7231712513,569.720523618267,1802.4608509129,4673.21158818166,955.854949880696,482.603520535418,342.315848593167,13969.350573797,3977.52706655618,1869.6794082843,746.512342671018,1029.00338487772,216.455446772107,1878.24441177998,13924.7303783813,619.172996043697,6801.33034351542,318.618002747963,701.800192724075,165.97128649766,0,470.818403677829,1680.54475059324,373.256171335509,76.5488698773882,2413.64225685117,4171.94760411431,1917.790109838,8042.98309536824,9170.02933547249,6751.8797069698,1605.42594783624,1249.16647724868,5329.6668631363,786.485111776282,22500.9575305781,2672.45386778355,19409.4347332449,38790.1107797186,94.1636807355659,2741.24648203344,631.957575855674,1440.51906487117,847.471243346478,3144.50737890737,57426.2190510354,772.26486241688,98.9030615772451,309.586498021848,1165.1064359313,4866.60626911607,3942.74084706885,3878.23442369036,239.929834700525,822.58049047592,24867.9157088794,27114.8443447168,1073.7148167486,6053.65064573697,6512.39498028709,0,2734.76922903618,4217.91022760697,105.653686271311,326.26427857592,1185.12950557838,211.868281655023,785.474537098597,916.682522987084,264.874348074905,49.4515307886226,81.2863674454528,0,105.653686271311,1828.36675158092,2219.24006416972,9.47876168335856,269.614446992642,1671.15661555365,0,4083.5524363609,193.069072707925,193.069072707925,109.857470585359,421.812246572836,94.1636807355659,0,0,0,0,0,0,0,188.327361471132,0,49.4515307886226,58.8523004597286,94.1636807355659,578.576568290141,0,0,0,71.8076057620942,47.0818403677829,0,0,67.3363907673999,71.8076057620942,0,0,0,0,71.8076057620942,0,0,0,49.4515307886226,237.778892259754,188.327361471132,94.1636807355659,0,0,0,0,0,0,0,0,0,0,0,0
"I146","79","20 weeks",20,"TDP43","Male","Male TDP43",1434.62493142886,376.219013325618,936.386847884348,70.2741483649891,1759.90840832957,0,0,28429.778156894,114.443162626166,1584.79057085332,0,3977.38471381469,1961.11207764458,10006.032272978,10613.7255026046,7072.85010053861,6032.62071791912,1085.31903214966,1835.58924400892,633.975238380421,4348.62804545045,8.43728105187179,24893.1675621821,1571.6299064425,8469.58947520212,1581.27130153232,14654.7448088309,863.753027969342,4350.12228135396,1390.83870649544,2755.581695657,13103.9937238228,9262.76353768862,153.119861918195,2022.94888606544,29.446068399706,26.1049574270482,21400.6822333921,84565.4567009188,4533.60517316308,11668.3861767466,944.824128936219,658.968849847666,12006.6129572852,1192.17159818869,1262.84230368939,6021.97468642404,4439.1680610658,1898.36754490324,7401.5381995015,8733.32370531449,191.79326404786,2101.66037437455,6145.32123311421,6780.42215671056,4344.66198307376,69.8775912292727,564.453442128817,0,11.7784509167842,202.329579882412,0,1037.09092525505,246.555422972762,96.7756629277536,94.227607334274,3352.75731286588,0,130.021756961127,162.00967255167,6505.38279478113,8304.3142113472,4336.73584831305,4023.93589974969,2169.15942180054,332.732556446275,2134.48208629144,0,112.857110760064,1057.59241743186,494.694938504938,10718.0573583581,1678.42960899528,2640.92106095315,701.69547688645,1447.06070585971,6840.64799429066,164251.920558354,53165.8690974383,2843.89094061908,3084.10321552815,399.976699797726,323.680178189276,6293.85867918034,35173.8737927893,23534.9782334127,7885.04706708288,27.3789263315334,901.777594886202,10.8391307966839,1007.05755338505,133.150804948251,1283.85114992948,24948.0466027273,1382.42834135469,17759.9455513594,715.144336058927,2083.99234464585,617.575382182976,6041.0178640055,14090.9333252592,386.786732322692,3039.22345962741,0,3974.83178782906,541.808742172075,4204.36018538919,821.547010337956,35.662558116821,5394.82492226785,4214.65105416641,1254.65039462302,1691.62759881656,1712.67715063226,1669.25070880914,428.231481614891,2599.4580635912,1.47230636459803,983.500651551484,0,0,29.1130184396772,5922.88039225277,4947.05055273724,11.7784509167842,4420.46241551043,1596.85192570827,715.65047439647,0,194.34444012694,11.7784509167842,6494.71849547615,3382.96329203379,2004.88426578932,5962.08827765765,5230.39070785147,12886.107763188,8436.07433978203,39762.7566215902,247.347410360215,6068.09574932282,16699.8004815758,24640.4491476514,104.988963205241,75901.797197421,556.111079551308,20397.0715739824,26162.6936010316,282.682822002822,1272.73126647303,3342.29045626089,3108.5691523151,212.012116502116,418.050006786608,31948.7787503247,35.4200624934708,1554.75534433876,547.697790953704,3623.39127291278,2459.5464958532,2090.32028167678,112.102500199724,1019.54943275567,1807.85126104507,6087.7262255408,26658.7945626592,1849.55404281673,1741.79866968958,4685.94457007281,229.679792877293,4090.6828003927,4220.85368937878,5235.69112097755,607.299202135047,3168.03751494487,2925.18416212987,5796.31670463184,5775.43042840762,1447.95634849303,96.7756629277536,1262.84230368939,192.758211584075,5285.61755910673,340.495061979525,9702.83885759637,2216.89665127215,3893.73843370256,2558.28600452748,0,9071.66935357518,1249.87394579644,1212.01458879913,566.020666967778,1367.79642848907,53.0030291255291,0,0,123.673734626235,159.009264053351,70.6707055007055,0,1077.72825888576,0,17.6676763751764,318.018174753175,1201.40199351199,0,1682.2995368285,0,0.490749157447815,0,512.362438203351,1191.77504105297,0,0,1129.93799706309,96.7756629277536,247.347469252469,0,1113.06325828258,0,1325.07572813823,0,228.88667860586,901.051495133995,87.5452676044491,0,0,0,5.88916656613754,17.6676763751764,0,0,335.685851128351,508.829079605079,653.704025881526,494.694938504938,35.3353527503527,0,0,194.344263450176
"I147","80","20 weeks",20,"WT","Male","Male WT",415.385430619129,255.054612435526,341.459775545331,30.9243078664361,6222.15167575554,0,0,14879.1976936277,587.997882770169,991.381666603804,217.758616352308,1430.34442463604,1847.72739501956,14684.7476944019,17238.4218043415,4368.92579255407,4822.11253086853,397.299280695797,2034.9691465348,422.116802376853,2020.89817234135,154.62153933218,20039.6907382731,459.772835716548,15937.9055945443,2443.16336170761,3969.98148243456,1334.99478331283,5975.06202272486,720.791129921082,1960.07776243593,3904.8395089009,10784.0276205449,1793.79991863695,3740.03377445803,39.7734885034359,70.6977302394777,7690.03826349737,18803.9623536573,3141.10237021986,5745.04700203342,30.9243078664361,685.337193204701,10481.2972829508,475.718678309443,514.818415769548,6377.72718888507,2772.41105344159,9414.59322592085,35058.2496523867,6974.21558747689,1906.31088308727,572.194881342434,4898.22580627127,3466.23335906725,2644.21906958049,886.964557919792,2660.53860554967,0,95.6752993728662,77.3107696660902,311.955082811186,3134.54800545275,270.119778525866,526.855067722752,23.1932308998271,1435.50706770999,0,4430.22777250947,1260.74504220176,4834.18383529565,3435.78586327538,2174.55444711364,2143.62515696392,5121.26370562482,1209.3863273813,5758.20223065339,149.467384940082,1488.38795666678,3186.29975734564,59.7072849623784,5166.50145503577,682.666188576493,0,77.3107696660902,3592.93554144583,3725.29345438548,110830.393590826,26775.5976780506,7485.32487587524,3696.96381895223,976.637551064763,1667.05869221462,5088.78589400741,16716.2663302592,11606.4449254575,26213.1940944431,625.238643431525,3115.83842676903,1471.66739813154,77.3107696660902,16260.034141494,3451.17622909904,8814.73971017417,7110.22215858,12063.5646673892,251.866613091475,1277.5231478279,1201.67088782285,1347.56950346329,20200.3610753277,949.633773673346,2703.08433575621,48.6225368796471,1061.54477433732,866.261363513677,1077.82227512084,910.036256798484,140.396800972726,5733.14379002674,523.572035219708,4285.09658909972,3058.84441632101,223.285424768363,442.885088411618,1561.71728839243,4286.25762485176,548.542038555009,1158.18695641829,223.463937745131,499.546633463063,1114.91242532146,1686.10453416639,16043.9187965905,608.614191095486,1990.78187214167,282.791141709845,530.375755516132,371.091694397233,123.697231465744,70.6977302394777,5589.69757356397,1685.66040229126,322.56381333594,2519.7128656187,3483.1479816292,3122.26129296009,7643.3889529311,35299.235180964,1801.34085590913,4249.5239638727,4811.74810809367,4553.63021649078,1144.5809074193,57013.2249687429,1876.18509183684,13973.0581463415,26493.5918522551,30.9243078664361,4661.00925776188,2096.39879391028,2470.26372570265,163.470808460325,2545.49065784017,64900.8965870887,1627.45183199195,620.817418222081,7.73107696660902,1271.36914167876,2613.10420068066,2607.21296307264,1737.94611683485,541.358164566935,1405.86675603795,4360.61426036896,30070.8093351099,2145.33814068559,5562.61845558467,2368.34430953651,0,3650.59130125332,2050.75879969557,1588.1962416627,82.8946895701653,449.235093132311,1522.86185872978,2495.51696663799,2000.61785771924,375.658721127507,103.858113185907,302.725225051115,24.4066750051236,1636.67345614985,2514.95531264015,2843.94371441298,366.809606620901,947.854066334559,739.162592198652,0,3760.68186523392,658.354169389723,665.188162996042,480.723994914928,637.213323181163,170.083693265399,0,0,15.462153933218,46.3863071781148,61.8486157328722,11.0851895865985,187.78192227861,77.3107696660902,15.462153933218,0,289.403364259117,88.1779425987469,731.833268405354,0,0,633.948002018861,313.715228824347,165.532377444241,30.9246171095148,324.70507797604,139.254637342723,86.1601934157744,15.4619993116787,0,466.100847698074,324.705232597579,141.395769722034,185.545692577077,196.631036785215,0,48.6225368796471,7.73107696660902,316.97415563097,0,3.47898463497406,0,0,0,92.7729235993083,414.385725410244,324.705232597579,262.856616864707,0,8.84895988506619,61.8484611113328,7.73099965583936
"L86","81","20 weeks",20,"TDP43","Female","Female TDP43",5145.16383823737,2572.58200157324,49.4727307994853,65.9636410659804,3500.83324265449,49.4727307994853,153.915107517587,48464.1744323157,491.978932889839,490.32984186319,0,235.270209862595,1311.02736618636,12850.1298822279,8889.74048535848,8248.47857673581,1618.69102302784,502.89410148613,3013.80966339063,333.391290857344,643.144510938693,65.9636410659804,7282.82957917041,346.309115596397,11293.3666797965,3578.52802255675,2387.18953926627,1038.92718188009,5978.93618076533,2165.80632493909,1583.12705576533,2842.3549886227,7467.08383885078,1335.7637315861,2127.32709455966,32.9816556238876,82.4545513324756,8973.56922424347,16654.5429727054,4452.54593686278,13086.3616770681,82.4545513324756,461.74532255276,5953.21860620474,181.400177840549,131.927282131961,7500.61579615026,1950.05013901305,5208.37926910744,35448.1859008098,3074.0423833208,1510.84178915779,82.4545513324756,1877.59353184784,1912.94559091343,1088.39974777047,164.909102664951,1381.82053523299,131.927282131961,214.381833464436,313.327295063407,164.909102664951,4677.92143565638,230.872743730932,214.381833464436,313.327130154304,4815.34579781657,16.4909102664951,8142.85858411558,671.415538044957,1764.52706869677,2275.74561677633,1194.62231825184,1132.91547585295,874.018409033344,808.05460305826,3314.67230392911,98.9454615989707,214.381998373539,3705.15430158354,148.418192398456,20877.767300857,329.818205329902,923.490974923726,32.9818205329902,9430.30741171201,6552.38845582679,96645.0411278899,48528.3509534361,2269.61973833963,8354.20328663624,556.568386403313,420.518211795625,5804.80057871538,8808.52753465997,24126.2018847914,15081.7238902204,164.909102664951,1500.67250443285,280.345309621314,131.927282131961,14428.4470341958,1649.0905319222,19396.8866921986,10916.9822666016,11081.8913692665,115.436371865466,362.79986095379,329.818370239005,1075.75715632377,15431.2047025883,1508.9179595661,2114.68450311296,115.436371865466,807.190644269399,494.727307994853,412.272756662378,754.184571036214,939.981885190221,5901.27174413797,65.9634761568778,1044.97406885661,1975.56289646814,186.897257868782,98.9454615989707,239.118198864179,3881.37649850951,659.636410659804,989.454615989707,197.890923197941,197.890923197941,226.749851255205,1269.80009052012,9193.68247357102,32.9818205329902,5474.98237338548,214.381833464436,511.218218261348,0,0,8.24545513324755,5800.67752133055,824.54518350655,16.4909102664951,2721.00019397169,2168.554535135,1896.45451573784,8366.66282897899,13387.4645901692,2836.43656583716,4188.69104278066,2737.4920936928,15188.1278607147,300.134566850211,21648.1193954093,1381.70196558817,24461.516180695,20120.6762068863,49.4727307994853,4479.48103532836,3050.81823439249,4918.39436279895,49.4727307994853,4353.60031035471,70001.9503436772,313.32745997251,296.836384796912,82.4545513324756,2539.60018104025,6599.11248170306,2565.08638812981,3036.38885281841,1999.52286981253,2218.0277606618,15886.5179105008,43074.5716030167,1038.92850115291,8149.25854148091,10783.6811267353,32.9818205329902,1715.05466771549,4972.00961025738,1162.61032815162,126.587360478567,717.74773989329,573.88367727403,1361.07117720838,1013.42398915295,263.854564263922,49.4727307994853,412.272756662378,148.418027489353,1162.61032815162,824.545018597447,1863.47335484126,263.854564263922,709.108811641084,3628.00025862892,197.890923197941,1846.98211475656,445.254577195368,440.542959223128,136.050009698585,412.273086480583,49.4727307994853,0,0,65.9634761568778,49.472895708588,0,0,65.9636410659804,16.4909102664951,16.4909102664951,49.4727307994853,16.4909102664951,16.4909102664951,348.508178480434,0,32.9818205329902,0,131.927282131961,189.645468064694,0,0,329.817875511697,197.891088107044,82.4545513324756,0,82.4542215142702,0,65.9636410659804,0,32.9818205329902,0,16.4909102664951,65.9636410659804,32.9818205329902,0,0,0,16.4909102664951,16.4909102664951,0,0,0,0,0,0,0,16.4907453573924
"L87","82","20 weeks",20,"WT","Female","Female WT",4883.10973539467,2682.27154479425,137.552386912526,137.552386912526,2587.42642297033,34.3880967281315,154.746435276592,54242.9116968216,257.910725460986,0,0,206.328580368789,0,15098.4219309289,7893.45954149979,8787.878118874,369.671695946446,329.961697368669,2286.83044080265,0,171.940483640657,0,6335.76576160016,68.7758495752957,12401.4931476662,4264.12365040733,1552.4894853408,481.434041955775,5983.53020621874,2046.09244308576,997.25514899678,1443.15321955564,6897.67895409071,1237.97148221273,2097.67458817795,137.552386912526,0,8018.09163270962,7378.64669345486,5192.60329370979,15949.1989186264,34.3880967281315,618.986084987334,4986.27436946003,34.3877528471642,68.776193456263,8127.05375600238,1736.59854088967,4172.42091286243,38056.1580865924,2190.52279322488,1401.31459779039,103.164290184394,412.656129094676,584.597988259202,343.880967281315,85.9698979393614,2034.34271819569,240.71667709692,275.104773825052,194.865652205433,137.552386912526,5648.24488759559,34.3880967281315,206.328580368789,481.433354193841,4608.00496156962,0,9790.29010685613,733.613303335083,825.314321475155,790.925536985089,698.078707462036,581.159178586389,618.986428868301,515.821450921972,2235.22697509048,34.3880967281315,171.940483640657,2465.62619152606,103.164290184394,22076.0122880774,171.94013975969,343.880967281315,171.940827521625,9319.17386944266,5777.20128196899,98826.7995296176,51545.4622777744,2682.1082013348,12849.683528753,412.657848499512,515.821107041005,5983.52883069488,6443.14190587181,25636.326110822,14485.9860906063,146.149411094559,894.090171050451,266.507405762052,0,13330.3018850544,1616.24054622218,20905.1794381548,9706.03961375317,12104.6086727784,137.552386912526,103.164290184394,206.32720484492,988.65778093378,15816.0327334516,825.314321475155,1129.56713384891,137.552386912526,718.056128375277,1066.03099857208,618.985397225399,553.648013441949,722.150031290761,5522.48314740824,477.612836647345,830.47184822244,1643.4449695438,541.03961777658,146.149411094559,429.851209101643,4821.51859086878,790.926224747024,653.373837834498,137.552386912526,171.940483640657,151.307969484746,1066.03099857208,6834.63697576387,68.776193456263,5330.15568062231,318.089894735216,653.373837834498,0,0,0,5330.15464897941,859.702418203287,240.717020977888,2338.39057751294,2647.88344806612,2785.43411557381,8258.30177314174,9093.93321139727,3541.97396299754,3989.01853270132,2304.00385630868,18432.0191585165,453.922876811335,16005.6964982649,1650.62967459321,22577.8322815356,19907.0212577379,0,4989.71283525188,4160.95970410391,6402.04056490042,0,4814.33319805744,76918.721168031,481.433698074808,68.776193456263,137.552386912526,2957.37700638124,7995.23248929057,1710.80712446261,3410.15269628573,2561.91355012676,2240.95775141022,20485.5621266394,45621.5393667813,687.761934562629,9422.34022291286,13505.9249899736,0,1031.64290184394,6550.93277059001,137.552386912526,131.903110382028,554.221606895375,139.18994807872,676.299350280241,543.659302985329,343.880967281315,0,275.104773825052,103.164290184394,137.552386912526,1444.30006258152,1306.74801954996,171.940483640657,481.434041955775,4160.96004798488,0,1237.97148221273,412.657160737578,412.657160737578,58.4597644378235,285.421890605426,0,0,0,0,0,0,0,0,68.776193456263,0,68.776193456263,0,0,223.522628732855,0,34.3880967281315,0,68.776193456263,34.3880967281315,0,0,68.776193456263,68.776193456263,0,0,309.49321443415,34.3880967281315,171.940483640657,0,34.3880967281315,68.776193456263,0,103.164290184394,0,0,0,0,68.776193456263,0,0,0,0,0,34.3880967281315,0,0,0
"L88","83","20 weeks",20,"TDP43","Female","Female TDP43",5595.51817793645,2688.34947810984,9.7687117663875,46.88981647866,3345.41936796399,15.62993882622,15.62993882622,53074.6887742823,61.8684557539914,93.7795548076259,0,185.735720951785,164.11435767531,11611.2208466192,8690.18971959855,9094.27967158703,1865.97532333754,331.801406767517,2084.18114810508,68.9019282257904,390.748314356112,23.44490823933,7563.2735528686,343.858732326534,9831.21159352038,3751.18492754433,2869.2771954296,760.005853574642,5902.98150361042,1419.71923498247,1109.72581296101,2601.64973854263,6772.04306715357,257.89399063263,1672.40337625585,31.25987765244,15.62993882622,8887.53926659515,13626.4410634794,5142.24987382638,14591.0687619878,15.62993882622,273.524085758238,5595.51825608615,78.1496159814059,171.92932708842,8145.8030140654,1379.34217956361,5100.56982855728,30785.9460221538,3411.47578767677,1520.0115508499,125.03951060976,2044.82410249403,2016.26242118116,1164.43044255339,105.502087076985,1381.35179894819,31.25987765244,273.52392945885,62.51975530488,171.92932708842,4941.66563283999,76.847173179017,31.25987765244,171.92932708842,4888.26344605,0,7906.92542295477,259.847654836213,2094.41141196501,2274.1561773647,1166.79345485483,1124.35692054654,1195.69032020583,781.496863161306,2696.16452567264,15.62993882622,289.15386828507,3121.54980041368,93.77963295732,22194.643018024,281.338742572572,633.01252246191,27.3523147961909,9613.32399430734,5488.713413608,102865.886811619,52842.9989231397,2520.08584057433,6304.26744457347,218.819065417386,523.602872528676,6588.01929340142,9426.80638566577,24750.0077405709,13985.4465350734,168.673063783059,1523.91911370614,315.854961680066,70.33472471799,13832.198892367,1789.62823005127,19182.8915841222,10724.7426077929,11308.2606626205,148.484496998784,179.74429650153,39.07484706555,534.283747524962,12316.9779177673,1031.57596253052,2031.2688817476,31.25987765244,798.001375214547,343.85865417684,563.980318696003,472.024152551844,302.178843356818,5634.90906236507,45.5874518259652,1373.87154467504,1679.14441257221,147.182054196395,37.1211047122725,359.48859300306,2428.90734203647,334.555089389921,484.52810361282,101.59460237043,70.33472471799,231.713921248406,1164.43044255339,8647.26303040866,39.07484706555,5118.80496558705,242.263973656716,828.38675778966,0,0,7.81496941311,6080.04612524989,711.162294742704,23.4452989878007,2641.4593490324,1234.7649328223,1365.0144490907,8475.98586251777,13910.1652473157,1875.5926591464,4446.71790865837,2907.16862167692,16874.4722363596,461.604141234568,22470.5977937189,558.584160465945,23595.6257075392,20534.2785239994,39.07484706555,5290.86449006589,3149.43267348333,5307.26670416952,23.44490823933,4343.82062903647,72937.5641293264,406.37840948172,211.00417415397,70.33472471799,3094.72780944187,7801.94451618795,2114.99103981872,3047.83814926259,2274.8073206162,2094.41172456379,15709.5219420409,48243.2392180693,461.082648325631,8670.70856384555,11431.9976522782,54.70478589177,2211.63634391013,5419.68144429117,1062.83584018296,192.145949612888,598.877986460552,732.895333932093,1496.61767436083,1013.34887491924,218.81914356708,93.77963295732,273.52392945885,140.669371286286,1062.83584018296,1109.72557851193,1893.17641847559,156.2993882622,820.57178837655,3516.73615774981,0,2164.74652743147,351.67362358995,339.951169470285,132.85448002287,359.48859300306,7.81496941311,7.81496941311,7.81496941311,7.81496941311,15.6298606765259,31.25987765244,7.81496941311,70.33472471799,0,7.81496941311,109.40957178354,70.33472471799,3.907484706555,332.061645248974,0,0,0,85.96466354421,23.44490823933,0,7.81496941311,179.744452800918,0,15.62993882622,0,46.8899727780483,0,23.44490823933,0,15.62993882622,7.81496941311,7.81496941311,15.62993882622,7.81496941311,0,0,0,7.81496941311,0,0,0,0,0,0,0,0,0
"L89","84","20 weeks",20,"WT","Female","Female WT",2138.77421270046,617.868581174402,142.584472230206,190.113263351152,5775.93514088303,0,403.990684621198,22802.7860395325,428.546188998791,0,0,63.3709293559978,95.0566316755759,18887.8078467833,10025.869139499,3916.33274975057,2915.14735077809,313.686884529401,5666.69986202672,0,522.811474215668,47.528315837788,14805.3275116596,712.924262283661,23665.4183180241,3612.14915197293,3949.77129635825,1584.27703616521,3821.27516750868,3643.83723070831,1568.43489793016,2645.74117226528,7187.52517069901,855.509685080183,4230.01868371365,95.0561563924176,0,8610.9521275744,17537.610142535,3659.68079479283,7624.33415740621,47.528315837788,285.170370309886,12167.2507556064,47.528315837788,237.641103905781,5148.90072399931,2740.79875450718,9121.47658157968,40713.5628527353,5059.50281360738,2427.90369171963,95.0566316755759,3202.22123013728,2233.83084437603,1473.37779097143,47.528315837788,2471.47337413129,0,1330.79284345806,95.0566316755759,950.566316755759,2867.54061321917,205.956827435678,142.584947513364,807.981369242395,1901.13215822836,0,7785.92853012205,812.734200826174,2566.52953052371,3707.20911063062,1832.21610026357,1176.5696372455,2186.3030038214,2328.88747605161,5038.00195408868,47.528315837788,285.169419743569,4677.18123874295,190.113263351152,10062.5353340353,190.113263351152,427.754842540092,285.169419743569,5323.17137383225,4752.8315837788,96802.2592641967,28764.135794463,5657.2303203792,19637.5694055402,617.868105891244,784.21768660666,4562.71832042765,15092.0511073311,15850.6885790707,23714.9295151987,467.361613977196,1901.13263351152,926.802634120024,126.741858711996,14880.7768119195,3802.2633658904,10080.0319329446,9410.60653588202,10200.7643114021,237.64157918894,285.169895026728,95.0566316755759,1562.09842286267,25818.160152183,2423.9450582935,3232.77385740729,95.0566316755759,1220.68589528929,950.566316755759,781.840795531612,1817.95808079539,1853.60431767373,5419.01935196653,280.417063442949,2874.67176172747,3652.2782596011,380.226051419145,308.933577662463,665.396421729032,7544.02936440036,1837.76170415552,1330.79284345806,570.339790053456,617.868105891244,589.351591671729,874.520060848982,16349.7406481991,142.584947513364,3754.73695118525,190.112788067993,190.113263351152,0,95.0566316755759,0,4467.66216403523,998.094632593547,142.584947513364,2946.75558194285,3897.32332454809,2614.0554699457,7123.30300920636,24979.6370871832,5323.17137383225,2614.05737107834,2471.47194828182,8523.40924734962,161.596273848479,33753.0238880975,1480.16816145517,18960.4030716771,28537.927626932,0,3065.57684682048,2091.24542157951,1815.12824487041,0,3365.00381074907,54046.0268298008,522.811949498826,380.226526702304,47.528315837788,1473.38016738722,3802.26526702304,4645.89192257746,2566.52810467423,736.689370768872,887.195387399761,14020.8526968643,27710.5894004983,1283.26452762027,5941.04043028981,4499.34691578849,47.528315837788,3136.86884529401,3469.56658087536,1948.66189991562,229.720034788256,380.226526702304,815.90291364308,2450.74247332917,2026.59027712958,332.698210864516,237.64157918894,95.0566316755759,95.0566316755759,1901.13358407784,2566.52905524055,3041.81078776895,332.698210864516,903.037525634813,1425.84947513364,0,2946.75605722601,285.170370309886,285.170370309886,190.113263351152,142.584947513364,0,0,0,0,0,190.113263351152,0,142.584947513364,0,0,380.226526702304,47.528315837788,118.82078959447,546.575156851403,0,0,0,95.0566316755759,47.528315837788,0,0,285.169895026728,47.528315837788,95.0566316755759,0,285.168944460411,0,95.0566316755759,0,0,380.226526702304,95.0566316755759,190.113263351152,0,0,0,47.5292664041047,0,0,0,0,0,0,95.0566316755759,0,0,0
"L90","85","20 weeks",20,"WT","Female","Female WT",4121.0689489704,2532.22339421355,124.128597755566,446.862951920038,3006.00636338603,99.3028782044529,645.468708328944,47177.4161318997,0,0,0,198.605756408906,0,18659.8385041065,9531.13890847371,8418.40199629688,645.942383057979,228.396619870242,5147.10402167253,0,49.6514391022264,0,4714.63055331871,0,16221.9528441872,4270.02376279147,1151.53007806178,794.422529121232,6206.4298877783,3566.62870651953,794.423025635623,980.613936211408,6744.31981603324,1340.58885576011,3128.04115995466,49.6514391022264,49.6514391022264,6951.73522728205,5454.21257143714,3574.90311884591,13285.897414266,0,496.513397993482,7298.76452711363,99.3028782044529,99.3028782044529,7480.81699024025,1936.40562847244,4692.06347773235,43722.9376134524,2663.79772177688,1915.71736334172,99.3028782044529,767.944409676797,248.256698996741,99.3028782044529,124.128597755566,2017.03112482981,645.468708328944,1191.63453845343,248.257195511132,844.07446473785,4625.85824883344,223.43197247441,49.6514391022264,1638.49749037347,3475.60024064146,0,11933.7223951913,678.568840206443,595.816276197935,397.21101630342,430.312141209702,278.047562458077,993.026299472573,695.12014743117,2184.66232746918,99.3028782044529,248.257195511132,3019.51800950892,0,27068.9010647083,0,496.514391022264,397.21101630342,12193.5662505314,6802.24666049063,83775.5728259966,45733.9375779744,3139.8631676049,19562.6635306765,397.211512817812,198.605259894515,4965.14291719386,5539.67957962136,22616.2285250066,19099.2522506181,66.2017532981716,1290.9369201435,231.706384800796,49.6514391022264,14299.6124753836,2383.26808387809,17504.1029491528,11130.1962747107,10575.7590113462,49.6514391022264,248.257195511132,148.954317306679,645.46672227138,21782.9433179856,943.376846427911,1315.3485466925,397.211512817812,496.514391022264,546.165830124491,181.227256208735,958.273767701752,1896.68497370505,7677.56876191307,645.469701357726,787.802006231341,3124.38482797917,496.514391022264,372.38678629548,215.156567119242,6616.56964230955,2184.66332049796,1092.33166024898,595.817269226717,695.12014743117,44.6862951920038,1357.13966647045,7646.32261477165,99.3028782044529,6553.9894649795,165.504134988233,1042.68022114676,0,0,0,4865.8405355038,794.422529121232,297.90913112775,2234.31575262897,4716.8872112259,1489.5426765524,7659.97179538086,7443.45875094534,4567.93239740483,3574.9036153603,2234.31178051384,15640.2008346294,496.514391022264,14854.0517248057,1886.75567891339,20944.6348748707,23609.2553209935,0,4192.2358461788,2383.26907690687,4887.00197884917,49.6514391022264,4319.67619492248,73401.3946852903,99.3028782044529,99.3028782044529,0,2234.31525611458,7149.807727235,2313.75755867814,2780.4795966959,2143.28679023651,2250.86507379613,20399.2937551497,43644.8925023851,546.165830124491,9102.76416641777,11647.3994273781,0,1439.89173396457,5412.00686214268,521.339614058987,69.1570069535361,212.201313463877,215.15557409046,468.852084755241,779.528586933737,0,49.6514391022264,248.257195511132,198.605259894515,537.889928254932,1588.84555475686,993.028285530138,198.605259894515,297.908138098968,4021.76656728034,0,794.423025635623,49.6514391022264,49.6514391022264,139.496711186487,406.668622423613,0,0,0,0,0,0,0,0,0,0,0,49.6514391022264,0,99.3028782044529,0,49.6514391022264,0,99.3028782044529,0,0,0,99.3028782044529,0,0,0,99.3028782044529,0,198.605756408906,0,0,198.605756408906,49.6514391022264,248.257195511132,0,0,0,0,0,0,0,0,0,0,0,0,0,0
"I153","91","20 weeks",20,"WT","Male","Male WT",1404.45063289682,936.300421931212,0,0,12510.7018711368,0,2357.74105544203,20915.4841094249,267.514406266061,0,267.513737480045,623.902645904343,0,44036.9610456689,18720.3444757988,4251.25267098421,4490.6153534372,475.805370239207,17567.2461269818,0,2370.07803056897,81.5420894369864,31502.0203782212,66.8786015665151,48144.7122220351,2480.02425924672,3086.20082179817,4166.68509850516,4419.8158421212,12324.6281868288,5668.23183298453,1827.16556084614,2158.29618657726,802.542550012166,13249.478960613,163.085369811125,14.6634878704712,7730.30902307315,16877.7180176533,811.151692858004,6113.8190494676,0,658.773546923685,20454.143224635,112.923221341039,0,2559.1283105927,8875.19635085898,17020.8769556329,75244.0593936452,9103.20875949626,6187.34484303976,445.262073010505,3882.16252791718,3542.78007072651,645.899508551839,1629.41085728966,7515.20921005317,200.635804699545,2257.42315309225,188.365601707298,1247.80529180869,2969.85209364841,635.349390025956,207.075833422539,2088.98153732191,231.936345375902,200.635804699545,8925.22331747767,4432.32292840842,2345.40088301988,3342.13787143657,2276.60614939024,1849.20481266082,4490.17636864671,3342.14426602697,8985.70095782045,81.5420894369864,1611.52646631936,12306.7859797363,573.244583039259,9305.67922597938,66.8786015665151,1849.71270590732,244.625892794701,62.320602085345,3557.82292995145,76036.5520593644,24654.7964674958,11325.0166905229,23047.7884530658,251.063915159647,4418.63604737494,1402.85078682892,17718.1115431587,911.229586153622,42297.966877447,1084.72111293471,2978.4222760954,1373.33903579424,0,24628.2262076419,5595.29577134468,7485.62556815378,8039.34316570628,6840.97704610267,0,94.4197650086685,683.449503535623,4450.07726839761,53539.9700702402,2847.53429250868,5300.9403905957,771.43043075845,3062.76388067797,1705.94504039087,1005.75255225402,5815.38399217896,4853.3516390594,6481.04502363949,200.635804699545,3050.469402402,12291.3456040628,66.8779327804995,1355.58064021625,2834.11591649226,11162.1601395263,4141.36488259838,3028.8535838507,1448.44109650823,2131.89060004385,805.460686081337,3831.40282172303,29940.6381683318,564.351400040711,1394.81715999356,401.271609399091,169.523016659814,81.5420894369864,0,802.543218798182,6373.16102717288,2583.58950448215,564.35779463111,7493.26657592187,8096.25419997282,5235.85063284091,3529.13886306909,45897.3606663543,16390.9930011099,1196.67217447069,7643.46831547555,5751.56040350632,1060.04114360668,69945.0247882739,2752.76299058137,16797.0068267978,43439.7472841365,0,600.023828942025,1070.05829385026,2454.44400870509,200.633798341498,2479.53946386542,16022.3139868526,1485.99190691291,0,200.635804699545,668.78935959523,3878.95755328585,12367.5980250524,3217.69430480519,769.10458680094,646.493371404985,9895.22391211376,14263.3158952496,188.833510943197,3057.66063020632,3761.92133811648,0,7242.20548254116,649.140889441317,1988.12092816936,0,43.9898681428375,403.41868261914,1707.95905253144,287.485989806581,282.177894136532,401.271609399091,1128.71157654613,601.909420456683,2155.31676329963,3599.65021626766,3617.88012508246,802.543218798182,1730.62337887712,1471.32856567732,1768.17061647034,2370.07201149483,1887.26395621664,1887.26395621664,902.861121147954,2633.48011179272,200.635804699545,0,0,0,0,200.635804699545,43.9984246552239,401.271609399091,0,0,0,683.449503535623,7.33174393523561,81.543280374139,0,0,0,802.543218798182,411.826116157325,0,0,163.084178873973,0,0,0,401.275622115185,0,0,0,564.355788273064,0,445.262073010505,1686.62852703335,0,0,200.635804699545,200.639817415639,200.635804699545,0,0,0,0,0,0,0,0,0
"I154","92","20 weeks",20,"TDP43","Male","Male TDP43",9644.32760896397,2244.08272143884,1305.50285803706,302.445176549942,344.211161370451,0,1037.51151893922,48632.9666621833,1149.86878794418,0,0,57.3175817992636,0,24863.6479918121,4950.19431435977,12852.2357301643,126.093687339371,378.498833726638,6687.24602234089,0,80.4977680091715,0,11534.7387134045,114.635163598527,25525.922452872,6841.88124162891,105.881155906611,192.761411556444,4794.81291788941,7273.9592752656,112.737788869811,630.492826616082,3048.94682354554,2530.5622852749,3327.57913241769,535.980672080303,0,3763.34410104647,1947.0121423929,3785.17839632227,15700.7495334507,203.667280505038,215.889928075844,2621.92772048014,0,31.7145351072467,14985.9707633008,4340.49261505917,479.509069511885,67907.9650136423,1620.90931716052,2336.07515609848,143.926838223665,729.841964324564,361.498063339874,343.906637147218,1415.88001314179,251.153899637955,601.834608892268,1176.85474085146,871.353820093909,739.649958700703,6073.77697940867,51.2241618860657,1307.53868343189,6662.2738957861,6090.00097071305,0,16454.1301994061,3307.72679508757,210.779721527289,745.12799021461,481.467687113815,56.8747398877424,4547.22231663722,61.4799143868148,250.875879374826,601.834608892268,114.635163598527,1149.76746501312,9.27207448396311,17795.8652022231,114.635163598527,108.313991461061,137.818014443105,7758.7555209686,4102.90864151603,58651.0762788702,47618.3664512476,6065.01223616056,35818.2587783138,446.372014773607,1229.36359476568,4157.90868354167,1436.25391478812,23485.8289745467,25432.3764707169,327.483261028899,16.6506084057017,320.189187833303,68.9076749042176,8492.80638383532,13194.2153475981,19937.537967316,16622.9451864853,15824.046608776,6.11148841522987,706.723993352402,12.2229768304597,1293.40344030709,29441.6636889524,537.295952276773,32.1341800530186,1338.42882338536,36.9166645657431,581.131620374427,74.0916458320031,2707.62891091987,1976.24514183354,5353.936929799,19.5180683624586,3580.48095887509,5148.42614750372,226.241751594418,465.155271635868,1162.493422112,7968.01765079781,2434.30292561834,1317.72583486752,805.501889397306,805.501889397306,436.224576240661,147.384527233476,5995.18790892347,6.11214693453687,10638.8975835619,1.47545117324836,150.038655898548,0,0,101.831634137156,5777.39582773509,154.674495584738,57.3187281508996,71.8632000326795,4440.45911423053,286.907676897828,6065.42284429755,9119.69569468574,10961.3645460403,5539.4247862994,796.162035671946,9986.4076051725,757.984423946393,4093.0621085289,5434.60622959894,23051.6837158864,7756.66395909462,0,2990.36050863007,3466.77395466418,3627.49352093777,0,5039.42750063073,86730.153031166,183.676700200157,0,0,1897.17214067452,9700.69351564515,9466.5633938327,5155.16775542541,3189.09484020635,944.577593452776,37378.8803019303,49333.3917658476,142.02170244122,10895.8926465538,16135.5564500478,0,359.607411836926,7700.16343982001,163.949126179696,19.9419849515288,171.953891749427,76.4238245162302,182.861607878509,67.427745954949,12.2273183208393,539.038422403281,182.964291987196,473.186162447025,163.949126179696,2198.93144388506,687.809835239528,0,126.859681892207,2430.7883017134,200.611536297423,283.585642234934,2.95090234649672,14.6458373125688,57.3175817992636,1090.29916311771,0,0,0,0,0,134.75960560082,68.9076749042176,0,200.611536297423,0,0,0,200.611536297423,39.3865529721137,0,0,0,0,0,0,0,39.0381122828383,0,0,368.297107246544,338.426886105858,0,0,0,3.05574420761494,167.685570949121,170.741315156737,335.371141898243,0,0,0,0,0,0,0,200.611536297423,0,0,0,0,0,0
"I155","93","20 weeks",20,"WT","Male","Male WT",1696.56059170819,395.86427002,0,405.82338701558,10456.7964361125,0,66.5111555698654,748.841991186804,1837.34903295296,0,279.274180931492,56.5520385742858,0,31721.0849002119,3631.49488638092,2035.87225763352,2960.54485526011,387.380898713472,18830.0086953186,508.172024782663,452.416308594286,0,10086.4333542014,964.58731916205,27472.7002524967,3187.4455653516,1662.01337917188,3417.07449735522,6015.62451361128,13207.5913662318,2384.26910454725,1413.54991681478,3440.24825924187,6694.06789674515,17353.8402853638,0,82.0421294294341,8519.35698483572,17166.4311334134,928.745365463465,3690.02164801292,191.767979779812,4710.36065863701,23347.7614888253,401.22650419109,203.920726841187,1979.32191562039,1564.15225025388,14208.0788619587,67768.6320911963,1706.10384640677,2947.45011870744,169.656115722857,2980.41989446385,2601.70386962198,2037.5379111518,1571.91860431438,3980.87010738907,0,3733.44357923626,1401.58781109482,2551.42262604025,995.909359821554,645.117704027204,2397.04514818874,472.334542585445,1131.04020596533,0,5200.93424384126,4405.30254020513,1983.83771979818,1112.43721952457,2226.60805480694,1033.5988118359,1707.19220896525,4063.34386986169,11868.775197414,56.5520385742858,201.701893901362,9112.6979371234,56.5520385742858,1747.30291370091,169.656115722857,282.760192871429,624.26718542371,3676.02702760891,3680.88518781499,92797.5590824584,15732.7771313663,8775.28479338314,20038.5424727351,4321.68791590515,2367.67858614915,1423.29495722654,13685.7301561687,8330.2959466672,31537.7568791903,56.5520385742858,3756.03544669319,321.747660389936,0,25097.716534174,4792.75378238208,6184.81539523792,10101.8155697156,6062.86815583311,418.98411402445,370.525462261743,56.5520385742858,2118.69617157678,67174.5170601552,3310.3342185372,4960.27932221141,82.0421294294341,822.304298269194,1264.78687558565,736.901631372526,4161.3445924646,7486.97794158325,12588.2936728205,494.976881315054,7871.6331799739,9819.43635334776,252.970409363587,166.800193832501,122.938110214026,9682.18397470584,10068.5332688779,4299.60209782158,2816.45821498631,2882.96937055618,216.782626027967,2117.48056089426,25800.6596214202,1741.79504971665,2148.22981178034,185.010395142653,169.656115722857,676.255269426632,0,56.5520385742858,836.522531210027,838.97952346384,384.544915238151,5790.5533547089,4622.94217001872,56.9902676146735,7398.7992353588,12413.1681639061,14515.4470560701,1696.56059170819,3028.3623048777,5937.96178821846,2419.52658383906,8630.07971055144,7598.60297520828,19118.0036710787,37548.3190311169,0,1399.66295471357,584.370876760824,1637.31554505699,5.39387607370588,5696.66397160498,28499.7770838985,261.308497431411,56.5520385742858,0,791.729671080772,668.581976688744,6517.98523500177,2194.55519916499,273.334664602253,442.99078032511,17842.66308648,7554.62878768162,2981.19811829903,992.998909295368,2865.30347627061,58.7456686400811,6445.87901707457,1753.11206476209,1049.97321812954,195.507454934479,446.420365599237,312.170220658566,2103.32795397233,1390.58798512944,40.8457342803234,168.471518990459,226.208154297143,59.754701973478,974.699981336064,5527.2288973825,1592.71854529753,957.829734524891,835.601219010776,1413.80152987753,0,3386.67384929379,439.912434734908,461.82221252321,183.794125366429,155.518106079286,0,1244.14484863429,1244.14484863429,0,56.5520385742858,0,253.891875218087,955.811667858097,0,0,19.9182339911593,396.696686568493,705.913344119863,417.437421191247,0,0,1376.81377089447,0,847.286760694279,101.960441075463,0,56.5520385742858,0,117.49028389426,105.338590218787,681.652693932391,461.190751202598,4.38726013159061,437.893159372474,0,226.208154297143,0,97.5731032890028,0,0,0,97.5731032890028,0,0,0,0,0,0,0,0,0,0
"I156","94","20 weeks",20,"TDP43","Male","Male TDP43",2482.34561794103,761.33830449302,20.3615424546337,77.3998479167441,9425.65859786174,223.095319471204,187.430136939174,30030.1494961586,46.3302107619998,77.5154407429099,209.726712049737,38.3599354136864,379.658310364226,10402.6001075904,7050.91418354473,5442.58400190291,3633.64627443787,1075.56756356031,812.438316607339,31.0796185792995,1675.4817807255,0,16466.7224539812,17.0460789751538,7182.6941575403,1871.99345620894,340.649323137728,287.621837583489,3472.05904359154,1812.48094435916,1789.30068590092,3168.66716018168,7356.92259063352,65.8622538786412,372.809943141108,224.106899946651,1.01158047544764,10528.242274888,17272.2295599335,1352.18716214603,5461.65081545852,374.860273878349,511.488141561592,6477.2784156699,497.170211047966,398.12588116258,9651.71023935975,5098.23804182138,9781.27764800806,32931.8507226569,6550.43234970921,1959.27117687028,15.1737071317146,4102.20022922784,3592.2724743429,1199.43704328291,273.259818779381,2260.64203026572,0,163.603234278883,125.290129094425,164.915500587965,3695.10803464404,194.022066357436,140.255494879548,599.978754300448,5263.06595251435,74.3651064904012,5377.24179774247,317.943816069614,2130.26131337578,2433.7845596779,515.129719934153,1814.87714064439,3485.56902070316,1885.67467896803,6124.20824346082,4.04632190179056,714.315901373997,2746.30081064252,4.4769406811058,20027.9569429816,24.9887466295478,1578.86410438103,81.4461698185347,9162.8072873689,9915.28692228076,103657.161195802,44337.3040646498,3984.33174627337,3372.80517987075,844.315766338117,2961.0865352909,6682.01067038701,15464.4519355135,16621.3360183004,22607.3874247689,618.458355178393,1227.76128647964,1673.18819087418,76.3882674412964,12091.4833368327,3836.61319452008,9691.80255820162,6227.82917767529,8508.80614374306,597.955593349552,2401.93744461743,156.823590319644,775.311995712566,14822.8588491947,319.003865704806,3503.45878239837,44.6190638942407,276.365632232458,171.996563916098,12.6412340988356,390.061167982529,341.368595214032,9584.00571474084,388.010820059168,1825.8861148758,201.636276203056,338.174997176674,571.490022435988,2077.0694142825,3461.53832622852,393.029756439101,1224.23395270951,17.1968680826102,29.8963855129777,835.73473227573,6877.45689631707,11232.5646153773,850.388213679258,1439.70132751512,604.024332551173,111.792840430899,1634.93788654721,0,532.693967487115,11125.5975584077,1690.65842199826,400.14903199767,3710.13334067176,1814.58948448347,3163.27425169251,7424.4856934024,26433.6796708477,925.736284019849,2599.19487344704,7810.24465708652,11605.9066704277,1409.50304891939,42279.9893419497,400.320520690084,17748.0857255306,25883.5633188354,298.472006437052,4940.59176227716,2803.59212662066,2771.2253395914,208.222000712697,3890.97569969863,66400.1512947546,966.229574704146,14.0117837394498,150.753373931698,2070.05834365745,6791.78696808879,7453.80627208444,1329.43833227187,400.855862403966,229.910672684671,12933.4203830098,29884.2349580168,334.006041643899,5207.58230471918,8798.19417042555,150.753373931698,3406.60488881219,5023.3892992459,205.054120260975,95.4349302008242,2191.81734304639,535.068043830031,1148.40050366007,851.827843115601,99.6538747255278,451.248541319645,1648.1713084942,523.590486859151,89.4799806447068,2447.46003308309,1525.22245609231,83.4693206536253,1293.54336754426,4338.41592819781,0,4565.08755745651,1352.73404348349,1253.58081604664,609.720868466549,1063.98839524212,0,74.3651064904012,74.3651064904012,298.471262785987,3.03473131053817,29.7460425961605,54.5862209556421,29.7460425961605,0,0,59.4920851923209,619.198049798693,235.909409067402,129.437425784577,0,0,2372.08333600144,299.4835869125,68.8344977104963,530.67007300096,0,524.602800869859,225.118470306294,0,0,187.169537512553,10.8476595188711,6.06948285268591,238.269770253983,0,14.8730212980802,148.730212980802,74.3651064904012,0,148.730212980802,0,0,0,0,0,0,0,0,0,74.3651064904012,49.5762418928908,0
"I157","97","20 weeks",20,"TDP43","Male","Male TDP43",2169.36675928933,1015.81484642767,665.52786430636,155.207919310333,7613.91446294068,34.434395737481,34.434395737481,4336.38470146539,137.821618103189,204.969378479192,540.907195938903,632.613597810209,361.561155243551,10914.4300715624,12049.7659523243,1385.27051899479,5681.79414608122,1732.14210634258,583.106165851929,156.676844949496,2411.67339408201,0,24246.9779554225,585.975039673779,14914.9510638033,2797.20141828421,5206.30671978445,899.091022205572,2966.84948758316,656.95160099652,3858.67639918694,4738.69289683241,5549.49032213344,207.618928391559,389.747340875902,0,0,10311.5856831939,33261.3954080149,2660.73021732433,2254.95492666243,172.171978687405,41.0718691585347,11381.8279832283,984.908441933138,654.590693500868,2899.3908594929,6168.14388302057,9437.75423585634,28000.6004768853,7065.86172581203,2586.15209144379,1136.67257732576,5005.51144152563,4787.81408327441,2532.27712731614,91.993929075714,3961.03592759193,0,223.823572293627,0.0843794972227201,275.475165899848,1444.80656003339,165.453514190397,163.81686258866,120.520385081184,1663.48315639311,0.0843794972227201,2696.82658351089,391.604719635447,3894.96748651969,4204.2877673647,2533.9238807559,2135.77569315359,5934.46540665812,1684.58352795507,6551.2255921788,448.237456723855,793.167562808652,3966.35240846118,103.556325704111,2728.8347684848,1274.74767826458,1618.7541176505,137.738271637839,1741.88973887644,7640.17982821712,120028.66112413,19007.9387582786,4983.43978301497,10033.4902284525,620.493470564526,3651.39601928476,4799.00380393844,20505.221489577,8717.37906274493,30860.1220289097,190.633774140181,2792.89875261376,1086.05463171673,482.081540324734,13124.2733812128,4224.71173047186,6017.79272434173,4948.43514414954,12272.6978289555,723.291412981709,1457.80598457073,35.0250522180401,1911.2529583281,17468.2145731685,347.5932567058,4438.9497534295,17.2171978687405,1772.75968750262,355.822146677963,1149.24718357688,1609.59149178247,705.905112618361,2722.8787143423,1271.62271116841,4165.07756476193,1519.13293816686,997.871675463133,1556.52847326111,1796.9743245026,4831.7145214733,784.909290335766,547.050005262226,189.389176556146,206.606374424886,749.584931698415,6160.83882347814,14866.1626420947,1739.10574373724,1977.18979456167,620.157329951464,646.742197885622,1756.15452695549,103.303187212443,430.556515964347,5919.01691232516,2893.24900176737,1239.80837954441,2692.04188213286,4467.10257267176,6406.6529230785,5377.07507435459,37695.8247454545,1218.36705237858,4312.06134874154,9839.00603174747,2860.71691042069,5413.93046056029,66143.2918607133,2038.99324804855,15924.2084119399,38376.5074200684,241.040770162367,1066.89793458185,714.174303346188,2104.72553650195,757.556361880625,1080.96698657375,44849.6243050593,2033.14749077348,619.987882269104,51.6514214342428,1211.61463159979,3483.61280587919,2363.25346444509,1005.8541131481,868.033783272994,630.283212356534,3085.55460799573,18368.8446845024,1620.61012055785,3751.48488055212,4658.68673259271,0,5237.9092646254,426.164312985546,3660.50809223642,386.11849829874,626.391941002532,1537.99437463033,2864.58963782294,2008.01215678544,895.379013015687,103.471946206889,1171.02259356602,344.34395737481,3720.52276753541,1175.32526008026,3756.80731908332,792.581758442623,1102.82746069301,757.385711824732,0,6615.20105812759,827.185257518507,822.181580246227,206.006319956175,1447.94023321857,68.868791474962,0,0,0,172.256357340833,34.434395737481,309.909217293372,68.868791474962,0,0,34.434395737481,1101.98573178453,677.2517430231,978.604253672183,0,68.868791474962,2548.14562891755,34.6031547319265,518.812021569991,447.646800243296,34.434395737481,241.292877309753,34.434395737481,172.171978687405,68.8684471310047,1721.97189317764,998.597820730907,344.512716369256,654.253174668182,34.434395737481,34.434395737481,0,0.16875899444544,0,0,0,103.303187212443,0,34.434395737481,0,0,34.434395737481,0,0,206.606374424886,269.73632950624,17.2171978687405
"I158","98","20 weeks",20,"TDP43","Male","Male TDP43",1469.2018347575,638.364957259222,4797.4527256775,28.8707784122652,8913.07662950115,0,0,22687.7936773313,88.2162673708104,1247.21753117393,157.015264363715,387.301390478235,2574.31107509365,1794.51984124913,14669.8291395056,1561.66566449613,7133.8642658746,2605.80196446527,602.343047427452,767.962609530327,4469.02715120096,9.62359280408841,40888.7250696105,385.112452773247,11188.5056774811,1263.55516596698,11015.1805638435,513.258250806073,1296.06138936533,544.267648168548,2023.81317645234,7847.16175537807,10814.1745088787,529.297540067577,519.674107656702,404.190801535785,86.6123352367957,16245.8767489994,44028.296387632,2643.36858640863,3051.60308542806,259.893060295283,248.875541034674,14225.8828907148,1889.07244513566,981.71857518681,2727.90505188935,9949.58104903409,5205.20485677786,415.013928190958,17959.900493422,3398.30080116566,4513.63318887215,6912.33982885626,5842.86883448298,5274.56957917796,151.571618743035,4872.68432490417,6.41569645741626,3.20786426802947,6.41572853605894,0,1455.23708716773,73.6379504147517,89.8201995048252,3.20786426802947,36.8311063225447,3.20786426802947,1199.57566565654,303.1431091715,6891.1111631094,8133.11325820938,4338.09077815127,5198.90904855931,9745.53355441195,358.914355309302,4098.15379851286,4073.98768455471,2055.5088247339,225.934138346768,173.224670473591,11406.6308427685,3435.73493270121,616.358376140828,70.5731101325764,619.701678267082,23960.9113640185,173468.262827097,25038.6778123828,4493.87819389482,2496.28362621095,119.249579776597,3869.91520069117,9661.9423810631,29133.0187939225,6396.81848160514,29978.928101502,1424.15943324142,879.838833633538,3417.01310404193,2232.8977488881,7367.85109603221,9026.15408827003,4628.97892983092,1306.12262759701,12793.013001447,1819.02729996333,6900.62082050324,1049.1966033121,3661.93222568289,9010.50504647767,359.280733862015,1981.3304322129,38.4943712163536,27.7403695952436,1031.08690987479,5115.16682174057,1226.89703374662,514.555639430634,5612.1966784237,4552.23822684047,6174.99893806718,721.071749828334,2095.51295628787,5923.1665566065,2210.38715712473,2560.48418566052,201.400400934903,78.6226033997782,3.20786426802947,0,1660.55934989905,8284.55014543728,16239.1995734891,2901.96176334775,865.186874040875,1789.98816532452,740.348343609639,894.458456070114,0,226.323171505789,8062.64136331173,1694.2006739628,3878.47798683924,1007.26938016125,5264.42781302132,20022.2529758287,5288.31112630128,62396.8628268132,141.145995714654,1729.29456933321,11057.9464242197,5765.90646441914,2898.76636902723,147470.524537367,814.873903327707,7410.37859708256,36417.8238807937,3243.20682956269,2117.40040108955,235.655041433596,422.242197420991,3137.51652994652,537.606243246589,26602.9302968651,2606.66890114567,442.797378157859,1050.57557985829,1180.49408271349,3060.30254377876,9148.1642363149,753.723080775245,611.365454389069,137.031855695697,337.469599129254,19848.7795703071,3119.44572129429,2830.81933927171,4611.30485321372,1183.81402407267,1793.6318095787,774.988519867196,6158.79551545786,306.184333366311,2616.24152458607,1004.6728536063,3669.78283198127,6059.22398172677,1742.09345840547,153.977484865415,1357.26291288584,202.095352649929,7485.83170276446,464.343378601802,7045.31152069304,2454.35249255192,664.755171228468,1353.77216412714,0,7402.2250807459,414.039670153575,406.450289759027,1607.69026963293,2956.57937124958,962.359280408841,0,0,153.977484865415,1203.06063282582,19.2471535295341,154.144686821369,269.68481685406,38.4943712163536,134.730299257238,2078.75210026799,2993.49733106544,53.1823586393156,3970.41934868454,0,19.2471856081768,2415.85812133557,28.9828875820576,564.339743583007,67.5334096192355,173.224670473591,750.640142482968,192.527910666664,327.202059103078,0,3127.83592131935,789.471033680555,991.286209641931,519.898806615381,38.4943712163536,6.41572853605894,57.7415568245305,22.4550177975636,447.497065390111,3.20783218938679,4.8117964020442,12.8314570721179,9.62359280408841,221.342634494033,38.4943712163536,6.41572853605894,38.4943712163536,48.1179640204421,86.6123352367957,1308.86457970499,2303.59539024305,558.168382637128
"I159","99","20 weeks",20,"WT","Male","Male WT",298.061795746954,611.373843143487,32.2281963933659,380.916244195411,6301.06386036442,0,32.2285186785527,17587.7995754598,231.517780611135,0,469.957178746882,177.603840420052,0,22636.1182637435,8918.84491658395,2153.25254491577,3075.39769660203,112.799815374934,10559.5396412226,0,593.152602290066,0,8704.91955493839,411.4342352496,26340.7701501841,2333.96302414539,2887.74836197621,1661.8622639253,3972.13129327049,6810.83530791697,2753.90191928163,2953.06571648644,3351.950150412,903.786473751525,9608.1801063737,0,0,8833.51023724338,15447.1969441887,2521.13603088917,3520.82267291879,66.8616809235288,1850.1765950961,16888.4516661854,1303.66640664495,439.547161039261,783.26465621393,3092.39882038085,11492.4279586694,43823.5296287634,3928.30434508825,3335.43096841257,181.719152176874,2175.79891277418,2440.48998973268,2250.54094091877,530.406737127698,1674.7758925051,215.658339045826,1349.90227117939,889.11284728646,1883.0365098779,4091.19571464075,226.913146317786,588.343959727593,130.30202546626,575.771239442715,0,6171.24172858449,1810.19945634675,2591.69229943008,1885.06939150231,1805.69871785336,1548.95965430186,2898.06446951247,2767.95723360174,5916.55681559195,0,257.392700561771,7452.24256246692,123.08809476699,9172.3297279742,764.237635961585,408.012758302768,18.865890593712,6233.77846164356,6170.59374214888,92719.9839804932,12896.960160317,6755.87397184192,12869.0157216123,1068.21345562161,1710.63601217637,3556.23900807814,16564.1319977952,14423.7405400085,21049.498040375,214.292541235722,2323.60000029323,1121.82744398786,22.2872269745096,20884.3200012243,3294.435635342,7688.79893287512,10439.9282257669,7662.54584279061,103.205651924938,679.896081485273,32.2285186785527,2457.23584926977,45040.889829992,2554.51698345106,5026.55669488136,96.6855560356581,1382.74619394241,1292.93334146058,1189.02139574377,3576.15498908262,3585.35727142502,9894.10524997976,298.981993873252,2067.1405814606,6647.08098751388,442.776718445841,694.919481827355,515.949211157583,5014.75356400602,4343.00941411251,1680.78933941624,1757.54377154448,1860.37802496571,71.5478131255125,3295.53598267444,15823.3335345974,1000.98023562834,4519.02908631797,438.382105615852,384.708697947849,663.4364047308,0,36.3436898693402,4015.56110575528,1371.44748628289,868.458550994116,5562.26753973305,3472.3613498042,2657.41177719914,6866.2964366129,14244.3963744034,5877.16234444931,1727.76972607243,5640.04196427633,4701.06833253034,3161.17202114301,26434.9334200577,2319.40854286953,18594.0849741705,35119.5196658664,38.7484740017983,900.07886488813,1172.1906434231,1132.78947902473,30.5175693560847,2557.20655182816,45671.0331517875,928.291566748907,627.092433729391,36.3438304353749,1988.280117684,1823.1171653453,4361.05793315411,2407.29547532247,249.993698672489,890.395974240195,14118.6143640217,23559.7891676921,1908.88087256197,4898.97776450891,2241.69007229226,0,2923.96768185728,3218.50912651366,995.239866044859,360.207194401226,1247.95457256757,1074.71226372393,2145.33322063281,1749.57630403394,268.463416508489,44.5744539490192,439.547301605296,187.545132124095,1032.88976372475,3218.78602230022,3576.06314829436,246.17618953398,674.069456967678,1032.17247945519,0,4723.58202620232,341.152507086021,355.209110546886,8.11262450050809,323.792789129764,0,257.828149428422,257.828149428422,0,86.7450494680231,114.857471253345,201.603586989846,159.431925202365,0,114.857471253345,32.2285186785527,296.576482864185,452.802001787861,453.331327937428,0,50.4004338962401,1540.12493466819,86.7436197612414,425.61520724837,137.144417095786,0,560.230108235489,36.3439710014095,86.7436197612414,22.2872269745096,1083.09941208916,1198.9751464297,409.029451117142,725.48787281904,0,32.2285186785527,0,8.23062351364432,0,22.2867229701706,0,100.80086779248,0,0,0,0,0,0,0,0,0,64.4570373571054
"I160","101","20 weeks",20,"TDP43","Male","Male TDP43",4014.98754286279,1647.61363675494,727.393027040912,22.7213239989119,1978.48151095384,0,0,39880.4253191244,107.476955856317,317.172092979848,62.2987632852745,1691.74590208588,834.119811921655,11915.5312311788,7118.89497062856,6604.10523924248,1570.02258470674,2423.67560547002,317.184051548089,175.179549487811,2105.03690590311,22.7213239989119,14354.8027095166,151.47549332608,9638.67547860767,3138.02309157795,1069.157843317,395.219803743032,5113.1056473176,2515.32756540541,2553.91596415019,925.711662389148,6747.20377666285,1146.27666732224,1357.65608405683,143.901718659776,22.9724736559662,5705.47420920931,17822.2639786081,3225.01436864279,11403.6846232372,133.294505631482,245.882359444027,4357.29733569782,491.998677039969,117.625014507427,8456.38623047193,6719.49186407686,1402.28392926577,37901.1584349411,8585.72280239309,3400.44542691938,1032.54477545014,1381.79788702693,1231.26834798133,530.839180185084,246.880271807118,4871.5823494442,0,0,26.5082113320639,3.78688733315199,3942.84027982282,48.2197239547176,76.3653203661853,3.78688733315199,7066.59085924066,0,4697.29384999916,263.420173066534,104.997056631344,613.860117938699,100.822019556604,405.683134475742,1564.66368493127,632.410146767509,2535.00859325402,665.851302490885,731.243943652519,159.137285817673,690.594817747461,18126.3145720245,1615.97680162584,4276.88305459359,106.409569813837,8238.74091002453,12861.5442741364,91333.1413622264,46641.7595672433,928.123125985321,3556.72861432627,783.235063061925,1004.88118879618,4821.11348869952,4321.37495638183,17942.2935418681,23154.1712974051,250.990639716864,1281.27044710807,629.286283402841,606.655422275481,11815.5777532844,2432.32386472177,17382.8391156177,8155.91803594239,12235.8794689078,1402.65513547082,1245.74199986897,591.884370215215,572.543512396144,16331.9570370033,346.500190983407,2047.97777375368,83.4370204201243,2104.39607362391,544.029812472915,497.729296504825,1720.18487189447,222.230945931511,3913.0750062531,1184.27119247578,1728.22799776653,1063.34582332307,375.090059576103,951.15335708586,638.284775019871,1396.74765451109,150.654988447606,2534.28746280971,0,3.78688733315199,111.931521767433,3132.65091803284,7351.40436889492,193.594192612436,5428.82645101449,1350.51773660638,777.79930898089,120.648555893,7.57377466630398,70.5343271498667,3738.68938718338,2122.75254391514,467.902424316559,3385.23392188307,1155.50000854647,8874.43613815138,5758.95551931608,18518.7526001177,291.590324652703,4748.34940335305,10916.0956251936,17318.5779018111,1365.44784927188,52209.3347685604,618.434714802258,22388.6721396006,23372.9465216626,750.682715763784,4007.95456043096,1934.45055942591,4582.51633521439,744.86728913635,3771.33164330762,70047.089523901,1019.90177377247,140.114831326624,232.639097093739,1918.34661359205,5658.31803931184,2447.47468848606,2292.34987029056,1223.89694637299,1914.04208725388,9692.28873140287,36529.6583250202,1393.41013073171,6828.83684179605,8759.60393494104,76.2400459771482,2472.69993120688,5542.96711681786,520.839233722673,117.250741675252,1396.04224486269,264.324735854009,210.321646312845,790.306468665237,1351.64783558112,485.726177271672,1815.15513838774,841.317012322123,802.615218791615,122.251490465846,1283.75473020078,1896.58273559393,2581.36205348771,4557.4194250727,0,229.567445265458,2495.28796041277,2452.8782078503,514.319103208823,2690.101596946,227.338814817647,0,0,18.93443666576,310.775910975517,15.3986989896622,91.8894427088812,114.360068965722,53.0164226641279,22.8468988274391,356.72085828745,761.019288133178,105.086085626094,306.686045528637,3.78688733315199,7.57377466630398,510.542988400867,576.737048095847,149.219397254354,79.5245582584452,295.377211985855,26.3705493218951,98.8353432325497,220.141690154926,0,1194.48256619388,50.7167907959624,440.283453536101,85.8230923818844,45.568222826351,0,53.141997492655,83.4370204201243,177.983704658144,0,2.06155634785622,15.5242738181893,0,37.8688733315199,7.57377466630398,22.7213239989119,30.2950986652159,68.1639719967358,15.147549332608,325.797885479598,381.103290129327,68.4151216537901
