,F1:10.77%,F2:6.54%,F3:5.22%,F4:3.87%,F5:3.45%,F6:3.3%,F7:3.27%,F8:3.11%,F9:2.77%,F10:2.39%,F11:2.21%,F12:2.03%,F13:2.02%,F14:1.84%,F15:1.74%,F16:1.64%,F17:1.49%,F18:1.4%,F19:1.38%,F20:1.35%,F21:1.31%,F22:1.11%,F23:0.97%,F24:0.91%,F25:0.89%,F26:0.86%,F27:0.83%,F28:0.8%,F29:0.8%,F30:0.79%,F31:0.77%,F32:0.77%,F33:0.71%,F34:0.7%,F35:0.68%,F36:0.64%,F37:0.58%,F38:0.58%,F39:0.56%,F40:0.56%,F41:0.54%,F42:0.53%,F43:0.5%,F44:0.5%,F45:0.48%,F46:0.47%,F47:0.46%,F48:0.45%,F49:0.44%,F50:0.43%,F51:0.43%,F52:0.41%,F53:0.41%,F54:0.41%,F55:0.39%,F56:0.37%,F57:0.37%,F58:0.36%,F59:0.36%,F60:0.35%,F61:0.35%,F62:0.34%,F63:0.34%,F64:0.34%,F65:0.33%,F66:0.33%,F67:0.32%,F68:0.3%,F69:0.29%,F70:0.29%,F71:0.29%,F72:0.29%,F73:0.28%,F74:0.28%,F75:0.27%,F76:0.27%,F77:0.27%,F78:0.27%,F79:0.25%,F80:0.25%,F81:0.25%,F82:0.25%,F83:0.23%,F84:0.23%,F85:0.23%,F86:0.23%,F87:0.22%,F88:0.22%,F89:0.22%,F90:0.22%,F91:0.21%,F92:0.2%,F93:0.2%,F94:0.2%,F95:0.19%,F96:0.19%,F97:0.18%,F98:0.18%,F99:0.18%,F100:0.17%,F101:0.17%,F102:0.16%,F103:0.16%,F104:0.16%,F105:0.16%,F106:0.15%,F107:0.14%,F108:0.14%,F109:0.14%,F110:0.14%,F111:0.13%,F112:0.13%,F113:0.13%,F114:0.13%,F115:0.12%,F116:0.12%,F117:0.12%,F118:0.11%,F119:0.11%,F120:0.1%,F121:0.1%,F122:0.09%,F123:0.09%,F124:0.09%,F125:0.09%,F126:0.09%,F127:0.08%,F128:0.07%,F129:0.07%,F130:0.05%,F131:0.02%,F132:0.02%,F133:0.02%,F134:0.0%,F135:0.0%,F136:0.0%,F137:0.0%,F138:0.0%,F139:0.0%
AA1,0.011208192176230161,-0.012812508873643146,0.07331548897464013,-0.007406854375311,-0.022782165709413733,-0.13525088907881913,0.018313707347304264,0.025304994999661712,0.12537224754408874,0.012602921234277325,-0.07680012608347289,-0.01894335880902793,0.010026453862066792,0.25941428720500337,0.007694008877428216,0.054910734793043155,-0.020469431635006603,0.035459776150941896,0.005353118687734684,-0.03989059845101358,-0.10013139054236965,-0.0033088541711024464,0.06850190661939075,0.027216373080122414,0.004547249491449582,0.04186095377673698,-0.07149235126550867,-0.04917085578922248,-0.08668300781105932,0.038578861195493905,0.0810046138709195,0.024240037076092315,-0.04411556898137097,-0.0104244708663876,0.04009516773514265,-0.1329660022144405,-0.04166780287068199,-0.053267360263751416,0.05824426565799545,0.013537479916774977,-0.02239783436462317,0.005713948975180075,0.11909345014478087,0.033684147772397886,0.03056709454804794,0.007922131224139893,0.04855124526110201,-0.009255445584712734,0.032078190782003656,0.0285903733228374,-0.0360814854906457,0.031393634722005445,0.050853839530785296,0.006570647472295883,-0.03838838951343229,-0.022315519110395005,0.01651360810245142,-0.02010009783992307,-0.04292698558252487,0.02058180823881908,0.044439791598835904,-0.03129827206490545,0.04758625715524449,0.0013636984661054134,0.012298636424473394,-0.002282722913184114,-0.06217241981978262,-0.003334037769445113,-0.01673800934955209,-0.02032544508927087,0.03384622004286224,0.07473281973706476,0.02486289371336888,0.00023836299559718536,0.026411097139763882,0.05530048969152521,0.010023922172891012,0.02003113645010621,0.07134564453418248,-0.021001352991805847,-0.010493564423335246,-0.06276750005686368,0.06411353752901743,0.013159588100710445,0.060737072954196135,0.052189545765831076,0.013453464766332244,-0.02349397680786235,0.012185265038355743,0.06123504241702925,0.04693520590028672,-0.03704412757603373,-0.07401522716531983,0.023662149235588275,-0.021701987355255477,-0.005981681957151304,-0.02701499379272087,-0.15356922809231963,0.018711921334827186,-0.018037190464817505,0.03791627983335273,-0.0076641119397103,-0.036257530788429373,-0.10224173069078668,0.023355202028125945,-0.09519028357127816,-0.09689896567160398,0.023015504352147022,0.04780619810106918,-0.03963954965456041,0.05128976230980189,0.0042611205015096205,-0.006750079340115443,0.02016120351401481,-0.003915988963744376,0.08052871561715125,0.021683499278364732,0.00512499303540272,0.04704606221255669,0.009025111391012421,0.04286757616150575,0.044714014497163904,-0.041089108805025996,0.008761475597411248,-0.0590259521426246,0.03995341126336462,0.09523175695015877,-0.02360511914040757,-0.05820028475950762,-0.12478753491081652,-0.10464816003894316,-0.03671585321257504,0.08200937026664801,0.2597049085251447,-0.35099298045514926,0.06594823552726142,-0.07733201998460934,-0.08185303292107714,-0.3921861421265634
AA4,0.011360067785353438,-0.00770516910551385,0.044638007969885846,0.012736475319194257,0.009793907646546066,-0.041395108068731284,0.00213559117976901,0.019364079848326842,0.027109953602877428,-0.011573470535646946,-0.025063268132703032,-0.03606654330394004,0.00931638127174204,0.06458101094346066,0.011723269214225769,-0.012288764107547062,-0.013524811851285528,0.024503102205377027,0.00984313807167358,0.06193209389623537,0.00804037063670999,-0.003215996871930376,0.01737872981300541,0.034742753678358385,-0.005557867039762636,0.04920866985835753,-0.03282473643990283,-0.0660116828573889,-0.006142257305582858,0.025712469572729164,0.0204077271356567,0.021639540572447026,-0.010441544457532394,-0.004838485802711043,0.022514281150573495,-0.05590186356102772,-0.054519611778082046,-0.03216065661348275,0.027159483283559594,0.03558421598121774,-0.007993103010785615,0.0023285767736283504,0.04905464797303146,0.029677513943778426,-0.01492887705784844,-0.0067558295139958455,-0.001406324781743967,-0.01257663263415198,0.045468913817849795,-0.006388859986502123,-0.016273841095354624,0.04222455423071926,0.03708611388309727,0.0007563152909647716,-0.03628117258277965,-0.015313097784214653,0.03871833207461128,-0.04892753030651527,-0.03231058144196939,0.0292079384592374,0.006762054233159004,0.002848011585424329,-0.022768649846228874,0.008985493806982724,0.01085745815603437,0.005102986101238298,-0.001961390128003212,-0.004025958799048147,-0.03669151749159141,0.019883920197991872,0.04045144750908953,0.036451762013815836,-0.003752662164936082,0.008506562972877276,0.015766142872754425,0.045334099693538986,0.015627290743757644,0.025013564368458932,-0.006583252094242,-0.032848169081240185,0.05265877447096429,-0.01874285737572216,0.01314244704584142,-0.043717296880730144,0.04371999400758667,0.023288655743289796,0.018593105361472986,-0.013777569738580601,-0.033082568144014154,0.04113638405958066,-0.008506556868125558,-0.024269681184618717,-0.015943002449463964,0.023254100975606876,-0.04399185996055507,-0.011690750028102931,-0.0025327983283463546,-0.060796546190510614,0.024625966016636334,-0.021273171705503566,0.0025010468385106574,-0.00791814119327248,0.02413235547428745,-0.001864117022369881,0.03114270933082981,-0.03935445671012151,-0.02227954659451574,0.02144055111152531,-0.017408969320407672,-0.05631544261555375,0.06283473945622892,-0.007192901484552176,0.0029057896158575635,0.050141732865697994,-0.0013234083833031148,0.026244404464973798,0.03962467871122049,0.011314763145593511,-0.024510423541075233,-0.0022746798924310097,-0.0062419516570277655,0.01655541973825796,-0.04678015675246273,0.0672461560642766,-0.011610132827201981,0.05567722602620211,0.0028527298942673364,-0.0220351344498302,-0.08309430558599028,-0.011095262693166555,-0.017352607250947668,0.004697024328303768,0.006214148893756626,-0.1179206064683689,0.05749457541374886,-0.30102075896026675,0.08138023370287675,-0.15247381367242932,0.2932935536964947
CBM13,-0.05915157053328387,0.003071062095941639,0.00985679324667519,0.049829048662928775,-0.005245970692216534,0.04563704204020935,0.102421300428132,0.11306090572210376,0.07485466409338709,0.05019378600917718,0.1835906312161465,-0.018919327130424015,-0.025613243120488398,0.06439396344557319,-0.032730816633551374,0.004213427343661466,0.005732724559603979,0.11530755787573527,-0.10499957237171155,0.013831535828077257,0.12520493001253652,0.029746706550382373,0.014635733722962944,-0.1642407166199741,0.0028446926615340227,-0.08318517217333513,-0.010891992287693298,0.04147010282023805,0.04815831422483386,-0.10411069656652154,-0.10156637714252377,0.16693700847957937,0.1037673839116803,-0.02917444931437662,-0.02283199502052172,0.09501150301797251,-0.0986831250489917,0.05335847806027391,-0.044079895104044114,-0.1596674410331349,0.1760069332104386,-0.136929241339395,-0.005182219176577729,0.20592648457943263,-0.06539699698933617,-0.0033660118638602888,0.048909498227710395,0.20642572987845179,-0.028727703213735734,-0.03838202776069781,0.13794744897150396,-0.04825570076872677,0.13513354268785874,0.09097002722840672,0.11458123582419281,-0.1348172024036745,0.009446425693513845,0.025575003270952197,0.05642643809275441,-0.06304948626399404,0.12935619035354973,-0.044927503103738685,0.10143615293445282,-0.16609104061651345,-0.08351910637366083,-0.02797383344302446,0.04501597372646507,-0.06896653704060837,0.03720338062863028,0.14772565416353484,0.2853216424678651,-0.07347369065789675,-0.19391521022976363,-0.09438529922728998,0.06360051833024695,0.08072448469682673,-0.011265406545918588,-0.03325043384516451,0.1302741637328934,-0.09342524449201665,-0.14116798830427071,-0.04596161615754813,0.03642466017595179,-0.0973428466038165,-0.0028755999732855966,-0.008901310559049185,0.08887164017454233,0.12907605564922803,0.09655682422792415,0.098858522035948,-0.10562112507038442,-0.13191008794961792,0.011592816335822086,0.09983125358757045,0.08842163671444687,-0.058371849123174356,0.15805177776748494,0.16942182068274467,0.12000373783390779,0.027081933707528857,-0.06668421541115153,0.008601632631698929,0.06334595030112462,-0.0193383231472228,0.12291069749319977,-0.1199343413958953,-0.08983411524477072,-0.19000348964441346,-0.0843597053869681,-0.0858057705396907,-0.17264247534903657,0.022715372724956086,0.12167402821561954,-0.017629465924958072,-0.1438022432917285,-0.017598919791988746,0.06916679584640152,0.00511620338201118,-0.07362119485942123,0.082385794195757,-0.04686899332834601,-0.018126855564850282,0.059551199331428474,0.02288525946494053,-0.1489924027059799,0.03421821067851583,-0.02716811937736682,0.052686649848267125,0.04025005350408054,0.08126551764466755,0.07792265214017959,-0.031368109007573704,-0.08136366347340432,0.24705050283436406,0.2541857890376555,0.04264423564034219,0.13031418320943666,-0.239234061831586,-0.07310923567820919
CBM2,-0.07104015105656127,0.03679573747376637,-0.011141080963804971,-0.029711621142664697,0.035400750909741374,0.04662742753992935,0.01468342855046928,0.013458875649899527,0.013043188636228383,0.07191528309231615,0.01782952735812289,0.05922248142329886,-0.0459628883475173,-0.03277279242803315,-0.016463800709748535,0.08137968936626806,-0.0042429474499441865,0.04701111996656938,0.006514906122335172,-0.1182446001527284,-0.016794898664047896,0.16293089201979802,-0.02778442960395326,-0.17471776292142221,-0.009462995512040741,-0.11407739046916332,-0.03405659308823623,0.15018866212316573,-0.023227811475297646,-0.1309869306678717,-0.05269682643078327,-0.05252602911322854,0.06954891722335446,-0.18447661766308826,0.041754018134037736,0.004221429095404511,-0.02046166307715494,0.0013389063289077898,-0.08126169156278086,-0.06904213406117214,-0.013396765625410902,0.061794752579785665,-0.04936267829123691,0.08630329280609615,-0.034260176752063366,-0.05603062620206859,0.1373179764672364,-0.0716046222385709,-0.1403540064483653,0.05414564437879804,-0.01780637950180639,-0.05551018324664794,-0.04271128199447188,-0.06288803756107171,0.1078702110654591,0.06480656300116669,0.052672431196812294,0.025609613696670742,0.02206813309809118,0.006492672834778861,0.12873507805762052,0.1098639875015308,-0.025431622623649005,0.057387210438116024,-0.008354968991186153,-0.057838316459793974,-0.00524468102707202,-0.12386090105576256,0.06587187307442609,0.07398011302010497,-0.04434613694515918,-0.02572041184493663,0.018807771788267764,0.09226457236152996,0.010874832701286053,-0.025005159091430286,0.07675368008970003,0.03596205732645296,0.09280395176033174,-0.044991234078516455,-0.018440188914815615,-0.10995438730203515,-0.08876800107342865,0.03151410482850457,0.020927059503424716,-0.18153604267887632,0.08824723686826713,-0.12302046678280087,0.025106790633206994,-0.1037285468603815,-0.0794439741795487,0.0130638488076616,-0.064999198091144,0.03055249123365375,-0.12866410215182184,0.03998304625859954,-0.04477267091517434,0.0539081649203807,0.0431222893064059,-0.0225913425539387,0.06864294650717445,-0.02585670048098687,0.023073910386639186,-0.0034190605666377374,0.02159370928979137,0.038820793789143,0.08182401705139694,-0.0682661605946078,0.0021748640117577977,0.05682363925191454,-0.014934038122811456,0.08073824050129555,0.020191430315537964,-0.017911168864987344,0.01581614379513188,-0.08763840845721795,-0.12228388363711144,-0.004068898707915878,0.001711906970773583,-0.10697846658516744,0.14751596280211465,-0.028794852434972033,0.14530657274992897,0.0369425848116666,-0.09983762962070929,-0.1663178849680523,0.029742754138236113,0.05365181684779739,0.07339872833562393,-0.07431174343542367,-0.0009155907753067042,0.08447273439779622,-0.17289094757415585,-0.05294857422588377,0.01733600665232451,0.16670802377152544,-0.08217330180424959,-0.2641124014652792,-0.05207767263081111
CBM20,0.006179771090018659,0.007790607839310711,-0.028087072644121396,-0.003443687115957438,-0.01283070691552325,-0.0012576491705732227,-0.013361543810459767,0.005111231598850683,-0.018209026560750387,0.003948124183454417,0.0017988847325777432,0.011037205535235782,-0.015435969953262426,0.005609110774746513,-0.014087444016951493,0.002878382714372979,0.007111477872373569,-0.03462710348279018,-0.009249633991845073,-0.023184434483195834,-0.002684754062861351,0.005730519831475597,-0.01887605246556481,0.020105461225129347,0.012170912045094257,-0.0075279485721739805,0.005626827170487843,0.03504529146985714,-0.0013383039123632371,-0.036558082489381714,-0.021083273235019115,-0.022859039541424285,-0.017028921056245504,-0.013893469079399597,-0.001157838783099841,0.006735160963154981,0.015598573753903663,0.01633238338103076,-0.028264737087775212,0.0005693792784812526,0.002875894671719163,-0.002596357921202805,-0.017349012168762563,-0.012509232744272026,0.03514293116543804,-0.008425558896999754,-0.01962121546294458,0.0016107940536860413,-0.013292395889911417,0.01676957067448751,0.00560433000206195,-0.02036216915857348,0.004379432622875508,0.015839522039091697,0.020278619591538625,-0.0119622626407593,-0.01902689461994807,0.019066432024078032,0.00682420108554159,0.01118716739940102,0.0028048276587996435,0.0008726650662074852,0.013576327279335844,0.01863518678436204,-0.01923231026766204,-0.006741060769419592,-0.013629565906904935,-0.0029109687313070985,0.010253261591546162,-0.008361838429624216,-0.006649546525579772,0.009179646995306733,-0.006943570928160143,-0.0015790543581854519,-0.00032927324295616315,0.0009385372814525668,-0.004422048911797421,-0.0037965587632805262,-0.018644849684260795,0.040460772378152605,-0.00019559593877634083,4.454069959522619e-05,0.025497525320709587,0.02272190694138995,-0.014727872512486142,-0.02074004159053337,0.005656201339496931,0.005278022704150504,0.015468564180057499,-0.03541411422495849,-0.00871000295732722,0.0040301395011787715,0.004727459111568416,-0.005950802923016257,0.019958118583820295,0.026435105685674375,-0.00907738959535864,0.02933096854883293,-0.021531757378719214,0.01095073408167523,-0.03240217785128535,-0.00315569862881765,-0.0003637709520584465,-0.031660465651306084,-0.018472697356235485,-0.012282961195187765,-0.003927569618526682,-0.0006224897119396189,0.0197785740738126,0.004707065703461175,-0.01013307251941522,0.024212064416964815,-0.0035993945383041097,0.009216400355143626,0.002373208550783809,0.011443033454225628,-0.01870236024394294,0.005724019505953663,0.017130979320918716,-0.023668765717531817,0.02162186232011218,-0.02492465773479347,0.00019198440379410254,-0.011029683933204635,-0.010175321958961613,0.008271401709803224,0.003963419446186994,-0.03738236630727967,0.02625098627834004,0.023657771892744126,-0.040135040595862106,0.02314742744732791,-0.06621931161525184,0.29292721367604213,0.003828156111982661,0.2987354117673578,0.11061420120811583,-0.11380788283187526,0.03582562747820549
CBM24,0.02732456438530972,-0.04586383838112195,0.0003301149348480485,0.004830743035128955,-0.07902810069247387,-0.18045405387955654,-0.007066382731109408,0.18934024379696135,0.0013107235206770605,0.1396238322782581,-0.002047872969966484,-0.17901826077870023,-0.06622340325606617,-0.018978202081142623,0.04363185770638703,0.07094642596801393,0.11434513855085296,-0.06951825305938225,-0.0975423112498906,-0.02036957162232371,0.14390681965761176,0.07328003678745176,-0.05145405071934033,-0.05024521874611622,-0.10764801393061808,0.022976976218550507,-0.04993040492962974,-0.08330014812200597,-0.11770106650921917,0.009946616410280613,0.2556016745190016,0.1852665093588217,-0.02090205202194596,-0.04979566560015199,0.21147435066650305,0.1509372803335515,-0.044677013197402145,0.24890352916920008,0.17310198835878798,0.11176525133355811,0.017625880593970248,0.08516576075232267,0.09971542729086384,-0.06290384473692213,-0.014012025630421409,-0.024843510543812328,0.11971073253654875,0.056786677228208265,-0.05779022341823176,0.046040900831399105,-0.11007931702313667,0.17156712679974806,-0.17878157889535096,0.09531525838202011,-0.17500801098531382,0.011528879492036997,-0.15680757846576937,0.04623176102221416,-0.10899479698334806,-0.06976185794843758,0.046733801942158405,-0.06745256644693264,0.13683965310672866,0.02083820266090692,-0.10008335592461022,0.09623793138292513,0.11668235010664463,-0.22236926513881483,0.032309205033493646,-0.04425492984193708,-0.023611085574560715,0.18505430756789312,0.17952804578050213,0.056041244896709905,0.028019641410761353,0.09226623624015445,-0.01886994243372933,-0.025057032335727553,0.1416748541506175,0.04719649035014512,0.0896112586839869,-0.22746536549526872,0.14859019752742983,-0.06604391010077011,0.1666097508822679,0.02008479904791691,0.2502319770046778,0.15891178456027336,0.013746786216254803,-0.2363737686134389,0.125687992081578,-0.10008391808136989,-0.03762735162722036,-0.05631377748310021,0.27395303804860305,-0.30983398461187156,-0.03788645770352003,0.1276383093963127,0.10785439701141633,-0.22419344218719808,0.3101249080822572,-0.055129263550977664,-0.02178097139181936,-0.009924113731857226,0.1348989265768694,0.1336701633891265,-0.10032703707533587,0.0670249310222581,-0.011455823533424269,-0.12970696765937614,-0.0863267042400196,0.022572457789662798,-0.05325210925144099,0.016022078677456003,-0.1781208488394172,-0.16586345324986307,0.17535302956051343,-0.19280068721465768,0.08838701209973406,-0.022282513848407497,-0.06502004712278663,-0.015134042691561107,0.06875041473966731,-0.017190694357756813,0.0674275979238067,0.07496535033401241,-0.02282700169913826,0.01093338711095223,-0.037250741269749046,-0.1468270642798339,-0.057640796479860174,0.0528129519375932,-0.0007137774934281545,0.2924955697570372,-0.2228717239903873,-0.3022335286063684,-0.28216332586826626,-0.1272125661321101,0.1339338009879299
CBM26,-0.09236525177678968,-0.11384470417166713,-0.07209199553711124,0.028222524805296616,-0.14456242332739816,-0.08409084376225714,-0.1678464625625462,0.08717640916781723,0.050803074203941395,0.06602554462849432,-0.09857832058031096,-0.04313984334728236,0.16272141643708335,0.007184481694062964,0.04857639572787921,0.046753485990687,-0.01914167134672597,-0.0037262443546345627,0.060841562678109216,-0.007997154961989111,-0.0662188954116428,0.03297444074309847,0.16518212432142912,0.024669102827033915,-0.05252436702938898,0.03163193722588454,-0.06640904252968555,0.042976270387574414,0.10656613638549353,-0.09030756341296817,-0.18048457624317754,-0.06791565976741333,-0.030745477196366444,-0.09509844227473373,-0.018466965264413694,-0.15271681568715967,0.07021687887163408,0.10998778561821629,0.07172116687563442,0.06612773650624737,0.07645807537272725,0.056312775853316455,0.031454429035166986,0.022297479301243192,0.19385720288924482,0.0542274798306267,0.04298722489910891,0.05293637659892843,-0.009293909511820202,0.06825182660808196,0.14889657733669895,0.00035938459591744145,-0.010223633781268006,0.09494204903643086,0.02707463067749907,-0.02763088295967585,0.0140346629558504,0.03138472611708429,0.07428824116080414,-0.06019853147741129,-0.015752236680715414,0.031248018581226975,0.15825992087651422,0.0059472455649926806,0.010003825439012464,-0.009739883182526986,-0.009354303328464498,-0.04230048015872681,0.06670858021220205,0.139122166867674,0.044186221291907433,-0.013093154684926262,0.08076649754919066,0.06801105804864202,0.04319086692934026,0.0527366764489211,-0.010175507795352624,0.19718259174575933,0.04180474195321788,-0.07288208829373481,0.0702481324179028,0.039916439689881456,0.08673752967833338,-0.06884262686402152,0.10434541028079894,0.0238492398281486,-0.06931351512083019,-0.025731886995494346,-0.068391948880136,-0.08341208849140426,0.015410663941758333,0.1588912080736409,0.006600503599494057,0.12419252333129077,-0.07895385792408637,-0.11242987266501885,0.14366393861871332,-0.13910476245379935,-0.1728249390389066,-0.12718813465702217,-0.0006631229427958125,-0.12737554616275307,0.048218329480190524,-0.11525832176420213,-0.10376064623462807,0.1142927245338554,-0.0831356035634479,0.09149331178695305,-0.03133728861506239,-0.06957927996008693,0.018317859309972248,-0.0760275776528245,-0.03407447766586175,-0.013419073548993282,0.0773510419573412,0.11699539317177024,-0.05404823373734071,0.07527824475214406,0.05549654861942815,-0.03477166940376342,0.003133146105548219,-0.013857060349960015,-0.0053161877926736385,-0.0954207507391013,0.019585734656976023,-0.12401464473440678,0.1564574066943564,0.07618899487945847,-0.04765427380172095,-0.08943452525754601,-0.022822333382064686,-0.03433111060036015,-0.08583095554729661,0.01566233726992822,-0.047550161957531804,0.012212758120436557,-0.010911409751100788,0.2577103254474708,0.0005909169361907948
CBM32,0.011577627535208431,-0.006152612830445675,0.02387230428472674,0.010122234439158748,0.01863193186949319,-0.029151575699313367,0.01270913394083564,-0.007141866532705917,0.013782998593849762,-0.000785300688741358,-0.0015161486347664418,-0.008992491784986449,0.00662928053727566,0.029268366337139504,-0.005631446171046373,-0.00029455877400635716,-0.013622859435726605,0.031206643323623107,0.017364415888932738,0.012547240803723046,0.0013653654073964526,0.002920532611402721,0.02287178873481646,0.03254637059966213,-0.005730117727012658,0.01898034285192245,-0.029213988083757685,-0.03792727632782019,-0.002253354453493411,0.03663303146161043,0.012399361645012107,0.033197119840295296,-0.00884213307959129,0.01084390197167796,-0.008490536084679043,-0.008211033760457993,-0.019135618258633143,-0.004610283705839964,0.04504429559192122,0.012802075828822652,0.021930807507524002,-0.0010988892719410827,0.037878217439977005,0.01910503461375836,-0.013387618498284556,0.0010223181574126369,0.010593762004284439,-0.003202519479376549,0.019803008014041806,-0.008622742178430384,-0.01566080340692335,0.02134102098007633,0.03949354842711668,-0.00046616540577483235,-0.02600935515215697,-0.0034687379635372816,0.017683941407481918,-0.03510886252526546,-0.013491578132918862,0.004687329631621159,0.03539225355172294,0.001711178168390767,-0.0290534061480953,-0.013178823753605708,-0.012517097611807113,0.007690174122642899,-0.010687292049043725,-0.012244054663829098,-0.015061254977606839,0.022144175286306137,0.01724699282706605,0.0014035452484278588,0.012113796654972392,0.034410050224079794,0.01624449710702303,0.0045039674580185625,0.0004704887076533518,0.012528482094942261,-0.004087693822629739,-0.021494680524181926,0.012371685632995644,0.0018454998606451786,0.013088476935828843,-0.008231022117649802,0.006134565930982102,-0.02602155110632384,-0.0010716096137812566,-0.005040899397292715,-0.027375320102367668,0.052743817744329534,0.012250998327441906,-0.03007621713086147,-0.0075315659635845555,0.024318743019440963,-0.02177678776005381,-0.004977198532189366,0.002562512654393358,-0.01531686077919347,0.033409293764416065,-0.01548601218874634,0.0021691053396172798,-0.02674691377273849,-0.002891649796715657,0.02798063549556508,0.004192308293717451,0.002087654756891225,-0.02913279204677447,0.013220117563587756,-0.008317539118967134,-0.02988988255296314,0.04948246957792768,-0.02570207531627988,0.008819886037357498,0.03261127688103577,-0.05026887299685624,-0.009367089821135294,0.028349794095546416,0.018559555134911327,-0.025241663286883195,-0.02914476310021939,-0.03158693857153007,0.021608212524546064,-0.01583638674617637,0.013459456834152199,0.0011177588177678078,-0.01289600899168033,0.013756283525087263,0.007329793209259848,-0.08214816227754852,-0.026828193445464908,0.007784074255065266,-0.011560066790389598,0.03982142821280977,0.16394187904483493,0.3433765155368066,-0.34143463764517684,-0.10324285606373952,-0.03919553768827602,-0.11552907404076432
CBM34,-0.003891525720960415,-0.0235771448946087,0.02145701450549763,-0.027177060470714963,0.01812838584348551,0.11625366596134412,0.02937202728364069,0.03145808863943331,-0.07977329192965345,0.10455313719975858,-0.04586679386780362,-0.04337970535607154,0.0400968275688994,0.026961690879455432,0.021459415425297095,-0.049072396589048974,0.055642302506185085,-0.031381757935272196,-0.0320441075361707,-0.04727409518215459,0.009610226041037881,0.04456481305210186,-0.012899457992311642,-0.035477619223004755,0.0003309332887048818,-0.061475608108906794,0.06288821633951522,0.05140855999852583,-0.055162798149335175,-0.022024346124625692,-0.015141106145222958,-0.05840623431793882,0.11363173389919047,-0.062148237823612014,0.012785560984393814,0.06257027541414516,0.05106754578453617,-0.03135698708488726,-0.07991510090287528,-0.017827041571425974,7.627798046184096e-05,-0.09588099497148028,0.008610252203639389,-0.03784655437681945,-0.017794562675872313,-0.047821693470839303,-0.14666070550609828,0.15961767021908382,0.02279332602491919,0.00585069809451851,0.0571424801743893,0.031904057290004235,-0.10256877382018588,0.048143870706065496,-0.01727218962007871,-0.04405298625047985,0.042283534732937895,0.02085703585245484,0.06338994801780047,-0.022786127365599602,-0.007573516697756424,0.0352909459666942,0.1547089228927083,0.02465859422154433,0.0807373544935499,-0.10451499179745924,-0.06365416221944092,0.007919434611167892,0.062485330194791244,-0.045287482168123214,-0.06394935166242734,-0.03974607419908171,0.19505228832676197,0.018302165895058446,-0.05026475105388269,0.04728905695292868,-0.047948244731416574,0.08316530444896265,-0.05806011337954675,-0.09135080070656859,0.06060989784031447,-0.07265668049547284,-0.0008740927946400864,0.0739579036876538,0.046596860947757154,-0.051390451361325494,-0.018136892117353517,-0.03343753275192708,0.05443415056037211,0.013392334711025486,0.022340363056259725,0.0638880088361026,0.07003401970039996,-0.003912661636714465,0.15990061318290688,-0.00246269338354166,-0.1465556821407339,-0.009470114417734701,-0.07666646541115149,0.09642810380490521,0.07643494580565746,0.07312588021414441,0.04214774478496259,0.04845155988501558,-0.021816897853192185,-0.08909962466455165,0.004054078513527791,-0.035164908865329865,-0.008501502713764954,0.09621480926725104,-0.1156699993670793,0.09454298124303927,0.025563875164430122,-0.04769187596331948,0.01075978907854292,-0.015055451211766685,-0.04589463255314248,0.030422070475485865,0.006013883754041346,-0.0019824229554203762,-0.15053273930611533,-0.08223000693079394,-0.06115003923333152,-0.1313187795019345,0.06547140026503113,0.03479478894589461,-0.06942068346275815,0.045446317549095026,0.02459465531167149,0.0005651056610645382,0.0038003148465367825,0.0014230751013203232,0.0031713362323849536,0.2537953007304242,0.14078810909465736,0.26692383699313377,-0.31866504470413787,-0.4367029833384362,-0.056326590937910495
CBM35,0.15572658539695514,0.184498201760023,0.1646743534498494,-0.056914054137354765,0.021978397367113524,-0.04249391455948599,0.21489791299745084,-0.16436916636124738,-0.07989967753939631,0.04769774595965536,0.034930391933051336,-0.15734157254268094,-0.24564423855989578,-0.1293923568113751,-0.2652328067213234,-0.001276292416656071,0.1273420013850979,0.03836082407909824,-0.13599124157195963,0.09207488001381128,-0.04486382722541809,0.10082046608980916,-0.06284917604392094,0.13377469114527246,-0.0023797430731268255,0.019134807874740076,0.012425790864281645,-0.17448243342350214,-0.22950449541570864,0.043780931162042264,-0.10867187472640111,0.11368211406370445,-0.06454328829706232,0.17135743819715354,-0.04394490135164688,0.11168796309680643,-0.1442519505305232,0.04860631271643801,0.07124784297117115,-0.004440295654359985,-0.12645773760353954,-0.008686337617930475,-0.08972397198740657,0.004172459102826737,-0.1192961196809288,0.028066632837800195,-0.0887752653859633,0.0184460807558106,0.04087224661405276,0.06235418495537825,0.08147492675526921,-0.006995797576876141,0.13855468126443515,-0.10622571714533446,0.02088564261736161,0.01621664557051263,-0.007188003413751341,0.057991776584481944,-0.03437123534232182,0.011320162461108651,-0.19207424511394955,-0.08480886189388886,-0.046372266927786926,0.10531500584388952,-0.03984645417080511,0.11668246178554614,0.028062322882653333,-0.18600049843329658,-0.08111797809403744,-0.06343842913128131,0.10254780873447408,-0.043078337792982486,0.08251652183964685,0.11608287693069066,0.187969654915249,0.12239548378513629,-0.07667266021352372,0.08336118823169335,-0.13130085294240695,-0.03908322589693442,0.012044020278366268,-0.014853815324728237,-0.14349277420671888,-0.033573706154470084,-0.07877892621339097,0.09014286296020585,-0.07981180517135104,-0.15525446734248247,0.02938792074522444,0.07452944734462948,0.024141948832691072,-0.20163198426131243,0.011097334637447479,0.0666744671126901,0.0709416699348823,0.13796926634591708,0.1199554041786085,-0.18855197033153243,0.04128708181170771,-0.12354321906157398,-0.149426363776052,-0.015879546163847444,0.0037467843230905833,0.07771018337411212,-0.13747703492012517,-0.024759398124743284,-0.1393269891936836,-0.03985782331995435,0.06443285274432779,0.0641686707864824,-0.09969579893644853,-0.0921572636579506,-0.02638076002269547,0.001218634875599502,-0.07738567910530157,0.02555784271165137,-0.03715662544952527,-0.06167372789095865,0.14296827983293783,0.18539809408498875,-0.07053277961256048,-0.08155957507759803,-0.17186374549647676,-0.07191462963107406,-0.035295854462774744,0.011146378429939081,-0.05619537442527455,0.02687467747121907,0.07749434257010865,-0.023163462919638198,0.24380399155116067,0.12296321697484942,-0.1114629939557832,0.08544547585066035,-0.006645541513947558,0.10646104517415551,-0.07113533664914161,-0.16442923595759845,0.3205320738567498
CBM38,0.12383098419937574,0.0025987424506018885,-0.09555322768389067,-0.11379458826676149,0.1346249470692282,-0.13557292342572994,0.04371948922103883,-0.04155308675604681,-0.032623894410878956,0.014185297968792724,-0.09213061164795489,0.17930015897169932,-0.033206779154687026,0.11594380135097712,-0.1094190798748815,0.021666660620302182,0.18208864214156892,-0.14004636967710335,-0.12962863630890864,0.0012325772364376526,0.20630960865007988,0.04947840253275831,-0.06211849842883719,0.21194398841062922,0.028433119203864012,-0.1054669787568445,-0.12395005644647959,0.10537559190967505,-0.03016539136026454,-0.009611825436722609,-0.03777251719083202,-0.1874364407467058,-0.057199132071432096,0.06099820705760137,0.08224176416560373,0.018058715756561698,0.05269875314784055,-0.05139941913757083,0.09692976320794912,0.057796693872142466,0.09080726927986188,-0.07396214895771912,0.0015419039323135361,-0.04841393680277106,-0.03760419350906639,0.0541491264611807,-0.09002149780966925,0.1417091455298691,0.014721534734589764,-0.07673666735837421,-0.08616692986791732,0.006187721936396803,-0.08491748657220163,0.04994375159429541,0.10699316003454334,0.053087189352917286,0.11082821264390495,-0.0329311777478385,-0.040119983408379044,-0.01631554579779644,0.0941232995625862,0.030223068725457602,-0.0786486489093646,0.04672870969476506,0.017457643829437368,-0.04133407315742868,-0.17693998664088728,-0.02573852732580409,0.090687877182276,-0.10013643456489785,-0.024685755271477098,0.03561353389219107,0.05677201220710292,0.060780344836027206,0.0928068948762543,0.03998068220040974,0.016051886583538223,-0.013112410034435468,0.10913004628738511,0.03950084549188838,-0.0438814290516452,-0.04916147011684585,-0.03548939322328711,0.07508847682046345,0.17086992989536176,0.08275947939525323,0.07941460787194195,-0.002663292358176009,0.16547953654411732,-0.018010449165759716,-0.07509983500584998,0.12645564458447697,0.0013228987378168828,0.029306304585164356,0.1043813900841554,-0.03483315679348054,0.02258921992585236,0.06124987113995592,0.035757294978491345,-0.011376172085926044,-0.0015142125144949677,0.11586991536714804,0.042470469471408964,0.010142252112061533,-0.0045678681722350475,-0.004237769543520898,0.19020646165788005,-0.06448674884829207,0.0020095521566144566,0.20412092786608688,0.0006758664812519524,0.02968361162992838,0.11237799668591848,-0.09045151204506117,0.20650746145058865,-0.0006365473246780911,0.02754679749613966,-0.006572325329033223,-0.1750494671390509,0.08822757920851138,0.015824867235774278,0.10059229502909668,0.182450566326988,0.011478823665421854,-0.0014932097641617071,-0.06086160312112373,0.11475022590133588,-0.09515076155169794,0.038570397535435556,0.016984321010920376,0.12135976709403407,0.156742654959816,-0.036130440973892564,-0.2647049816861654,-0.16796579985043103,-0.06414782274780731,-0.39013907411268683,-0.23687568478329907,-0.2819429413558187
CBM4,-0.009783385878683304,0.08457237099100302,-0.06572567039294229,0.07101388299058253,0.06676012071902601,-0.04506697315256087,0.05724069214678805,-0.08656406476345438,0.00287310008502587,0.016282332492796616,-0.056169844887655175,0.010118745249156841,-0.062247562979227844,-0.010517026631999068,-0.051020191462831994,0.019065512456352553,0.034294234333805934,0.05505797608975863,-0.09883059331670109,-0.033726051777565165,-0.0028492766742081715,0.013772708055794308,0.05520189434775983,0.0468088405249755,-0.14617680179300846,-0.08024994196739735,0.003645409268179674,0.035185239335305075,0.11810365944794826,-0.06401684999011187,-0.03901089184162214,-0.07778183007235986,-0.07832138498455356,0.035626991167303924,0.004412752886352518,0.03428977602844978,0.061134709609172076,-0.04095767189407079,0.09801718919473218,-0.049166281475039215,0.09317266251955683,0.07385306372598478,-0.0966422012144047,0.08944927934479623,-0.06191147851616496,-0.012704928392928068,0.12505703586678368,0.07729945351694816,0.008366951042074702,-0.1494306552967203,-0.032025637525611335,0.000569900921178537,0.007212329141899325,-0.08235345493961241,0.015400586760633736,-0.04999267789515072,0.00680697008386763,0.0754528808901645,0.07638939735247285,-0.054733423939559545,-0.03251482962086294,-0.054327250677886074,-0.10277482667213415,-0.054937629552043406,0.016635689644500743,0.057537989928047886,0.00046019050349587804,0.030944168538312066,-0.053815343117692975,0.007427232496363854,0.06348707400011543,-0.036481927659085506,0.010719870056171671,-0.06532375168983601,0.06508873960363336,-0.15989333284223878,-0.006750879555425794,-0.010664414949904666,0.01747628142799054,-0.10856310087152872,-0.00400081368896155,0.01652551808645956,-0.03177896797098576,0.003918384438200722,-0.051277834728465276,0.03792356802705811,0.02929798983623574,0.08985129277592652,0.05265309486695979,-0.008139688922725893,0.05230639247265951,0.07052855936355736,0.11640313524632825,0.08224138348326303,-0.04750564221561114,-0.027880376511245933,0.08934706314390481,-0.005826292199117877,0.13827110624666666,0.02405830183827893,0.0015327133797728059,0.023554373097712158,-0.0019623786515782764,-0.09399965322095322,0.0971761309437789,0.039107768510427694,-0.07071079811082415,0.04743515229917574,0.10310548477497489,-0.06717731848734355,0.007702550844205409,-0.017262855104932213,-0.025730037740254962,0.0211033722105467,0.022736433150729922,0.03387199675401996,-0.0919666836422542,-0.07630472317003906,0.011044251165159337,0.08017519033598486,-0.0003986495954534276,0.01437909828919072,-0.12652822481390927,-0.057313302712034414,-0.11351767711958992,-0.07348411426308946,0.001832034507888179,0.017119640503220585,-0.045514044134610056,0.026702497291334254,-0.024011392760151462,-0.019672416730079325,-0.007887947787651348,0.08049986161056655,-0.46174571993012453,-0.1847803750163958,0.08565556287762931,0.12482642866325204,-0.09912167389817908
CBM40,0.184290618805498,0.24429205861849454,0.19745833617931635,-0.0693415673623287,-0.036578779816467,-0.06915883894404475,0.2636385004034679,0.0008372109148782828,-0.010185902309430062,0.06350543680622803,0.08850524036094935,-0.1149551405881757,-0.23351146700472636,-0.026534938219921346,-0.2640222437876248,-0.1016844520135121,0.21770444028208755,0.023365759291797385,-0.21506045487573058,-0.11187877537929555,-0.04210664503131058,0.11178769788782053,0.03833914750107398,0.08147860889423034,0.015591965711474632,-0.07364925723799078,-0.0174163260305767,-0.2235868244396257,0.1747411070146954,0.0334342791779508,0.15538916323925556,0.12131157315861466,-0.12349777579435514,0.12192566458296568,0.04178891824924414,-0.004068466071518227,-0.0760799510496393,0.020907087318138617,0.11885045143673888,0.12364133583002986,-0.042851179475578954,-0.25945444491647035,-0.032064066142338685,-0.00019717703769195596,-0.006553547224809817,-0.015159885415363318,0.00871558375552726,-0.12745523589661165,0.09881167788028004,0.15215609220358753,0.012998218351529976,0.028061845595505466,0.08575120368448158,-0.07218284819115427,-0.09464470357510046,-0.010162259872497,-0.06989858234708914,0.11384209570841243,-0.0927274359204587,-0.028945876429113736,0.10237640914931934,0.12957000667529517,-0.022527927824839266,0.03571854444246212,-0.025799302766354504,0.013462192757830388,-0.08547415885582081,0.03843594351756269,0.04764016264286048,0.1076264629945852,0.05910645290988416,-0.1278477504917864,0.13967272768392053,0.1834327020506002,0.047929804055248285,0.15381423951638437,-0.15128960072557465,0.035510588883917706,0.13987623526346812,0.12859867602114017,0.10661170520951682,0.2900147297253248,-0.15194062602434982,-0.05769598808562607,0.046115598066101014,-0.0512831599311248,0.03584180244885588,0.035401859597297546,0.1654139232625028,-0.03205065748745626,0.05262597620469767,-0.10479145246009562,0.23258359559459515,-0.04144958002408836,-0.045316805782671145,0.057227033112123106,-0.020922413310127216,-0.01328078231192344,0.14038301569526793,-0.020185273460515647,0.030458395794809853,-0.12425469120161216,-0.015120406720525507,-0.08394701553956234,-0.07257311752324248,0.017256901864104304,0.10939479319499931,0.11606422696396416,-0.01147781250180355,-0.03728050244145338,-0.23814328976451585,-0.10527957040263346,-0.09405683323758209,-0.12863064367997395,0.03450026050775497,0.03704296783232994,-0.16400796053238106,0.07799308610682229,0.08575227800915607,-0.0713570209282839,-0.03251374426105935,-0.10650845702792058,-0.12468003805739061,-0.024141728619109456,0.09830974913420859,0.09577937208117586,0.16622004467175902,-0.048027449600442,0.03229079692344697,-0.16590263590016896,-0.020447241318756127,0.11543395772450188,-0.05536023047608142,-0.1261795442256516,-0.0611237567431334,0.033743471150350667,-0.3042718201341717,-0.049575890864579836,-0.06058253740751733
CBM48,-0.005087565934370588,-0.01379371911097227,-0.01322787187510791,0.0008971150242317936,-0.007514754687883922,0.014418515692872402,-0.022963982278942488,-0.006264733954125714,-0.007672156076706416,0.007802059103263815,0.006075823232585548,0.006171960158523775,0.021138138340974,-0.013294095994001545,0.004785347675266846,-0.00083065925302899,-0.006718056593788974,-0.015347287142767011,0.0036721331735709867,-0.011693373006801374,-0.012108189908017524,0.015620944493129205,0.005251852606192223,-0.003300150823790153,0.02219032392066236,-0.004194794017892381,0.02424914420515344,0.023727537208859964,-0.004245307426778056,0.008153937099280693,0.017003037521514153,-0.024220624105754592,0.00136414518413308,-0.00774728173278744,0.0062200231596553955,0.014958316765647739,0.016356641116731813,0.0019045466238887645,-0.012402440066224572,-0.0035385962941250856,-0.016972223192919824,-0.003788902072538324,-0.016912191675088905,-0.0036537984444490117,0.020777155060012424,0.010692213320889103,-0.004630078647618386,0.006391722084138272,-0.007623685210271854,-0.0032390061038289246,-0.022317466978882386,-0.0009872703285684018,0.003014918510217427,0.010532775032508471,0.014532120465902874,-0.0005448766049947366,-0.011166433140075538,-0.00718795711381424,0.002092850984751618,0.007056574103846162,-0.0012212910997358238,-0.007576773717996223,0.0012257720351446634,-0.001644782058679807,0.005888513025231079,-0.011226181639442065,0.012917188394666376,0.005334603232878894,0.0033321473106563853,0.013013477343757471,-0.011898380670225962,-0.00458779821186677,0.021353282136355338,0.005028582330146254,0.0007996662252442699,-0.006834214421901431,-0.0012459046592546276,-0.00036012682392295395,0.007993080033400954,-0.01053483124840765,-0.004231356702164827,-0.006200909959815612,0.0020222158438582796,-0.0019622421318580855,0.005185018935700773,-0.014072930268583538,0.0036817890105425395,0.004492965004450201,-0.0025157555631403713,-0.006133139734235484,0.00515263014295928,-0.0022739132143126044,-0.010403624841195749,-0.00028216774849633083,0.011510589786395919,0.009855454262274306,-0.005965321757576974,-0.00741167327611754,-0.008693369198220507,0.010158204707352386,0.028650684245742797,-0.011782975064442227,0.008923536619943813,0.028739418829153155,-0.004147597263271301,0.0015085897494785524,-0.007525325798774597,-0.01379142362554901,0.0016810713212424987,0.024029341328340347,-0.006636094389426046,-0.0007578002413674831,-0.01244433451072672,-0.005020375858720483,0.02350933771195716,0.004029869278040798,-0.007808030199305031,0.007856237564324891,0.0339776480723944,0.00555479381109341,0.004195030236723329,-0.010909343680583546,0.003754788629520177,-0.006205903164586332,-0.0020239447187865773,0.014697474294585563,-0.005258120845029368,0.0019654460797982084,0.03528331375095684,0.026659149744970245,0.01733057542106745,-0.006324875975452402,0.0003242865491758971,-0.20640608854841525,0.016262486530147963,-0.13014281061824137,-0.040277339997258764,0.23491690074948832,-0.2174010461461512
CBM50,-0.005171134459327309,0.0012704003172811307,0.00213634975935918,0.0020963037460353722,-0.006107234238454124,-0.006139229427674997,0.004506509742688551,0.0062564427873773336,-0.013464543446790286,0.005310012151059424,-0.0032260268669497207,0.0149058468031999,-0.0010256819600000756,0.013983339866346475,-0.004714351745820876,-0.006043403746381169,0.004484451532093142,0.007938843183275658,-0.004764289553751191,-0.006322310124363344,-0.0016533929855965946,0.004834826785562742,-0.018036211927467804,0.018080183990786976,0.00910285824863304,-0.0049056674327536305,0.0016399030150324278,0.0040183874985728184,-0.0025292833413267097,-0.007029690750112707,-0.004276093978072843,-0.0012102640371069136,-0.011069850217000925,0.006074727499405028,-0.0033022816610580883,0.0038089727475799167,0.005854403097104164,0.006503639930112349,-0.010066078593401124,-0.0023213929071065555,0.011918792294518733,0.0008220945137505918,-0.007476843193196519,0.005946573849965131,-0.003853747241915419,-0.0025463936240173617,-0.005657124244495388,-0.00365014383661069,0.0013997974010432187,-0.0009117943378574444,0.004682036702404456,0.006033152533957201,-0.012559569130341649,0.0018759046230735876,-0.0008879904647562175,0.003413078090840571,-0.0014830688419742153,0.0017097221215445436,0.018758455439641223,0.005607050718151256,0.014989099322774835,-0.004093077463231899,0.01032009520352597,-0.0028476562068180293,-0.020392381702337176,-0.001504343323114398,-0.0076959355524301104,0.0024447104572624867,-0.012145050708065328,-0.006822553077893374,-0.000634029556548854,0.00046659782260086396,-0.0015640481993144859,0.010779458767365182,-0.0032202561875596465,0.020683594488946952,-0.002986000643410302,-0.002362154363340246,-0.001681719785541102,0.011551123587338168,-0.017098545720011352,0.01350853964375862,0.013592123844601657,0.010094514076496933,-0.019073162476061258,-0.0012731541400334682,0.007241909795642183,0.009003913831314271,-0.011130794685390166,-0.004491385393820094,0.00023579145367872017,0.0035244134947895306,-0.009423741838334877,0.003724303069257325,0.005799014740584451,0.007416569756924118,0.0031106861484579023,0.007693913581173812,-0.003969548414098361,-0.0027333622069640466,0.008831452070892701,-0.001621031235360729,-0.0006562356690055842,0.0034103352160940814,-0.012672239876148125,-0.005817752648225969,0.00018403425295666508,-0.0044669349041631945,0.006242031868019429,-0.007389541534739745,-0.006079726456000815,-0.008478351940606902,0.006598306114660702,0.001521892373700275,-0.015034679959670507,0.006607821457274801,-0.006232235080022781,0.0020041438266410632,-0.013432122306053673,0.0009074986424187324,0.00032064809432599914,0.00047569564331994917,-0.005456408800164268,0.0009961573742796573,-0.003583068769745066,-0.002280690182149409,-0.006532574506251574,-0.003214731890834076,-0.007330514820477811,-0.003702101870585146,-0.011860668852339006,0.005963141211305599,0.00017029180993579818,-0.21535079979932722,0.18187210512444618,0.08698092519114384,-0.026093740523630893,-0.18050387287343045,-0.12071589051207081
CBM51,0.039667256352650976,-0.024478637525362563,0.030014310807875137,0.030057371184764262,0.046667548004934285,-0.04385179529076942,0.010677408347889866,-0.00770158406184302,0.027071072986976478,-0.004964050186569343,-0.01264552785239877,-0.005103642985267373,0.010717172160343976,0.010762306978525503,-0.009466667085937094,0.0002462742628741795,-0.006710413958835836,0.007990027271690917,0.012139254274189848,0.015712440137542277,-0.005682055260537873,0.004109752772663861,0.03793692004383975,0.04021533209129785,-0.00860279742685285,0.018241990452389143,-0.022444794071618354,-0.015055538053995418,-0.01191201225454991,0.045020614143270854,0.024434220154702972,0.026420180928180916,0.011783611475104134,0.016948853501013696,0.010505629827149131,-0.03449640488314774,-0.024691240299863623,-0.03771998334543978,0.037178165979299946,0.03324936767522798,0.0005614117134664632,-0.004766525125165592,0.03494066237934368,-0.0014836843609915037,-0.018081345339850542,-0.012982781703138256,0.04353133058427799,-0.011723275472676434,0.023514388530969016,0.0006909032172308137,-0.03258636572482589,0.016121022430112427,0.022365678766352363,-0.006071424271231324,-0.018985840982842252,-0.0204681862072767,0.02987048735921747,-0.03200259087208183,-0.02339028830799324,-0.007179849471034956,0.026357540032279025,-0.004258182025866303,-0.01721139603224769,-0.004245357917050359,-0.0061884894952921885,0.003834644122763178,0.002668841213777943,-0.01109715992085489,0.0005893151116637164,0.013964525002600592,0.01726276337968183,0.018490285418097732,-0.012176179111483469,0.010771860760637986,0.006364151367278175,-0.014279371681945952,0.008402034572720339,0.01686590043339871,-0.004651078028998354,-0.0419762828291644,0.031491200539408626,-0.016891603355946857,-0.01236218697126798,-0.03349680038830456,-0.0018040543276817225,0.012572776114147189,-0.005172709124107517,-0.0032214275334466486,-0.03500279706823428,0.03919444481529917,0.028106774593729872,-0.044805032665994185,0.005667166084744499,0.02096165656119407,-0.02643205208949737,-0.004127733649330498,-0.015702199907359358,-0.04109307764527877,0.021254151154705164,-0.004488498087795821,-0.01789081437412934,-0.02790133829230068,0.01343978176059061,0.012062036914880338,0.012480455246324382,0.006754502826633012,-0.0239232816678038,0.006014267605135076,-0.030850137441535704,-0.004689701686869965,0.04303301357352991,-0.01061668965660308,0.0160594798787899,0.016858440413619263,-0.0022357298219204645,-0.0020122666379060613,0.050571507134033925,0.012452825994552,0.017822414979973316,-0.00022939442783525646,-0.003388502178989213,0.001652038418124358,-0.005468488431555201,0.011772011162424814,-0.004898726389071336,-0.004190278884654009,0.0322998976040949,0.00613191481766622,-0.028030902453598842,-0.01079129945001386,0.010086794238863096,0.0011172981005453462,0.02961626574599654,0.3068520656716958,-0.17201769363672326,-0.057132734147981534,0.0549748066533178,0.04094720918441132,-0.12701294584859063
CBM57,0.16484967354392302,-0.11801433645972126,-0.02899790157823954,0.028355324622923863,-0.033239273311006956,0.06090584185660559,0.043773828346541595,0.033805811776041333,-0.15590595652565406,0.14211416115503045,-0.08391976469587382,-0.03672555839560292,0.02529005604756714,0.03069027626451912,-0.0795646617261856,-0.019788879689827135,0.06244715925032451,-0.06566264749874638,-0.03592213214591343,0.015191426963256077,-0.10280827726175039,0.011674775085777167,-0.05693878318429962,0.11105103821273889,0.020199242805396603,-0.03021575957229877,0.09121813229353452,0.03798750604405512,-0.02820287789747146,-0.058520257638359226,-0.046316586129256314,-0.01646238891260864,0.1401728402600772,0.022881967354885915,-0.01310814767004066,0.05053248532374314,0.02940760396067434,0.006633698274999326,0.04296769410763009,0.06716873780413166,-0.007631124228283812,-0.0015649628982662832,0.004764854971767962,-0.024834392989003667,0.07633178902655842,-0.15691338777431707,-0.05036563701928344,-0.012328710373957599,-0.018348379296219547,0.08363220408731209,-0.005536257570907962,-0.03432416963177966,0.03249092457508184,-0.03637188614050305,-0.012788576535815608,0.019022054247694174,-0.022209374151575707,-0.06128787574602169,0.008861180362563541,-0.021596122504022732,-0.013706983133821843,0.017896365189795004,0.0487705172718044,-0.01869642700959126,-0.03605863502881604,0.01197576955865555,-0.00022372013027918455,0.005992037133507622,0.03745727336525413,-0.043430389302245236,-0.023642676668879394,0.06599385605321142,0.017317816864073313,-0.04045203720918349,-0.03343005202102153,0.041767141274055654,0.03246003033546332,0.048904329436661384,-0.07878613247123736,0.06457851511298197,-0.05170307674147442,-0.07394363330641404,0.009200802870713985,0.009598542256060816,0.009059340743049905,0.02680915243859167,0.032615020162265466,0.01943417098278258,0.040928241599083384,-0.06155774503138191,0.012752609290897615,-0.08319069647381966,0.11152269069189605,0.002971587183635839,0.0359932789416129,0.014325096137228623,-0.039103185862742994,-0.0481649237778353,-0.035996006998710056,-0.024777666247331798,0.024248255382822617,0.004246699429306038,-0.006664975252647548,-0.006420327715279654,-0.040304408556044766,0.04261163587352879,-0.07533782896540256,-0.010190200673157854,-0.027227557889246405,-0.028157245076485485,0.010811709435189883,0.05171627016381507,0.014597168793658084,-0.024526393118834845,0.045707592568035825,0.01640221749298242,0.06224855449845296,-0.008569441515900514,0.03290690894978178,-0.04792429493242155,0.02933516958451217,0.09588143945243273,0.0003938335321973848,-0.021779175140771708,0.021646033808054174,-0.03376430512132386,-0.006175972640382955,0.0655260369991423,0.019302564890228344,0.014261585069598187,-0.04238026846787153,-0.0910809832636737,-0.05713801981378162,-0.05218332587653013,0.011721631373273374,0.05145709646408157,-0.2630779037755332,-0.07750695842392182,0.21358143650832168
CBM58,-0.017302073839699793,0.005517445812430731,0.015024357762006347,-0.013453856746167413,-0.05320109949911907,0.01785182259799847,0.02890192294315131,0.005401499741393485,-0.03284185673132494,-0.010149541569818904,0.0011505876930098498,0.02343206559345977,-0.023165094238420086,-0.04379077460194867,-0.03547348392807128,0.024979307909935758,0.04669605776172512,0.03247542677185096,-0.013598191428564901,0.020083984682577917,-0.007490370031674521,0.011687080875558609,0.02234587000174305,0.01647009276184131,-0.03721530315272695,-0.06166375226817039,-0.027749459833692196,0.00219322327117716,0.013917314448504064,-0.0437292675828626,-0.020012157351857025,-0.0028418003259810913,-0.024845029903580774,0.005498794589197407,0.004892877036772393,0.01691299708747572,0.06565293629859613,0.0015562615244633176,0.018727703683883056,-0.017506868946874653,0.015187293634751079,0.037915942461181414,-0.011730346434485669,0.07114035918630286,-0.03527364533052384,0.0001523582762256309,0.007397099520249899,0.0361480477100542,-0.0042448680996102954,-0.013406702792493388,0.018481831889227408,-0.03793421933755613,0.007023041535119597,-0.049634978462633594,-0.057589150829338825,0.08919523452631468,-0.030851442736483537,-0.004175000978002156,-0.0723683344654276,0.05367092223150447,-0.048756483636655926,0.08822975439110568,0.011561886227094358,-0.01736709535220612,0.005413305818880672,-0.052637429430134455,0.0031682381547585496,-0.010877201555205827,-0.02458294789809297,-0.024737236419002905,0.027252775010658266,-0.07041605167362085,-0.02803662050386563,-0.005467793753531317,0.039313786956930545,-0.12716802470939906,0.025313505972452983,-0.035591444075449355,0.01130274649832543,-0.029657262484550067,-0.0034324478290478004,0.018188006202502317,-0.0074069474609329495,0.002085439287200155,-0.0025551044079080835,-0.03115962352667775,0.013700830553730035,0.12424720232576804,0.09721049055638759,-0.06059150232442548,0.005098606605258262,0.04912663198432044,-0.09870405010640827,-0.02884090362896827,0.0006987381607905522,-0.00016957177638859304,-0.037887958543071656,-0.009507971907698387,0.017382199240499656,-0.008015817825990217,0.05705979390498124,-0.015680979409602447,0.007444652118464545,-0.06564731398026451,0.0049925276043605825,-0.012217942846583476,0.0884959008491359,0.05871176697279445,0.05389786481468138,-0.011804139305864164,-0.03726897764358513,0.027615770457752653,0.016435549801868895,-0.006268214555757553,0.057287128825931656,-0.06969851131501005,0.013129496165675448,-0.04391715721406522,-0.046816485967407805,0.019180799541693074,0.02790806094112942,0.018410659878445337,0.06178660060293869,-0.04861576885659023,-0.015425170377817366,-0.040417435544731144,0.06807106784338225,0.026959080769710257,0.02138520121840313,0.035247080434771226,0.06592466778925796,-0.034991997356696364,-0.025533442711352973,-0.030493892222251923,0.12742605984194022,0.10585059880594942,0.05027041494294939,-0.05274297416724265,0.17059282500665507
CBM6,-0.01877782918150124,-0.017505918398340314,-0.025139182380086156,0.010789846712430232,-0.011053304659084032,0.026719168805426234,-0.0479478593359426,-0.017273459830519238,-0.0032982353986541323,0.019149585298477472,0.0019240059351717093,0.006586838744366863,0.03575178457820979,-0.017433057088086755,0.004248374358233989,0.017353421370563428,-0.016185061588131478,-0.021820775449114965,0.015745324855805938,-0.029193660723653998,-0.022711210920497084,0.031218386632584753,0.007543319898469674,-0.01805446807684695,0.009005393499435702,0.006192391614594785,0.045190206504054226,0.04866683811961764,0.005497139981958748,0.010037430603383813,0.02541987638026321,-0.043247774958259655,-0.008181536800398839,-0.04343802697849287,-0.006358248562355435,0.009310194413033119,0.043529354492710094,-0.0006454369524311122,-0.0042486111253102815,-0.0036986500089622944,-0.029765663211866196,0.026651837783151586,-0.045343675778163534,-0.02774528907930344,0.033604132851034654,-0.005833748259342317,-0.009920000119579761,0.008296496898080593,-0.017551384232391873,0.013715610116078697,-0.01018056802238948,-0.009084349504157657,0.013946892643371457,0.0134176508526424,0.039210649948055204,-0.013718873206246714,-0.021585184757529876,0.0167076061969026,0.0025627182484519438,0.012355533957913173,-0.01077123298026846,-0.018396891453778524,0.013195364874108616,0.016627872837925113,0.008808592818950522,-0.004814322729258794,-0.02805292607688589,0.002823558725591248,0.021361576575962198,0.014948218981797363,-0.018587520233643337,-0.004805647150777844,0.015294261367471229,0.014252992117222358,0.02114904541760523,-0.030366628345649536,0.001160977373213179,0.0191126217503137,-0.006288559993429474,-0.020434790261191493,-0.023065903776772905,-0.02646539878888607,0.024271699829495823,0.01756793422466752,-0.0064966830615305095,0.003066289145768777,-0.00702548532700237,-0.012060178434672934,-0.023770852019932044,-0.008938920298462823,-0.033940909622415485,0.02333561880891515,-0.0028818642210818725,0.0008432757223791036,0.032607793920665616,-0.0068266066824248526,-0.011461569975173188,0.029931185690492485,0.00883441769486094,0.036679613274416815,0.02646098783275571,-0.007191083913611361,0.018037360966901474,0.06382229346227038,-0.02120396205281214,-0.040233152165330424,-0.028237484954884665,-0.011582549192432212,0.04222487464629029,0.023900063039716524,0.017406856773879927,0.00449657258193924,-0.020009670249079754,-0.03859521850726821,-0.008940229786273754,0.0005039364284812114,-0.03279834186901364,0.037644244029535145,0.022898502952478396,0.01750902815069188,-0.0060353967109511965,-0.012499771769648844,-0.028673674258084654,0.02205258137187794,0.002209264799290675,0.04528562198128746,0.004893744907817838,0.008746366666564262,-0.011421116906601848,0.01969987829723969,0.03936100446477275,-0.010786404799413956,-0.0035546224113716294,-0.05432389582323866,0.00910505674192885,-0.09873568932680102,0.022567942506132133,0.020821253456847693,-0.026123117575377674
CBM61,0.1413737109469121,0.1892389240209612,0.2211411717034873,-0.16860052841061796,-0.2072830366926611,-0.00031615327444855075,0.16521413978764152,0.05218542444824371,-0.015782845897788302,-0.029447434501522766,0.06392459025961005,-0.08699945699820458,-0.2459490702418705,0.0355645003943345,-0.2175700351100215,0.027069576585242304,0.19495478713167944,-0.02827015608193454,-0.1786380567292579,-0.12917182488739642,-0.08442906961631969,0.06750926782683919,0.07297770594677958,0.029233173416681548,0.00040148258686682954,-0.09507656193464856,0.10924323848337351,-0.17568025358728004,-0.0070859651886159775,0.06818846659508955,-0.07364462328758353,0.08981497211046781,-0.045606086889558334,0.07651205296041695,0.09149578375796939,-0.0069517308272764354,-0.008692289484396112,0.10924241037204936,0.005559371002148318,0.0013758499666309413,-0.16849406907461603,-0.03776607026070592,-0.04817134689355408,0.014954943187470303,-0.07509384270323709,0.04072130360818253,-0.033989474882145924,-0.0032355639082737872,0.0238680389997737,0.03853166729054349,0.06108203396689092,0.0008098093493166539,0.07261051363073205,-0.15976483959015894,-0.022015110443707332,-0.053633805604608197,-0.059818003936625265,0.14844237720311126,-0.06206287061002229,0.11778271277540725,-0.07872098759946244,-0.0018580688124875512,0.14406031456383336,0.13554818499794352,0.09084039018551208,0.013231773642053442,-0.029116338751483922,-0.0461244416109312,-0.08606682908616524,0.1024658822234403,0.14108564775902552,0.08575429277179039,0.06883619740211055,-0.03784946404678274,0.08513805954948023,0.2557181329152766,-0.06448034108400359,0.09643997553912481,0.1888085822385025,-0.03022480650224229,-0.0315841298284539,0.018155760074827384,-0.19233338889127102,0.0016522583483489207,0.01116263179434935,0.06262209149876484,-0.09182670107612716,0.05256994405665088,0.1090165965259294,-0.12386973111035263,-0.07812044485484025,-0.07458268387898556,-0.06407603043453476,-0.03933754810978682,-0.0078028456040720754,0.14240450116978798,0.0751640142355671,-0.24329406062608622,0.02613372967814515,-0.11309830817238414,0.03638778774036868,-0.10191039962728057,-0.05813934942029776,0.06545705593341855,-0.003744365251047441,-0.24708520965373573,-0.10108289804229749,-0.12336878978382625,0.23311159192758146,-0.013888249542059137,-0.11562872784019762,-0.07089330402050353,-0.18673453737569748,-0.04489942621158663,0.00228308056748596,-0.028726683190787805,-0.02167879351943957,0.023049559005179816,0.07401437031053576,-0.01070794354173221,-0.024900347672704947,0.14700122334860802,-0.037097531520461774,-0.07532718540960222,-0.09277345916219437,0.02027771468153931,0.07204106631883854,-0.06732305034666825,0.1397756020117847,0.07663651335912854,0.21318692656703528,0.002035776764646283,0.02937974161654423,0.04261565762690046,0.05463506186485106,-0.2009363185918552,0.062242977276803176,0.0192568725784799,-0.07709310932575783
CBM62,0.01878109184943906,0.023567666752784804,-0.02577686202728666,0.009107057195653736,0.0055910283070315205,-0.024390482956990107,0.03777315343152754,0.04214897066889128,-0.027535516547878964,-0.03650120964121944,-0.011403050033786166,0.058345020458007185,-0.035346823932576966,-0.006948758063922472,-0.05262332950914942,0.025110836054671352,0.012973020491378095,-0.008114296732465774,-0.021270807738274188,-0.013056355805469974,0.021835288548732297,-0.021718652843948794,-0.010842027200302508,0.026562218049559747,-0.040357210418787225,-0.03438433303929674,-0.015326202395843374,0.014488839142020924,-0.014211602659957065,-0.021569257012020643,0.032085333547256324,-0.03802810118812097,-0.01041508221092951,0.027025349549236195,-0.004364895460384846,-0.017802728437377,0.006193814783554244,0.02043687203750593,0.007903140941291598,0.004606840769470047,0.02910898205957177,-0.0036787060632157754,-0.0362871367216189,-0.01769526691771874,-0.006694543590046992,-0.013435627712462688,-0.033117406664921994,-0.0033068905968415226,0.014292622513900139,0.0059437229494689915,0.02363480625972309,-0.020790630002523975,-0.02293030164459764,0.011284421984176216,-0.01698165627656369,-0.00539728814952924,-0.01175097525650949,0.017068651813893186,0.04583647127529687,0.02726352940971951,0.04539824771842998,0.006300790214936502,-0.003637362581338854,0.022032837248535525,-0.010174021792312813,0.0298635990474608,-0.0030427957112713943,0.0014046333848041167,0.005818185753609366,-0.020773218768110568,0.005593783443847142,-0.007685556700068187,-0.037261966714577766,-0.02329584457697117,-0.01567487649659582,0.017393425067971507,-0.008659536397924187,-0.056868030104257,0.024498882195080483,0.02637712923982253,0.042434018833134066,0.022650959919749723,0.06585939718401165,-0.03974361990484699,-0.04013824476321561,-0.0034956708163384775,-0.008335326289898661,-0.009431195217882365,-0.021343450448072416,0.05314293521604033,0.01345175634733635,0.034084759935518356,0.028906132437507382,-0.008223677040510856,-0.029163981336675898,0.050616176123673404,-0.05879297491710127,0.017878678249830828,-0.016728449495581964,-0.0074689406820072374,-0.027581691648671167,0.015109965575157367,-0.03211612035939979,-0.04201260109792807,0.02403196984257437,0.05472463736487698,0.03628902967943776,0.009410670047335559,-0.025635194604266994,0.04529376854605528,-0.03697110065739851,0.07381077533921027,0.09165988166881213,-0.00651059739656942,-0.03154625000744069,0.020559536292606904,0.018795824750092293,-0.009940251347717232,0.013328882287210197,0.0018893266501009568,-0.020979302626883127,0.027445900491334663,0.018885297859050066,-0.0962405825377905,-0.03747459265422792,-0.01637208951535334,-0.0014930997476629534,0.04633704637193951,-0.004349268781597493,-0.0668773875618755,-0.011117907945279702,-0.04807220440097566,-0.038584125684866015,-0.002299768225287982,-0.011042165183777418,-0.040252074244180376,-0.01982492980619826,0.0712743765070819,-0.010496593974473086
CBM66,0.10967013874301615,-0.04422707753598465,0.027387341759768563,-0.09537388144347578,-0.1849492502817933,0.009018093627700135,0.059871395535128095,0.07276983724844802,-0.13974472450604458,-0.037235126793052103,-0.019332066019578573,-0.18904479751199788,-0.021733013497593903,0.09805635974931977,-0.0007748964560126876,-0.20955236337320468,-0.08580219438832128,-0.005891205956925311,0.04843798481441425,-0.08574410024422337,0.1877407805823172,-0.16265472861260138,-0.09392529366085973,0.07771552069758159,0.09208544320137824,-0.05089967410042925,0.24705880886695594,-0.2279701951853727,0.2301691143293245,-0.04168274909985794,0.0185573387345065,-0.01842733558517755,0.11710421556261989,0.07386411462776517,-0.09994739503814623,0.008419699511948828,0.2077158403126226,0.13239748615332608,-0.0007131558406092645,0.03542851229944334,-0.11367341974999959,-0.24019418339897136,0.11368831749141185,-0.040253598338027385,0.033111238879437184,-0.07520901978686079,-0.290619969574611,-0.0059644041429363645,-0.18963401781490768,0.03509688396900125,-0.1443047452069974,0.12429063938749925,0.038173213023617585,0.2579714620692198,0.0023213224015899456,0.024768166177666362,0.2603198980743844,0.13829817840344075,0.0300471745457367,-0.13492757108439396,0.016856634197128417,-0.2473708004149678,0.06525072720930374,-0.2501129733718272,-0.1327005278679307,-0.05476007229885692,-0.07203955484399313,-0.035143668603813946,-0.09591644030147799,0.03054472423590176,0.05492269638521463,-0.08273535024800431,0.05877803780817173,0.023512508044152343,0.15831828784773982,0.1474688309716781,-0.17428715820839535,0.09069180010213038,0.11860918455556,-0.10936461824035,-0.011291419879994644,-0.009238673299437748,0.08439151127673417,0.033373926634772864,-0.025704781263497817,-0.011187753839360139,0.1618749069567557,0.17268458836386696,0.022149825439794362,-0.23681240787383828,-0.010992915819486786,-0.07075652749163572,0.21651225641674623,0.23620278850907034,0.06247760093911396,-0.09911390758927949,-0.10167941312727447,0.026749649218004167,-0.13651878046395136,0.24776625791364362,0.11017497385839103,0.05260173444344883,0.07436859847222523,0.06790663885247326,-0.09407836320743948,-0.11747332796833328,-0.044969724564715804,-0.14486588092536112,-0.014209078645356353,-0.10838036991464896,0.073264137234253,0.11811070759900719,0.13725903139758008,-0.09489441665468272,0.03035197584792176,0.030904102937835316,0.08463194837125249,0.06632036792976352,-0.11836073989334218,-0.21027124767160593,0.07776149681920204,-0.04556102229614897,0.04071245745220216,0.15832497312355356,0.05770414159577829,-0.0074482694572327035,-0.05254151936978276,-0.23416963934395701,-0.02045672160258045,-0.1035778816301,0.22937139631360184,0.0328407696344726,0.06894088693224477,0.010857094184081735,-0.053938087716931656,0.007755563463305812,-0.05167349419338672,-0.016058455139581346,0.0019153326637387715
CBM67,0.003951811471273195,-0.008681642031723459,-0.01122834089637698,-0.01156487564991203,-0.004259002206696074,0.004409968370457252,0.021090522667696284,0.023121896953643962,-0.019578626188190427,-0.002617305161000566,-0.012104923346539993,0.006534456884524153,0.0018121384457505136,0.006545202076213644,-0.02483805349331698,-0.011938590281331268,0.02000912473323976,-0.012148877948335789,-0.02025133347509909,-0.010245316872367826,-0.006252603571694191,-0.003211090839445341,0.005179064897253867,-0.0017149988501028645,0.0012962375984284587,-0.01766082459071613,0.012287397872644145,0.014443443947646122,-0.0020497609612288564,-0.020615735723415084,0.009119268099233526,-0.019602931147163605,-0.009966680854689733,-0.004797648600628737,-0.0068006175763036655,0.010944577384633045,0.005073612417058717,0.012270907237751367,-0.010789439501376778,-0.015721318941659488,0.015377909998546047,0.0012507726327278888,-0.0017969504641630015,-0.0019026910906508074,-0.009763715462425307,-0.02629860964531958,-0.01177466575555306,0.007419462341941683,0.00010469111754518138,0.003115619990381062,0.019040161757194984,-0.0042050389601548345,-0.013404665320536063,-0.004707368851068705,-0.01610265298915953,0.00863334139525744,0.0006198588916347553,0.02132584285087594,0.01681048518366914,0.0004643513309561522,0.005463858262880902,0.0033516357909873645,0.030965640154238926,-0.007341454747991136,-0.015331926348190028,0.005441877376116942,0.015176228349712809,0.010988224103539546,-0.009535867743927898,-0.017158130314614554,-0.013538973814170607,0.009278482384276959,-0.008610327225022594,-0.003372260641383717,-0.018119517529075233,0.016767004569838987,-0.011747297577432316,-0.008010415591559149,0.0038448951585095333,-0.004460826605400053,-0.007798872962393332,0.013336878459494017,0.02062970143099532,0.01785299979996808,-0.032052584704606896,0.0074007946042580685,0.022682128767432037,0.01509434028568194,0.003318024956858361,-0.004693832136442762,0.01586220537860008,0.01618676000025294,0.008473991698585613,-0.014212769659608996,0.013858882528226807,0.02005730486892246,-0.01469828556378064,0.008316504235806479,-0.015757455174111198,0.0010535801597892558,0.016249095381529865,0.019018729035940242,-0.019263649815667354,-0.024262821242384353,-0.01149714034407071,0.00043710269196341694,0.03262162221504369,0.005875833792589253,-0.01847095139707016,0.012210323248998518,-0.017025329819554628,0.026328718536138666,-0.003028992900133232,0.002621879749110531,0.0011334104566275676,-0.011169363900951673,-0.003055923249198429,-0.008431493604544999,-0.0011738313713877358,-0.02448934196875749,-0.00446864522733886,0.0234183802847564,0.007457068877215784,-0.008439091066405361,0.002928020021217481,-0.0010141212093588757,-0.031281959641501364,0.016226906401442982,0.02728659907905412,-0.01438297483694913,-0.0014076311963546833,0.0046580927425883285,0.00850320195472471,-0.000534812747842152,-0.005340214867590716,-0.007380233802837547,0.005824373798440176,0.01778284702476549,-0.02214170785961789
CBM9,0.12457660434656066,-0.09062754084807004,0.010163962173509684,0.03937929086365928,-0.014232842310789348,0.08576918436005679,0.07189771798258993,0.013262911593090182,-0.09411401427879618,0.09726611245606018,-0.024681575236566194,-0.009061514988136702,0.013191763421274294,0.03238309847109281,-0.0601365975486839,0.01499021123338166,0.09409123089086294,-0.01046891401142929,-0.020965719196893218,-0.03231182814657823,-0.09169436829770178,0.010960924167108168,-0.09461004230479463,0.04516010988222644,-0.0020598239145053067,-0.09712076575204291,0.0830622463713905,0.0644801056462989,-0.028459449944292243,-0.023399338481895512,-0.05819735168210543,-0.06952004635310287,0.19495819800203731,-0.05489140417935213,0.0006416602110356474,-0.04370096731511902,0.09247689625904097,-0.0586516303183977,-0.060790385589229994,0.01524681241411676,-0.03632613673452234,0.031162098953202648,0.040998890035685055,0.015322817450396065,-0.055979353518497234,-0.09488641814291984,-0.05439006275412302,0.02478751228188047,-0.018226499737425725,0.09877182565608478,0.022813942970304663,-0.012923535214153962,0.014122263850866951,0.01064442444256886,-0.05090729261587452,-0.01149442907625165,0.014389981698884549,0.02724100452137503,0.038417856257568106,-0.0032160956686988237,-0.007121900808619317,0.03750381329071204,0.03379596367763018,-0.0332244658304055,-0.029123860121195604,-0.07959864455799291,0.0007381148195116373,-0.018134977536432853,0.023670350874941782,-0.02849851530889311,-0.04542470920880092,0.05640788910949823,0.09079803342427048,-0.0656682597617296,-0.0077687733821260605,0.0003719891421287681,0.04437354726848327,0.04515852945814904,-0.11296709329184586,-0.012991998456801232,-0.004096566786600811,-0.05751387451551813,0.005988881801762937,-0.006428236269688929,-0.006097565421450863,0.01280457851839082,-0.007191456172515052,-0.0282284321663856,0.030408818472613588,0.024368468955624886,0.0030642580806103004,-0.036491402048351836,0.10924353371475484,-0.06604277814607425,0.02369605215205575,0.016694018584342454,-0.12219398601695286,-0.07904439787336216,-0.08324799827698669,0.03486806051306961,-0.03269174577987731,-0.0199062194272833,0.09974650367871775,0.05229573802489036,-0.08324278519767,0.03548265196442218,0.003921041545935196,0.003588465350962462,-0.01538845525549884,0.014954792960116673,-0.016229462391270988,0.08682418665685122,-0.03897424790796791,0.011490742257824023,0.003604503147798973,-0.008918148805020187,0.09300740661033441,0.014344701998388514,0.08297849306943779,0.04098176606004196,0.055007921868515275,0.0773690093783951,0.0010219553612289464,-0.05267340479100008,0.021253092546829607,-0.051741273485419126,0.026182276565147728,-0.01716328756349772,0.024927648953933026,-0.02628087966838518,0.07919399989652758,-0.011464182638001495,0.09423515044386666,0.07995729788533859,-0.026019754657248855,-0.013476294893991696,0.021315159352236556,0.05969294638601568,-0.01655193372461143
CE1,-0.013077166685795734,-0.007860776224794997,-0.018595612934245113,0.0022426513750044737,-0.007726079420330532,0.014261750468941948,-0.014222736280069209,0.006389239036987229,-0.016443200516658547,0.011159159037901942,-0.002999996010693694,0.01647458562338547,0.020747049671833554,-0.006317147604688004,-0.0005288457881660406,-4.2957494913232645e-05,0.0006689629028746851,-0.006429436424624963,-0.0004360788249072085,-0.023830124362991645,-0.009689141864499557,0.0146689344452387,0.003852194212816742,-0.007770731386436236,0.01320612379645526,-0.00952589330467711,0.019360304276434342,0.02744561311338848,-0.003138059618252905,-0.014420146251361704,0.008605978955001207,-0.028971475669708556,-0.011344457573224099,-0.015463840038487577,0.005338113215462918,0.009897965028882245,0.02248607528973447,0.005263754371642867,-0.022637738629391554,-0.00843172940617553,0.0011035611545457884,-0.00031865305887731303,-0.018345099670468157,-0.0007913470944948301,0.009917798915402643,0.0006614920010486727,-0.016031397872594045,0.00729014707605843,-0.009111097483764371,0.014463321801492178,-0.0047312467056469755,-0.012221094265704145,-0.006384792575237287,0.004197151294562098,0.011543794553934355,0.0005721248855013514,-0.011513132818399456,0.012063787200780449,0.012422104084608926,0.004051432184328388,-1.8063200027421164e-05,-0.002293509658721067,0.0060438527808915465,0.005064797259735428,-0.008876636993405877,-0.010757924716062899,-0.006855034063146534,0.0043969555217084,0.008188193882636962,0.0020788624060836913,-0.022265429182606093,0.0031782092804713445,0.007135039102928932,0.0049827453233479155,0.00021284980647964403,-0.009169955835054451,-0.00670793536533716,-0.007291104788542352,0.004170871589328642,0.00018640954402274806,-0.005480590244531709,0.0009572105388648236,0.016786513655406756,0.0142388535875936,-0.004115708306108356,-0.004697954970182766,0.009289032193030579,0.01137939890640232,0.0012604397048998149,-0.017669087631504828,-0.004619666798330616,0.006249106235733114,-0.003277444762093298,-0.0035684119747499852,0.01449127266009806,0.013639470227818494,0.00013419916728786717,0.022550417085796907,-0.012745069922293526,0.009892343655805264,0.009568837878596108,-0.004698129409811175,0.001636328999860458,0.015749648794324226,-0.014177928358213961,0.00014235684574296227,0.0029537471840040846,-0.005197809649525372,0.0004495535709316019,0.011919706187753105,0.0008508526989071373,0.005729682997802638,-0.010338234726783328,-0.011799745531531942,0.013899389516563459,-0.0008965825638463575,-0.020385451839607126,0.0008968901267165745,0.005453251047639942,-0.0014133895188273885,0.013940791062745423,-0.0038251973026662443,0.009764519659359426,-0.0048216155233737935,-0.0039026764633422824,0.017812670629188482,0.0007756706445674872,0.010573591075657685,0.0260709278952119,0.013753053083934463,0.00564686936777633,-0.0013929400113435245,0.0002342045298280019,0.00650987673532608,0.007444780093092563,-0.021050598719793,0.0021179200580808367,-0.005087621775950355,-0.0031264659250751134
CE11,0.0010006760514152612,-0.00934975116185187,0.00477081189411301,0.0068237352236258444,0.004199976119373461,-0.0005733858107345607,-0.0062553669620674214,0.006185931206361206,0.0031530564949484325,0.003443678919755696,-0.002516452798883121,-0.0002893478684338025,0.014421282733193982,-0.0004407749856643896,0.012646582813463654,-0.007690207495173119,0.0035635669491558947,-0.0004243210726858744,0.002072011788727005,-0.005553097768941219,0.0037040833554482715,0.014981339206009683,0.011794196465805944,0.001987111807535325,0.0059870973825597055,0.0006379427869755514,0.005610530013419485,0.0031975682773133997,-0.014515964791240253,0.005642832390318402,0.016196679536894003,0.0020852810201437283,0.008995376698163101,0.0032231699376309105,0.016676329807338977,0.0029775374395237643,-0.0011269945681493584,-0.008269700219603542,0.006249697960357561,0.008351343344142208,0.00013457312343861073,-0.000667751268549365,0.014600875445104397,0.0027785956112105735,-0.005650494984669917,0.014183379046003206,0.0047127059621489735,-0.002789501019725016,-0.0016634199890502401,0.00562557431732097,-0.012710739862432105,0.005132652580964683,0.0013198528803895898,0.000656192862132779,6.137702011173077e-05,0.0033289789863351995,0.005379062024816593,-0.001631511587764678,-0.003735179863760027,0.0038140631699389864,0.0007568284065563306,-0.00043333156792695136,0.0034577796964780855,0.00151432620502045,-0.0044486486254057935,-0.0015629602394722467,0.007696197961242791,-0.00733776323489438,-0.006892315786755566,0.0071388395557501075,-0.006794281500935343,0.006891060947395477,0.008946592063819151,0.007429635757737552,-0.004361739372596029,0.0030390218799159034,-4.55216081225539e-05,-0.0066551351603279015,0.013646577105485785,-0.01756480405957518,0.003170273106212439,-0.00043053468026334185,0.0004990690825270847,-0.007712578635579582,0.009457301839393903,0.002253561742329937,-0.0025249444734929518,-0.0010349667888668345,0.008525161510265895,0.0014433834155979793,-0.0030907958909514783,-0.004014766405232172,-0.009680625940178076,-0.0015267468297796238,-0.0013379880614174942,0.0019842058426686967,0.013975972549632208,-0.008400838737604584,-0.004853033522532852,-0.0025263454142245467,0.00407724116803479,-0.012182032911042515,0.008356306103085766,0.01255789505499227,0.006038477438263556,-0.0034819713673724167,0.0019062354572883724,0.0021279101054441775,0.002603146045753908,0.0020657345763343492,0.013822544706211347,-0.0011258511060751,-0.008927130578487756,-0.0009596105056142366,0.002119495037006517,-0.008416413264576593,0.0035289429624337206,-0.0009479998873417017,0.00012701579327787946,0.01083902071821847,-0.0083445161470772,0.006052999388034306,-0.0075684796285035135,-0.001958830997876917,-0.004395688029775291,0.005260552480911798,0.0010086829833280322,0.0021463534481232227,-0.00631240241876405,0.01724510893172774,0.014472796393469158,-0.0014495481575079365,0.02237820116100148,-0.008444249252641806,-0.007089262555281922,0.01036387155145784,0.00323366794149747,-0.007973407525563754,-0.0036029450890163743
CE12,0.023574854770850286,0.03891831861699163,-0.006624577461726611,0.020627783575526245,-0.01461379693703092,-0.0028793562572862843,0.03538525793133547,-0.003115318825749256,-0.03783240865783821,-0.013968406408846229,-0.006576497261278337,0.022670485308873837,-0.0467092274321338,0.01997242974383832,-0.043856596038614984,-0.011101174293502079,0.03812249323817877,0.008677521239121895,-0.0433718563543308,-0.02358831504608885,0.018267931662168536,0.019645516890715243,-0.02267780899796842,0.03713193705879292,-0.02362823131607149,-0.04684452032067523,0.04140983140864201,0.0382188208105801,-0.006411048814390838,-0.07398287471398599,-0.02644351764223658,-0.03271400783420548,-0.00486459618448477,-0.019060402249598644,-0.027758354613135035,-0.010079370270070647,0.022646276190887108,-0.015556123447115787,-0.006333662286962027,0.002727451962105965,0.028697849444433335,-0.0010836235170394513,-0.01995565238741721,0.004110708854067224,-0.020462480872324232,-0.037728995326812384,-0.010049086922356423,-0.0007349405311009613,-0.018504244080687137,-0.004883676024066805,0.002632518052873658,-0.0419764862933111,-0.019051188850584214,-0.025028086383981782,-0.01004838937383324,-0.003592035395839403,-0.012946589139370919,0.03787167112807699,0.034745924584051485,0.00028764297305392504,0.009657337079669603,0.006341511426204155,-0.010663022626232702,0.01490520287576643,0.0018160828079278653,0.010020974808621947,-0.013544984609324727,-0.008988826919791373,0.01711453183497625,-0.010628964878776676,-0.02143204278968248,0.005331706153770702,-0.0002929455325572957,-0.007927264489546728,-0.011344943487117596,0.001200900234811587,0.0247676555665273,-0.016425595940450573,0.0386370159446655,0.054117610698839136,0.003996930633101103,0.02844434326489702,0.020458854749856467,0.029436414549964922,-0.03518869686193131,0.043756197877721455,-0.0072181610622003844,-0.001962966263916487,-0.0005548823914886154,0.026549889212594907,0.011777126469139058,0.004633999233357703,-0.010732800398628197,0.024870409172415966,0.001771569440133114,0.01161563696903151,0.037666435157579135,0.023630195824477878,-0.00310375859904599,0.019059780817510193,-0.032532319359499656,-0.02489959965177303,0.008591785029735418,0.00918399026554642,-0.013389869015460212,-0.0027026537150986064,0.01880882778446751,0.03205739502837521,0.008596192136949041,0.009585754947546137,-0.005110962268659465,0.013442211560496558,-0.02301400022007972,0.0126796637958644,-0.006768151133811963,-0.012485345499238262,-0.029970003855752773,-0.019663338288460987,0.0011735765771482252,0.012725214301733932,0.03066636145323507,-0.001791409919511386,-0.021080147543656818,-0.02013072897843215,0.0034553835695077845,-0.053596398224904,-0.011057651860983102,0.10131174174935366,-0.0002670747472113913,-0.017071015413799028,-0.03219133576664675,-0.08804623209817496,-0.07906044462221486,0.02675479133862576,-0.0021520727027924545,0.00812253804389395,0.010112312987768154,7.532564763427298e-05,-0.014596166528325351
CE15,-7.945075662369136e-05,0.015094396259800436,-0.023624331373080915,0.014692434278748782,-0.028148591874934722,0.010399995524788968,-0.023847603928136604,-0.024597621983516282,-0.028688506605123936,0.00796108082162985,0.0008736320184113474,-0.003830283610646575,-0.003484048672393602,-0.009507033100584799,-0.0067929173432057476,0.014378883814921455,-0.009182882258265542,-0.015912124608207307,0.003118156688564536,-0.010098967074184874,0.003403148522422127,0.014788764916065457,-0.020269938896125248,0.011423039388375087,0.03187122299497845,-0.000434140500376904,0.060659133032622846,0.039852003213391884,0.005479362806607442,-0.03181643006630211,-0.027493518768677946,-0.040275724531053436,-0.004715860258285889,-0.026845115483478503,-0.0033528716399881865,0.019809936969423677,0.020555484337082926,-0.0006970291148460216,0.004472849049785484,-0.019295019929716363,-0.026630819026677317,-0.003461836695284387,-0.04483559237027734,-0.0239485876225892,0.031077542064702868,-0.0022988266858084507,-0.029367223017396193,-0.0056110938313659806,-0.03698578318552098,0.013212732200563916,-0.0035147133823201266,-0.02137256155494525,0.003823530673172231,0.02901840681405,0.03159719970736741,0.007468332850542007,-0.017139411311496457,0.009820454013190599,0.012962662190764997,0.007230659055841037,-0.0061297333856926185,-0.002607030056202287,0.002259709171385473,0.020729116310625094,0.01039581169022624,-0.01763096293725097,-0.02179834623073018,0.0052622985213201245,0.029583372722264186,0.023355173301488258,-0.020064049053123523,-0.01284610259181263,0.02712250793180205,0.007455270496324762,0.013648894059857702,-0.005074720664964291,-0.009256257008044524,0.01663006293513615,-0.0014490680751777952,0.02680773483334553,0.0009241405419639221,-0.016535104271802638,0.023703211796982777,0.003908766066488944,-0.005635098303175784,0.006377814415179189,-0.011777780600483321,-0.007232636045346894,0.005402292936778472,-0.02290049184973929,-0.013316047874477106,0.016936037218679995,-0.0007045528634772207,0.003406897663822054,0.031074691973170747,0.030846162184716905,0.00493589839941962,0.0217329337805581,-0.0006973574232055842,0.018892939961309908,-0.006768256666378671,-0.011959180435413231,0.009178280667723035,0.0528023344406702,-0.03214878028800804,-0.0525755079092787,-0.009635235881858984,-0.019412076131200627,0.02680831565609016,0.037494402869625534,-0.009189460310807751,-0.0038808657331684464,0.002046254659632052,-0.03356390308559476,-0.016375506978894474,0.014638265307608568,-0.03427215845877748,0.008110746204688475,0.04040801609061629,-0.009159208120140311,0.013718080404624883,-0.019341395911207527,-0.003381950242902875,-0.00653433190188479,0.020464395672986302,0.007109382550684169,0.02009835837785207,0.008675463138465794,-0.008970986505328923,0.022219515917996913,0.0012649273591436479,-0.035631094175370095,-0.03641725832783639,0.017420313468684886,-0.0012726908018612561,-0.010715111087497552,0.0052181539067066365,-0.0008441528472591668,0.006455453616661497
CE4,0.016403687944568878,-0.008571956394327163,0.01862520691672555,-0.005294777006488429,-0.004052093571429026,0.0006036511400994726,0.0012185463155288466,0.0022497253014892183,0.005795103827084549,-0.005124297154227432,0.004514744907760265,-0.015212224896047018,0.0015608384110057437,0.0048938106741961826,-0.0021247474030553167,-0.007872826149563394,0.0005948752440535223,-0.005411575561955327,0.0034552861461103128,0.00986221446478718,0.007010556467368735,4.118008950805567e-05,0.0017814175686227843,0.013928767366952413,-0.0008025644549661718,-0.00028480369528699825,0.007661972059361514,-0.013796053511454782,-0.009640386162970783,0.016825324365950935,0.00919653897558362,0.009302561974461485,0.009090504610905322,0.006200621339543562,0.010388817320879432,-0.01722362553959669,-0.0028756275046513276,-0.016402764906926735,0.0021926390884453393,0.007333871538096829,-0.01410518668975166,0.005516570864439854,0.0074465533426908296,0.0028081594902121822,-0.005460229724239072,-0.004538056709098522,0.014614710778153921,-0.0045105982864547985,0.008082790265580054,-0.006341604125996498,-0.022750760292852553,0.010143804530898318,0.004685817899179631,-0.006196514208455011,-0.021222117369680167,-0.0001766618015556902,0.010315633155621185,-0.017338119222483614,-0.010667543240699764,0.0011682741548142137,0.003753569584253362,0.003986557580611481,-0.005945170673047507,-0.0011956509113075873,0.01818645103149144,0.003954375252649118,0.006126898657583013,-0.003107836195657008,-0.009787617299764703,0.017377403936970286,0.007970613632190043,-0.0028537069215658576,0.002299191354777357,0.005473882885166735,0.0030988826589553233,0.02435482476672176,0.0028642232411519616,0.0003155134813094217,0.002716553633913692,-0.017003418304227975,0.0031773202355533745,-0.007228339079441354,-0.0060077994681328835,-0.008871125476925236,0.011098688841817915,0.0036713953661678066,-0.0024091714063174396,-0.005206605620926539,0.0012062828187161788,-0.0026742273414322253,0.006524658804545306,-0.009711817695990575,-0.00022786663634855414,0.007726173591663232,-0.013319249543875549,-0.0065480045454790305,-0.00511848766852411,-0.020785590755340703,0.008901801109566364,-0.010034386853817967,-0.00017088333134793594,-0.014833822117285884,0.01712420187772624,0.021925196757998637,0.004596074448626985,0.0066338487032183684,-0.01665416572491679,0.0018593470441661936,-0.018899171440622246,0.01262154708074473,0.0072123183610818264,-0.0009793658337507976,0.007816277875353796,0.011242564465554258,0.016775147534337898,0.0016444918152660219,0.010758961358828605,0.004183226653549679,0.0114552439580591,0.010775803574361562,-0.017968467499231373,-0.022283602872403576,0.002905107529223562,0.006929273898691038,-0.00360280221891714,0.00422312105959552,0.0199043177352975,-0.0011993342661597265,0.0045016836766256264,-0.0028577326785497767,0.007735489146110778,-0.004400174324827942,-0.0027398594341896064,-0.0014225594549829826,-0.0006483901004267355,0.011256932744749405,0.00388465126408398,0.004857463457448492,-0.002068629175321109
CE6,-0.026372418859242595,-0.024071576620667615,-0.031465070260397014,0.003494424676048392,-0.019528596904608432,0.02292658807028645,-0.05050929038896092,-0.01196359332617737,-0.01161832205551871,0.027090310744227783,0.00919443656538364,0.004144517176624513,0.035235353796638294,-0.04306742232790061,0.006124523078559206,0.030048129032166564,-0.027635265250703058,-0.01309316617212605,0.019600792694657292,0.004655596873954625,-0.016975791990838877,0.010781313647484324,0.01853965280850392,-0.02024250044590466,0.02685772044392703,-0.0020263764770094388,0.028381006532406605,0.03631784213991942,0.02186008291322582,0.009723283869446188,0.021947898705496228,-0.04133058042251847,-0.0037104311396302225,-0.033913176137726125,0.00011955231649642898,0.02805124448421985,0.032837870114040206,0.01696704752561709,-0.019502467017120263,-0.01767607486977001,-0.029191574154205063,0.011520443305699481,-0.019077202975278686,-0.010713340019561115,0.052948213126376945,0.00430280412901445,-0.02534810708562939,0.014002853673709651,-0.020346947788889576,0.009918826887781302,-0.007846358527357161,0.002914764875387336,0.010253443244266124,0.017040263972440222,0.045052533452398624,-0.008702932547122663,-0.018507873927631764,0.006810542661468026,-0.002180848492790932,0.021006480270652123,-0.02082862410679497,-0.018004679043271868,0.0025699820688472536,-0.002166232839758793,0.011721296930587873,-0.015896837008858796,0.017797463607428968,0.009573552543559648,0.03331823799704463,0.01739841060552151,-0.03166318275301136,0.0027936539719840155,0.019024712106027,-0.009978584665327628,0.02594977929769916,-0.050198844041850856,-0.002227405860269789,0.004714223718461148,-0.01730051423236491,-0.027068531650023233,0.006952203427366095,-0.026310237573098152,0.0029408596734033276,-0.009368299231199279,0.026159402942293724,-0.009206377359703784,-0.013809425737935593,-0.0008045422748672001,-0.005055656262141211,-0.01897763224909066,-0.025427536920918096,0.03634960641308302,0.0007701430495408356,0.013340128159219764,0.024462564451666904,-0.0005487051124197561,-0.0194770251206726,0.019816873191574096,0.013146920871642348,0.02427221327810263,0.0484885284092857,-0.017740604297151075,-0.0060708947304562695,0.05411447467519802,-0.029297562070067246,-0.023595968203747243,0.01418594278218543,-0.020676395914890597,0.04599122628662242,0.010725088279348453,0.019151707443736902,0.002755484943877165,-0.018816067668219593,-0.022397207769390984,0.01745578955957966,-0.011606705207580052,-0.035681683399626685,0.02390784440154535,0.007708244211343466,-0.005443291900915138,0.003695691353067771,0.028879064287057873,-0.008360469030557014,-0.02178572712942555,-0.007247285551510938,0.028402361287602602,-0.010143284140307941,0.0014242110808575976,-0.011620604129532726,0.05507940919317717,0.030745071849675544,-0.014385185975683343,-0.021300236334766538,-0.019552631646468942,-0.024975499192057677,0.001611960580003337,-0.011724914329450614,0.001427019573598138,0.009283992680556692
CE7,0.00015399718390591248,0.024202632312878215,-0.025074665917508294,-0.009741888248244814,-0.0382555568451298,0.0015975512843967219,0.0007276289413637557,-0.005748250536513977,-0.038427102507625766,0.003102618083462143,-0.001182612342317104,0.018460731170921615,-0.03385060580724679,0.0024446883966817287,-0.017220459755661364,-0.00781351420010681,0.01635825250265078,-0.0075068354710445375,-0.016702226150589815,-0.027548349548562542,0.011843809316324247,0.008883595488841316,-0.028607885273804732,0.036131002756628956,0.008159022666077462,-0.020229815108078964,0.03316422993355692,0.028767486712215018,0.04162541109081427,-0.04389647827869413,0.0021570763618389433,-0.04793589258069077,-0.012882178825101547,-0.01565168320474528,-0.009618486896971378,0.011914814014184085,0.022409782795209963,0.02930137718590005,-0.02243165452994682,-0.02035227487965094,-0.006808599904799933,0.004197407690221799,-0.01938381140495077,-0.003685826694259186,0.03708746229006797,-0.004288859096983324,-0.03720159759702581,0.007872300795335302,-0.012169930066479791,-0.011723481874295876,0.0031254889878014783,-0.012065808302527905,-0.005097932287931798,0.01659340218519276,0.005547943014100062,-0.004490803502395739,-0.02709209438069084,0.007578563750926006,0.009153721058101163,0.020459991465089453,0.0035423685650837096,-0.018139943681851935,0.006364701555079975,0.006667650332732239,-0.01424426937074589,-0.010774231315225992,0.00045012772531803765,0.01733201022046557,-0.01046610371135937,0.01531626175953206,-0.006399756266255784,-0.018321966573861974,0.014734297612513795,-0.004022631706944585,0.0035831295508320796,-0.009149904088069687,-0.0025557488737612943,-0.0033201256234276005,0.006094133349900701,0.01866865134635541,-0.006843856133988488,0.02274036066599525,0.011163168272127684,-0.0037671082326832524,0.0008603612849019339,-0.021566746805201147,0.006416833138236062,0.03073479454884971,0.0038109163088445924,-0.04677140915843673,0.01211815199179294,0.031085935580645097,-0.008156741275504005,0.010160407967415913,0.02366143815793656,0.019521086416632572,-0.01697683317158231,0.0024860476793343088,-0.007298447794066171,0.027471172015133213,0.013721251964702473,-0.0007296073590603613,-0.02227887428024258,0.0013041118383148162,-0.011538219736194363,-0.007591550615955396,0.006653217556537219,0.004689130723550201,0.027828969905055186,-0.00690596148760535,-0.00592379344775048,0.008072553400995797,-0.004941649019126341,-0.009324411709980574,0.021649975294495662,0.0021847436914209685,-0.03456312549236065,-0.004154143582872598,-0.007039907389933512,-0.023610978794074453,-0.01765300110328524,-0.028586102856050472,-0.009286657411633573,-0.002840066356643445,0.00047273028247025355,-0.005150023533846919,0.015771988897535016,0.04958019555084548,0.02054554392461914,-0.00033516842579886855,-0.027036978860593627,0.03265292950692027,0.024860959942909863,0.0008645941945529583,0.02948521130493401,-0.006949293978773443,0.003337021027474297,0.01110506301451697,0.001803871417401091
CE8,0.009451928367859174,0.039148411733970837,-0.012396561105073211,-0.0038054904154335707,-0.006918716249665006,0.017043032978708468,0.03180526214757592,0.0038250269442116763,-0.011236150429903217,-0.009734653788905517,-0.016998827566113726,-0.0021831336027510993,-0.03312305913838775,0.01214857889440943,-0.030200312490165027,-0.00973265183636621,0.026440426763080865,-0.0052429393526951095,-0.030223101084633327,-0.016373611267538942,0.02325929145842546,0.026335703282984277,-0.029237241922766444,-0.012445749015815423,-0.02942999189940321,-0.02682786113566455,0.0024333211782766,0.029341448529088834,-0.015294241807713134,-0.04845999553616938,-0.0047403403848421365,-0.0150210129923384,-0.0036289715366787613,-0.01641820870082024,-0.050034730279161575,-0.005070778078723037,0.011216700954363263,0.003852821537543422,0.013584264004204448,-0.00048349079346358937,0.016897925153391228,-0.00645247375381694,-0.018145170268516926,0.005590114533085171,-0.003207430174577492,-0.048227918815497636,-0.004054832722061929,0.0015329523252104113,-0.020760465154896338,-0.011143390147178037,0.019968303682704015,-0.033211488725900434,-0.00635695804162146,-0.017677230898417703,-0.0035230549303566124,-0.006394141252568615,-0.028961451278447146,0.0451513085932982,0.01885988141428023,-0.001779276474643237,0.008210686808546499,0.022535455329563303,-0.006057362808057133,0.008785987126408715,-0.004497825327407376,0.008501088955362371,-0.004235395805148158,-0.010271995444183538,0.00966110800088165,0.0038276337278777793,-0.004555431944141689,-0.01492361756356995,-0.004625302824292506,-0.00813854264202095,-0.009853672403502288,0.006993815701926402,0.00027280661822636886,-0.008142243631822307,0.018836501475399656,0.01989406208566992,-0.005870815618477695,0.0317699450674827,0.02876010601335699,0.026930222596666113,-0.01508030870324705,0.006587530388225837,0.00498606266206325,0.013834561107701987,-0.004892334679588852,-0.0029463703200735174,0.0220434940536125,-0.004793165834083368,0.004072117953889777,0.008291162089592165,0.008458399677699917,0.023193994392531333,0.009656723946662546,0.009598688406603167,-0.012481737136037724,0.013774620599348602,-0.041811250437374416,-0.0035343324704799,-0.00044757120750531964,-9.043366825870433e-05,-0.013993007637004748,-0.004140240894200242,0.04375738104088035,0.011773069545971118,0.005972908623425398,0.02825427252341273,-0.028286782655547325,0.02459980581671586,-0.008408719063754667,0.004344100772936742,-0.014698182309536683,-0.004708179741459953,-0.035153062032914656,-0.02286561898910515,0.014067005085640046,0.013986798169416958,0.0074834851400549345,-0.009114547638028237,3.376053349569693e-05,-0.0073859567346594495,0.009596624988354452,-0.02592793592821628,0.0058674394186665115,0.0012544121983709322,0.013407367929511511,-0.03993218560888797,0.011330439728149313,0.02117987945487653,0.015937353308200022,-0.016143455590565528,0.005466426778124218,-0.012773011968837596,0.011993807671101876,0.03794430473918742,-0.016366317943216097
CE9,0.0026978278211965212,0.001727614133162504,0.00518624503655994,-0.0026313945538406253,-0.000346316727487415,-0.01589914457359337,0.011224554156898018,0.008583934830508573,-0.007280291170437267,-0.004628813906929098,-0.009533370795911076,-0.0021855708993562526,-0.014811972498769721,0.007327412016777647,-0.004192865085392606,-0.012385275282063138,0.007513947033415749,0.009025227151741559,0.002062710447933719,0.009419365191551442,0.004436006663204086,0.004605351329222942,0.004646824800931561,0.009358521160298384,0.014004304241492876,-0.002237848908192985,-0.007162885103435214,-0.012521411700893992,-0.00034063038160205727,-0.009862310274558646,-0.005310346720349963,0.0166746743183071,0.004962950039066208,0.01525060799399688,0.0022195704487331493,-0.0003884499378928311,-0.0021479262028931585,-0.0008638747337477997,0.010622425503608712,0.003322543630397646,0.016730259514612506,-0.0015288853771803302,0.015397778044547457,-0.009854578466146992,-0.0060772695634320065,0.0008808594636079063,0.014828554927763086,-0.009503120231090284,0.01190450610638413,0.006725383253291076,0.012987888210168098,0.005795502065267613,0.0019805701128992295,-0.014788826689420395,-0.00897022372589555,0.009862214235322797,0.0046413907839796655,4.954671754896359e-05,-0.0019785435148976407,-0.010408514695417792,0.01267684947676911,-0.0007677142373338835,0.013943328485187199,-0.004835963049008571,-0.006913763736316857,0.004036270198010411,-0.002216061580473313,0.0028337899625536503,-0.00817896600745419,-0.009863657629093185,-0.00566398692211967,-0.007264691024918752,-0.014247938909821647,0.004449777785557723,-0.0028691346278106873,0.028302755828916417,-0.004989746448652607,-0.0038228095256243513,-0.006055443228068534,-0.0031481802656409016,-0.0017248357236693615,0.005660097680067799,0.003951046402584798,0.002426931333068366,-0.010308504389913856,0.010758404141279501,0.006040545928195936,0.004294142016326451,-0.02047064433664862,0.007634845335871436,0.006946492916237591,0.007413221781725829,-0.0019678865505381414,0.005361993399275916,-0.007466510453036265,0.0014824315061110363,0.012623481969161148,0.00166094736445881,0.004699763453219794,-0.004079405726270841,-0.0044639601848443095,0.00701309701994631,0.006669003003726233,-0.012929987651108095,-0.006711801056559981,0.009639278597655558,0.0020513844933776667,0.020057493785181412,-0.013823111630922279,0.00412126902986489,-0.004902797753981974,-0.006051666595401435,0.002626621182743801,-0.006714644107819781,-0.0007261859140883847,-0.0013711711159467728,0.0032896368052032785,-0.00380496180372945,-0.004178226503208858,-0.02322186002818636,-0.01159736586396326,0.01129635825901493,-0.0025438994352782554,-0.0029814823481044395,-0.006229467431188254,0.0041631596260760795,0.018690836745088982,-0.003136530944517882,-0.0009974325235272044,-0.013977943738529721,-0.018665016333423094,0.0066376881736800505,-0.003831041920509807,-0.002195442695486063,-0.006702634169739783,0.004126563369102859,-0.008330338091255579,0.010663143303369784,0.011031192910610901
GH1,-0.02365105000623331,-0.008001020080629395,-0.00917635890163087,-0.0021183503475243662,1.2620765826781188e-05,0.0547915020611205,-0.00667015954705665,-0.001104748506392386,-0.020605554344933955,-0.0008260921193946696,0.049482288964527534,0.021215763633331837,0.022658652785165774,0.0185802856803642,0.012135211769735109,-0.041807325135776126,0.001778767489400847,-0.011719611349083957,0.0003045468668618604,-0.027637925123444658,-0.017977031441277373,0.017989750018985673,-0.01262668905457715,-0.03538012447612045,0.04083617214483005,-0.029834558315981554,0.0473277960457441,-0.0017872643740296057,-0.023389658747306058,-0.009545353018221498,-0.04386742713880085,-0.006234239032885746,0.00564426622305486,-0.017242169704757823,0.022878327089291585,0.05777267065784716,0.034148594570543055,-0.013124861860097764,-0.07374797972736402,-0.05861304237961965,-0.016928842838078394,0.028851043461781075,0.013655768964291104,-0.05873134336336094,-0.0402455356816686,0.0009574008547747367,0.01991000701754064,0.042091916791320655,0.01856862866269609,-0.020830965207127822,-0.008142703798322368,0.01580698601011365,-0.03482443212793133,-0.010395837208640703,0.010642565715463024,0.0068255748411391775,-0.001687655615571044,-0.0012624998901862362,0.05009981986486621,-0.012679222514648088,0.017649146230228115,-0.001378381122163009,-0.015748535317706876,0.015541523574835216,0.052978726166300935,-0.025353829641887513,-0.031976016414605686,0.03891835324352869,0.0052923089826003465,0.03589382650309974,0.0030913785714981688,-0.010428923107548959,0.03732931733427487,-0.03760924402359705,-0.0097184053650333,0.016049145865122884,-0.03677258020639394,0.013450746791468212,0.014081984583580358,-0.009482556211165913,0.01689630988229784,0.00035261436969742324,-0.004279271231306129,0.04467373546283421,-0.04926403638111624,0.04134164860393881,-0.0015415028530997125,-0.01282677302329294,0.02121072584919461,0.0031581708659326043,-0.04235453666775974,0.001936436260511057,0.0407379629684402,0.009024837491222472,0.045998357815434085,0.002651494979723539,-0.02337326878789795,-0.00367323759999486,-0.0071242735898547635,0.02686357245525993,0.015192822681744711,-0.02612009750611924,0.03043968184589331,0.04004618870275817,-0.06716524407574732,-0.059918231023659424,-0.03210127582467522,0.0007810575167533554,0.07061588309111301,0.017295310916369645,-0.021392315146648654,0.00997097326622793,-0.06077272402722924,-0.004846085226198515,0.05629038715813623,0.03759924573704097,-0.026870537816982697,-0.0158572405913878,-0.01037368550965493,0.04104350109749782,-0.03634083406753527,6.138203142139271e-05,0.0025776768078649287,-0.002289646525432082,0.030930184344735406,0.0790817230765924,-0.08447038114323228,0.009211128961525926,0.05013864687498973,0.034236628007648026,-0.0426062951586649,-0.007238573180218334,0.028882163896705018,0.010001600149643498,-0.029918262179298116,0.002415883678830697,-0.01325659480337472,-0.0038712890033559405,-0.015426671925367553
GH10,-0.022596894227983996,-0.007523031727267998,-0.03285994845285992,0.01257173396369193,-0.018679307558073305,0.018670795894472708,-0.044481355573012984,-0.03022507876333987,-0.013532324105291949,0.018740286115682774,0.004075236518576141,0.00688567471125138,0.024658578638294834,-0.026008607338172382,-4.8114541571348335e-05,0.033759603910344,-0.025990607125795876,-0.014750316910029286,0.01732438751236671,-0.018396334201188247,-0.021675725513116247,0.01704657034755327,0.015410976516539178,-0.015125490152589958,-0.0007096734900377553,-0.0023966877486260854,0.04375056970051038,0.03868246841748788,0.015231892491509006,0.010063497984901464,0.020067568886848797,-0.04904888308611499,-0.004399126383221078,-0.029105906835575162,0.007456454004946056,0.018878064555758654,0.04621711241478424,-0.010923649450942628,-0.022898383920848035,-0.02070193291552846,-0.02003708882791411,0.010376782753027442,-0.0519017307420411,-0.03191637786889759,0.05028867399180839,0.002301107605314281,-0.010705499421498975,0.007890991578934341,-0.021568771243981547,0.014206666200804977,-0.026610289460464176,-0.019223020732511763,0.011222203046377348,0.007100590395326704,0.052014191187829864,-0.01140179079953136,-0.01540478844621086,0.029305694541431993,0.002710176093059755,0.01233129146224703,-0.0009125110973715236,-0.010816302681898378,1.3974499026234317e-05,0.023114698656103726,0.013045159814340868,-0.014582939850684712,-0.021433762248560785,0.01062476318937404,0.02155969463009116,0.021379280775834814,-0.03201065917302083,0.004251465047012246,0.024723586848393334,0.020528575847736475,0.023789778935779767,-0.043845641269616445,-0.015276803043403798,0.014136788817469739,-0.017991418105906678,-0.019778903183782587,-0.004721684296551351,-0.024453938815351673,0.033762429425248944,0.003190231324209034,0.007326497849642719,-0.004088201471742763,-0.015422720821279247,-0.0060885441674498764,-0.004135205307229987,-0.015116816368399842,-0.02400268661395047,0.011438128559510985,-0.009859970844279057,0.00048561661983830977,0.024616985953644498,0.003306226060750838,-0.014359936089101577,0.021383221504565644,-0.0019919799131854323,0.056138258803748405,0.02059603676988647,-0.024975995196966635,0.01431921966693564,0.09008398463215779,-0.022776496967531305,-0.029532682390602916,0.0022450422948048997,-0.014008555325093312,0.04849252787597921,0.009886336349970614,-0.0038548114688474514,-0.00029510196051302473,-0.017994334760469244,-0.03530163072368481,0.0022363724298209357,-0.014132007628607654,-0.06104716162019539,-0.012465104386891785,0.009851914924647875,-0.0024647139557230848,-0.00860987865151895,-0.00367851251207083,-0.025127370356374978,-0.031086804742125253,-0.009443432100419223,0.05531406492179574,-0.009028853735212021,0.012111106885545416,-0.008330914772503722,0.052276382421177034,-0.007568324890531757,-0.008799214757536904,0.004224296040654959,0.0027562144429373187,-0.015936715371187925,-0.021865850672519355,0.01358679531533839,-0.010269150225171607,-0.007219163536560913
GH102,-0.1331813125248393,-0.04242238279239732,0.00344472720933267,-0.15739170455329815,-0.07973702325712828,-0.1980574865398698,0.00023343231553317646,-0.023715655872158382,-0.03574989306735162,0.03442390461568105,-0.07530147618751781,0.2124007602030581,0.03233345024596093,-0.18521416059118162,-0.05004965661580585,0.10280808218328781,-0.0494299716467578,0.0806912246183024,-0.03735098538093535,0.12844681374972067,0.031203668860934657,-0.03083851605488098,0.057162491011568506,0.03843411160216227,-0.22047141666485356,0.0053376486923066725,-0.10950313493313621,-0.1679567737826689,-0.11949698777457109,0.09893793444255441,-0.13119335422064674,0.10141872703575554,-0.19204330871125833,0.05477173064369568,-0.02782733020258943,0.0493996439731656,-0.10466650327436723,0.3099577041227249,-0.051884331968645676,0.042266155800003154,0.08920428135193542,0.021982258914946942,-0.10471633905506245,-0.0028664625721497687,0.09019785205748436,0.09802337866007618,0.15488796213946865,-0.044560499609668396,0.16712782657567615,0.15092442275570334,0.2996731932061101,0.24258904753206353,-0.09537439409025746,0.04659667638727127,0.15948785020514541,0.20482615518183997,-0.1215442011029031,0.055149316208129635,0.013043233575047159,-0.04054723254011182,0.10463866917259061,-0.18104792776676024,0.004690918949600152,-0.27536801126263144,0.025772986225170377,-0.12140152729960771,-0.16530016066509515,0.01584962549186665,-0.06632674658930793,-0.39256433161169746,-0.10558827377307166,0.02235311737249637,-0.037780874072247686,0.23648145653932415,-0.12368028035984387,0.11987793484290765,-0.05070032699337944,0.05584253086510475,0.08475353562574527,-0.15833028096290064,0.29111127567106976,0.01413488294182847,0.05800217161653408,-0.09647120729092215,-0.06450959756235909,0.05452765305925616,-0.017303794645539557,0.08104273960367218,-0.006706202160816739,-0.08118525571591746,-0.13479742200963493,0.11588354116851321,-0.07867983614126729,-0.06528741095168127,0.05004524347337502,0.037958991198451454,-0.008023278615205947,-0.05696814252810533,0.16667711388463768,-0.08770143103735485,0.05905337850173805,0.01819606656800066,0.012933013401534523,0.21852067982693563,-0.03331123691152613,0.1504185193182204,0.10523054177257932,0.008143666691378448,-0.042442721431264666,-0.026230334659970954,0.14538791734998657,-0.22500765277378473,0.03958368171387984,-0.03765602482942842,0.09820270622802371,-0.0503598934099285,0.09575769211320695,0.003238793539739026,0.027896500698620014,-0.05356696581282786,-0.10231761997413963,-0.0300705790411005,-0.056501442155452934,-0.08187255142275136,-0.09255884878693141,0.0010533970214468594,0.08793508315108114,0.0923152649703346,0.13440621555678756,-0.028575057768985723,-0.09319672257192461,-0.11146022781542947,-0.07143941837830702,0.04453805190147019,0.0525387730234809,0.034419551601170766,-0.0070039281716743045,-0.1307987178493714,-0.056623975501960695
GH103,-0.0104514375885113,0.08458222718455326,0.08183785709545184,-0.11334089683224266,-0.09190446009674293,-0.09524327961596557,-0.04544921383407833,-0.08766672195537809,-0.1657750551164624,0.06311755073525878,0.07339727746906526,0.11062434099394548,-0.10093502893685989,0.053432810098818756,0.04739169955147198,0.18202202018970753,-0.017131804386543173,0.05811801542054369,0.025725666517291444,0.007710854428646145,-0.13876044820215622,-0.00444637361838155,-0.08364840416594069,0.1691561796183772,-0.04549436808540292,-0.019476773967893598,0.0899923268858951,-0.06300677528271482,-0.06280688722482126,0.22232127515894126,0.09270238210095644,0.004559237588978235,-0.10744849744820709,-0.0021526146293182158,0.09565153129683267,0.09415584422535328,0.09032852199371977,-0.02801670596773529,-0.1360202202214885,-0.020146314736538044,-0.03201385814786094,0.010711258321944745,-0.00775990210279398,0.07782368812942854,0.0182350341905639,-0.14782867050742884,-0.0901160127380649,-0.33552408613723256,0.1664165056107536,0.23419037415392815,0.18635492114569108,0.2282494794124014,-0.06913422987377649,0.025723980975409524,-0.02247804473205166,0.17852832061845983,-0.03015820545332804,0.256492529602687,-0.07205477884599844,0.07033395820200039,-0.017848065736058516,0.0033669740127854906,-0.08136851583452553,-0.1527197975976996,-0.0632813454533583,0.10311002051963193,-0.14190827000466796,0.14631230452904065,-0.014243886180293147,0.014833548340019041,-0.11547666218919872,0.060219069024669426,-0.1295539907504599,0.010669406965708622,0.11591481104163058,-0.19982071271988794,-0.06004570593996479,0.09241307919401856,0.19230215205094095,0.0068422613956901565,-0.1901014401568037,-0.13560536617160657,-0.0332649855897086,0.119918461204347,0.25691716021296107,0.12475205493912199,0.018180209065572515,0.16196791026620813,0.1635081153009875,0.04052141084716751,-0.07426573651680168,-0.051970268032512784,-0.19296830577835525,0.13614506401332324,-0.2987254671739444,0.2118581875742748,-0.0562825079624372,-0.15624280753638028,0.09591062174898157,0.0129222094877742,0.06964111192626911,-0.05889009084495156,0.032676189908058456,0.09281184670084358,-0.1315924497405619,0.05938053098094349,0.1288532430094992,-0.10084607899379365,0.20991546517354695,0.1212959388253417,-0.046571435882973154,0.06793598346495389,-0.0317764378621436,0.037127865311490926,0.025960480366116003,0.045153060859097156,0.009331849373799968,-0.14765757789195585,-0.025512535179837762,0.08958957041587765,-0.04304713807308038,0.17286552666849173,0.2105154446563962,-0.05880239360275236,0.12413577323215823,0.15105840047925476,-0.1447464544123212,-0.07941441641088459,0.22795717327719134,-0.041810700983053346,0.11922621417631943,0.026703053306416376,-0.12972813145375,-0.04431537831455537,0.07770872346622737,0.05724838796756751,0.020799668399883106,0.002243600093963741,0.01475166516108439
GH105,0.008412539310778426,0.004039776849383916,-0.0032182951097084506,-0.0008731055294072315,-0.0049272461472574655,0.000642703545167197,0.007066831066988865,0.00821594571212631,-0.0018971705530353288,-0.005114408991983002,0.00273827406896322,0.0007699857299386577,-0.012086185078068929,-0.01078718012409649,-0.007679959531580566,-0.0012851737037767256,0.006063334297291736,-0.004456039033210628,-0.0030040717213179824,-0.001301491233977952,-0.0037096584845516226,-0.005360088904680453,-0.020603625902897275,0.0017083156795670432,-0.0072929751859232535,-0.0034713212651668562,0.005858066097309227,0.0022985436798078863,0.00920416274055187,-0.007834754927332134,-0.00960208974666635,-0.0009849682619584065,0.006210740770873654,0.00022495849541857727,-0.013201741890750783,-0.001287427784586532,0.0017375756860748676,0.012685524849931584,0.0042569710728725275,0.007862708095596395,0.001161384599963159,0.0013675514085122655,0.0004640812357166722,-0.006470074206534154,0.000675836599357156,-0.01524330994539105,0.0020263683283969617,-0.002501158114279343,-0.005517849797948131,-0.004569882668984792,0.019567946876249177,-0.008509838596496393,-0.0010807419784301783,0.002138091270584328,-0.007987216073313824,-0.007723300697576583,-0.0040823525672831675,0.00966694173118484,0.004406421960116343,0.0038426182045731565,-0.0002721015970690778,0.0002789066152271583,0.008653692592337557,-0.002359222991408414,0.0017728708674025298,0.007243530789316893,-0.0005525679654308541,0.00283638592656162,0.01401411187554014,-0.0026997577657648956,0.0022778507899044054,-0.006710364461996074,-0.01276377886074831,0.0024988413831823274,-0.0013733516182022763,0.003178866908057558,0.0004805111394067223,-0.0026741096729991937,-0.004197033375605389,0.023057405043551877,-0.005664474870155164,-0.001279032720218669,-0.000891520331859703,0.003384257413988648,-0.010093384105039136,0.004910061466613126,0.007619402659350816,-0.0031724476180999633,-0.007186211178157057,0.007521193265932771,0.0011859107506224076,-0.0019902755356243284,0.007571822367201722,0.004274839968559137,0.004990016443227493,-0.00019351818237024952,-0.0001517892986292515,0.011632770217088726,-0.0010979477292323771,-0.0036772151524143743,-0.0025132893863127623,0.007364878316520381,0.001066835142234261,-0.004397598263302273,-0.008789008962791575,-0.0032084692734658266,0.003961740904772235,-0.00031768914724656955,-0.0059245351279604164,0.0029022871062723845,-0.010816338593049564,0.007145773576157142,0.008785977112557988,-0.004349321699227406,-0.0018248009292287312,-0.00020992892251719996,0.005833374198652525,0.0012830769583758006,0.004339407349055696,0.001132401631703744,-0.009258416222730197,0.0064629654365340175,0.0048120758842387715,0.0005804753856625106,-0.0025009126878289016,-0.009096806148624752,0.002488887916802933,-0.004565833740293963,-0.004818382502127785,-0.0054322230081968095,0.008144758334133698,0.0022214603472047265,-0.003081239903054194,0.011215094984266734,0.006970828635872851,-0.004744332582999886,0.0012971765913357305,0.0011925441157341669,0.0016615060031524625
GH106,0.021032123450931035,0.025807278930300832,-0.01833461347676924,-0.004248577173867081,-0.013480636656757364,0.017235239767633533,0.038483176883921916,0.010080356255276946,-0.032468959137637476,0.01417230401476428,-0.022209236607718338,0.01086119368740725,-0.03583242586241488,0.0007616495291646003,-0.03697833276774249,-0.0063883486676390945,0.0284675638166006,-0.00986467013754475,-0.029542778635692827,-0.013105491619101477,-0.0014237397269686648,0.010204662727048869,-0.022720690319075972,0.0038131695319222492,-0.007591830633192644,-0.03253649347687352,0.028663146362567962,0.02627905241871612,-0.007792073647523271,-0.051370206390089684,-0.019576342228577216,-0.03947501627422929,0.006099695620015319,-0.01266554679752112,-0.024924369470106893,0.005083390230137672,0.003094276738782505,0.011427275134569658,0.005249094498998241,-0.008254125266292779,0.006977689519191825,-0.005647182193243102,-0.01316663458303027,-0.009164184148370929,0.013448535093668477,-0.04793006758688437,-0.010828310738919617,-0.004113988907151635,-0.018325565987184125,-0.007121884630025679,0.0163231271776033,-0.023899372800023445,-0.003562197287166973,-0.020742358447481186,-0.004939256394320859,8.366124337266547e-05,-0.0131969799158382,0.012248351939154493,0.027002956474582358,-0.0048001184329786156,0.009803214278637312,0.014623302217092701,0.012370770161039319,0.009603403648226918,0.0018621959587661675,0.0072079456720125085,0.006495717235627307,0.007587807559332068,0.016234680990690174,-0.0026453117975272873,-0.013692604961842873,-0.00649288283442747,0.0016341315968946824,0.0024039938438452486,-0.013636565760915478,0.004591266652374117,-0.002415587149509083,-0.019706846499996933,0.0026637109629765775,0.016716182386446524,0.0019075392800416914,0.008171265390641414,0.011594003424552399,0.019081579045380725,-0.011826386991817749,0.009941971470071462,0.0006384151907423005,0.011274586866111283,0.010724055229278993,-0.01489684743077577,0.025708645482984436,0.007980213881537739,0.002375657327031538,-0.000499886264393869,0.0016936563203919467,0.008045603489096304,-0.021505528304021106,0.0024803342679155962,-0.012255378798412578,0.004121751464292721,-0.0049266646687109745,-0.005874721780156416,0.013101110102636702,0.0028188396991906195,-0.013426701210985704,-0.012785496298676329,0.033852373990007435,0.01355958244719981,0.007500402993226831,0.01815260545022808,-0.013494897022179953,0.025463095835047914,-0.003347594632632011,-9.71724961696399e-05,-0.00029385458200475035,-0.010004840263061653,-0.01433143072875591,-0.007789031178304095,0.00313190406565723,-0.017194899016536862,0.005151689098247602,-0.0011620672851044211,0.008171420295987893,-0.0072889562267255134,0.015590646098029095,-0.03135051870068226,0.013701988359495352,0.04096920728696882,0.004210555344730681,-0.004718654259281674,-0.014553800060121705,-0.04644304615274902,-0.043785617874306355,0.005461162226017211,-0.009812907318533454,0.0007956968187271885,-0.00423415988737872,0.017455272386825822,0.005768929704949146
GH109,0.1328306094793353,-0.12678757207873848,0.04878747085439902,0.04119692548976236,0.016346680253924252,-0.04570228662081609,0.01736392600686393,0.019403740287719733,0.007499587418619981,-0.04871563516682495,0.011103677201152759,0.013297506971037263,0.03978379493695969,-0.04009231363135932,-0.04995054054824082,0.040118394766577435,0.03276930956203335,-0.010931049947615947,0.002227181193350833,0.024640407228502925,-0.04563680163124574,-0.03067766764261327,0.021310706163367183,0.08472999204136072,-0.002850945878816247,0.001482764930990525,0.022449714484638974,0.011919064802311648,0.008959042666979607,0.034348377746260386,-0.0020836122548598362,0.06358156765679443,0.11391123281002348,0.04016834690428279,0.03229359328042688,-0.04648371066969399,-0.010904799510551066,-0.01168222924166552,0.0434550905085236,0.056883201514453426,-0.0260552248623459,0.0091663274203864,0.05455820787700124,-0.04532497581249492,-0.033616473972464325,-0.04479541815025839,0.06387559434607178,-0.026274710411819613,0.012189104778194846,0.03784771679265426,-0.025517050173929322,0.012615558955691194,0.05260786879099867,0.017262448265591663,-0.04166927989268331,-0.017277487799890866,0.03048783558515522,-0.05662786591397721,-0.06337918907415702,0.01804803488700392,0.032124114386615256,-0.0011317293072010805,-0.04248458081981198,-0.014932882124087868,-0.022413168639904942,0.004429386493864665,0.033103659313855345,-0.019866991586782613,0.01071695164608813,-0.008696031022613309,0.014774904954539139,0.044903522058454846,-0.03463266856731508,0.0021787311581527666,0.001950045800877045,0.0016321858292556392,0.0404928480679697,0.0335269417796523,-0.01466998581443972,-0.0020015407911789414,0.024918717180965583,-0.07748425196473654,-0.02347231082053936,-0.003886334513078489,-0.03981542048484804,0.018180997131064833,0.023509093871683037,-0.007209509400831985,-0.014052578822230193,0.02008477911652506,0.01371381736388485,-0.0759946791796066,0.053597275402614684,0.04007315306888367,-0.02635747062788682,-0.00130032291499549,0.04577761173755308,-0.03505463742997253,1.2102971782414281e-06,0.0019453437292694454,-0.0027242821160468477,-0.00644747062964608,-0.03458294420562419,0.0023400604953107487,0.002097102107970437,0.044187112315780167,-0.009665023560148823,-0.01663902965230692,-0.029252143117451893,-0.028664577162453755,0.018224975446409598,-0.0013986566646512814,0.031251498354105574,-0.009651139425380964,0.026808162886367535,0.004147643219571451,0.09189996811524935,0.03487344635103636,-0.00773928374841803,-0.0036820864224729774,0.025231230426208662,0.04788675510978793,-0.012517058947694247,-0.041407099131937006,0.00704164559759067,-0.005630681765670366,0.023715359514115596,0.018762532255917383,-0.04444299832298469,0.013239265671733287,0.010255322808305288,0.0021060942676181934,0.030471647619675205,-0.09716756871277653,0.00123942428186602,0.02719503957118872,0.020348170999408326,0.010247812212210702,-0.005891946277915135
GH110,0.010154805621971649,0.003949110086428375,0.02921945743715756,0.013289132511435866,0.022349796905640675,-0.018842807891781634,0.007667531148048071,-0.00019498407793613055,0.018193980547955155,-0.0016881533844738607,-0.008047683362314859,-0.008665362807854144,-0.001348570586529185,0.016815538113516774,0.0010132939921511778,-0.006744542126283223,-0.013094723657272999,0.016568920339226956,0.013007051903181502,0.0227404854836897,0.00869258685247685,0.010616628032523332,0.019370957590728738,0.01707041277927023,-0.022349210252061345,0.017894079723149534,-0.014119988537732634,-0.029539736605759766,-0.007943004008384229,0.03160240646943359,0.023304883587279435,0.01979266548069748,-0.004715862326086216,0.013870842592485269,0.002858101883435591,-0.02894423810116767,-0.016432566449635228,-0.03176886614894456,0.022279478434889016,0.024691951822759607,0.0019799618074292044,-0.00217113944031318,0.024645407258594786,0.012912357645680337,-0.0167447974766699,-0.009197607255970096,0.027682705417455676,-0.005173222907217963,0.023280837458393353,-0.0060426693849139805,-0.018306995463344012,0.015969686966177087,0.016843635902111014,-0.01364898054323752,-0.02177531972873223,-0.010031270736416934,0.020440021377023443,-0.023296090634553027,-0.018441493515260268,0.0033408507554674757,0.01892120382055189,0.0042348554348143,-0.009308613682693761,-0.003019495750731486,0.005740022414069235,0.006471921435589533,-0.006909787669146494,-0.0019173107689608262,-0.005753878066618165,0.018945282732638985,0.01833139570812651,0.0012412604383862545,0.0003492927984774465,0.013294362588253185,0.011744039437805928,-0.0012736417971873336,0.003054570249569339,0.0055896429553395285,1.6565864733248282e-05,-0.03497127710077244,0.0290293513587818,0.0004870580538534342,0.004768630198213604,-0.02966159358072862,0.017581078457106648,0.013023065669390599,-0.00823354784812992,-0.007175131915627637,-0.022638855884974992,0.041610167900324666,0.012608450054175503,-0.026211245102954705,-0.017278777795798696,0.015289662705105856,-0.02525133329473891,-0.00228823264466184,-0.013656578086165478,-0.027031586344833665,0.026972682496797927,-0.01233721014092488,-0.016351971007275437,-0.0207916577507252,0.018329574436815713,0.022131298978975374,0.014760873511542826,0.002245041725193938,-0.012334619903506058,0.007683088008422096,-0.015827475119822184,-0.009903885562754344,0.04223105692971945,-0.012613900847141979,0.0006219183402304799,0.02034918336853448,-0.004361873081844916,-0.02308395954771319,0.02172248351890085,0.00395634144695236,0.0020697932332684227,0.0029046493879576556,-0.014348760167246908,-0.0078109937180560075,0.0021468612108588264,0.014181910723212211,-0.009292637971829549,-0.000727460946092102,0.026693692087457355,0.003645939052753837,-0.017569961982020738,-0.00535380370941873,0.013898970341565915,-0.00673342404896651,0.017623730332719394,-0.014889369785288932,-0.007634053499874972,0.026002136708823356,-0.006794644680406598,0.005350051165868555,0.029166326647635247
GH111,0.03936370146124933,-0.020480393565701454,0.1629212939298137,-0.11484846459386075,-0.06055656157088062,-0.05485953845733352,0.09165341599934443,0.1259396116438535,0.05908363282598374,0.033920575874185906,0.08982709940284492,-0.03986993231696079,-0.09747182619041238,0.21889672315170758,-0.16891700021122447,-0.20878080063861762,0.09726180956706439,0.023210469771948333,-0.17288065866750418,0.1606187695275583,-0.08925372532332716,0.08609526780854625,0.11242723451493397,-0.06476975006010853,-0.15968943204630887,0.12810345798480874,-0.10468370776773869,-0.18257608606699455,0.11941326491041813,0.0478721200067682,0.020836346765308975,0.0013826484916007462,0.08255118348576841,-0.006668633331850236,0.0550931046764932,-0.1516286841212277,-0.17773340218841752,0.0966984992323194,-0.007524907198072057,-0.01430228110323461,-0.1172958108802804,0.005859340813006452,-0.058933921600208196,0.17409208163669984,0.07032994280866817,-0.046061363707856136,0.005967629583875189,0.1304491301664497,-0.12174548539764445,-0.0400756929038927,-0.0654131098815104,0.15269540450553842,0.02866124858339675,0.06605812623393448,-0.09879910316880847,0.07954206815570357,-0.0464046590016271,0.03515390995968403,-0.2442919141573554,0.24502222048583894,0.07004625975251054,0.12445561079453711,0.19988704588670336,0.07710606853227488,0.1291583690297477,0.11514595372420758,0.056444507100995446,0.1551038641739126,-0.17571854818920565,0.1582182349146552,-0.03376517164662869,-0.006999817539830854,0.015148982199863428,-0.08697452131352203,0.035404477765458825,0.03784943213959065,0.07205940150303654,0.10274297578291818,-0.1168751801890154,-0.10861369271728553,-0.09698221799825471,-0.21202329044516263,-0.011638602768431077,0.12163984935203889,-0.08633878303871,0.17410153051421354,0.07184309509646326,-0.12916174503077923,0.03670882954200844,-0.08177123932470809,-0.15907426036449418,-0.020040094616764897,0.15260459993133801,0.09367725050337304,0.09881438672501978,0.1672724143558538,-0.08398839409163832,-0.09141968649973205,-0.027703210648311865,0.1026208169543859,0.0025225219673469987,-0.025229423420788336,0.13314545104899686,-0.17396039522439802,-0.011647939096838632,0.0067454274115124726,0.04277391657667417,-0.13213887574785071,0.15054287691432305,-0.042114888577683744,0.1387843038311158,-0.03717730703432855,0.01852377151784489,0.11235639368871711,-0.05244120675064829,-0.10481589097072758,-0.029021405178169694,0.013061207821521368,0.09525775601742087,0.03136707158402556,-0.029532036984499282,0.032886556640650134,-0.011073319170427661,0.12013044688816006,0.07961247002977595,-0.017101815303849632,0.1180744633649398,0.1409751010187282,0.001253022462422519,0.0505086904753152,-0.05813337128433701,0.05046982273622314,0.011617126804497294,-0.05022936547585036,-0.018234064308885425,-0.008068511682121226,0.01940317295956805,0.035696511042579135,-0.058419221372918655
GH112,0.11579718074838516,-0.1217010457245136,0.02464432287649908,-0.025222509615370946,-0.009816834390078284,-0.004362246837533167,-0.012720608046602648,0.0032567459232675186,-0.010487845280631507,-0.04627333939278081,0.021357250718615967,0.017615582624909618,0.03824765893636749,-0.056368628975685064,-0.04606724171782391,0.039256579500362106,0.012742124048955788,-0.06956050301913083,0.012540943558372658,0.010779528415216936,-0.029603309358128316,-0.030467379074329313,-0.0011367571089779414,0.062095543514779264,0.05561657161918606,-0.004797956932630513,0.056870337805254564,0.04378484889796702,-0.011346054332700818,0.04508731954389201,-0.0052709786859896895,0.04066009139296367,0.11239091882353554,0.02268311400746207,0.00894631036395419,-0.009711195652488415,0.023724276805695617,0.01592509964171546,-0.014919606350443338,0.016012819697765652,-0.06338984744689158,0.024806615971788064,0.04704959929908098,-0.06388384211265485,0.002476064359598663,-0.03631756433537467,0.03005933954169651,0.00559878193515613,-0.008360881502685782,0.013588457571284403,-0.015216759447481461,0.009407669450348636,0.018380908251758952,-0.015873230689546044,-0.015780151304432884,-0.006584866191675718,0.03275359648595721,-0.027397138325779374,-0.03508581374707738,-0.02097638674899795,0.02675211655798369,0.012992406391555647,0.004396477792722321,-0.006108045239320625,0.02252295252708052,-0.009056242746031824,0.021879671995781835,-0.007556117324123072,0.01638252393264707,0.005824298777908202,0.004778649214363691,0.057548353902868554,-0.043765359214073055,-0.03675604185200072,-0.008129119165861837,0.0015532868303905546,0.03518424174966438,0.07624880917454538,0.028036409194219885,-0.003304792609026182,-0.0065866488145753625,-0.09588069010329953,-0.04210188806360793,0.03258616751749322,-0.021310423259517326,0.030674781095629253,0.0135817111711606,0.023146131870867642,-0.011787125222773621,0.005918135686538067,0.040865877213030394,-0.05908594276538739,0.07319103302087061,0.027954203426249033,0.019237658622625328,0.011184756504473791,0.0316339830884343,0.019883836720728004,0.037779915328418484,0.049939450386259146,0.04392326047475995,-0.001008577393942063,0.013312317485752713,0.08901779012981222,0.0036615664562722485,-0.006463107422795843,-0.008532319123643734,-0.012747086791148441,0.00036852117957871216,0.03471314728601952,0.0010184153864371424,0.06028729078975097,0.028520107481332053,-0.043709171226118435,0.054742015420824845,-0.0023775816710672197,0.043142166073090356,0.058366589051066294,-0.0036790390702746514,0.003914823872774875,0.01655717518553757,0.024700113720204663,-0.01688465777722751,-0.02331455494676435,0.004034586135534762,-0.007958416813861384,-0.007312232652677668,-0.0011891160523146173,0.008130255210257231,0.0021333967589462982,0.0027821137295180797,0.015126072228010429,0.013447548282828327,-0.026224917852928388,0.011229009460076472,-0.001371319487308843,0.024200843459959494,0.056359979984179305,0.015015196755573553
GH115,-0.0023569418161294327,0.004001489466738295,-0.025188192612278105,0.004420075138568233,-0.021371346371345367,0.011947046802350038,-0.01117975895147176,-0.009158956286723216,-0.01889603889291558,0.008953959403012015,-0.008025151088167776,0.005777475401727489,-0.00636334924566107,-0.014532639669824193,-0.011661522356180922,0.019628348963998895,0.001703796515181619,-0.01193461599333689,-0.006491798606226602,-0.02023387302619776,-0.006886587892659036,0.0014689804038253839,-0.008260298217390917,-0.0013190649763921353,-0.0036744670390180876,-0.013466023668388784,0.018942964916115766,0.0381607995708561,0.011288252806012583,-0.03166750912574172,-0.005948867899943181,-0.025000911989618985,0.0005981110199339381,-0.023111645231559792,-0.015282249860181386,0.01209565768846913,0.026215836576145388,0.0038061768289657932,-0.02341152708197257,-0.00712694652834793,-0.009598197288928313,0.006146933191629672,-0.029730232987902557,-0.015176721009196847,0.027844826802263287,-0.020138061730660232,-0.017125784938117745,0.00105610298230375,-0.01485138540253963,0.010390907731399444,-0.002730145231008769,-0.02473866190773104,-0.003870655676022976,0.007921777486611239,0.02339476418766073,-0.01041134201776412,-0.025074600340703537,0.02170455372235831,0.0136497066355322,0.005872669341482903,-0.010621351549474805,-0.0036387364123351513,0.011380082007938845,0.013864087454306631,-0.008160342405178277,-0.005408101468794741,-0.013300848317512682,0.007242083923672639,0.005679172710687285,-0.0015395652211178344,-0.0066391863268598006,0.012707920861615776,-0.005992646641720409,0.004723560987806978,0.0019819603054676235,-0.026081907740366023,0.007148087696081932,-8.200198691346553e-06,-0.008988905906156126,0.018826177218220604,-0.003724060024618089,-0.003662174795830182,0.018383277678511667,0.00500259897241093,-0.004722650017245764,-0.008668709386174844,-0.0023491248408337973,0.012550756533362776,0.012512563748884181,-0.022692765469431747,-0.0070081648323731165,0.0060431681696194095,-0.014219438519291576,-0.001917042456716506,0.01065093969672682,0.011564333576746024,0.0034431729298554483,0.016425381642683316,-0.02039189964186579,0.020175180220089545,0.0010654293199948799,-0.003223193999989237,-0.006698083941206219,0.006494304864507154,-0.01214261647292611,-0.008896939921661804,0.008700969180797444,-0.009779056581662546,0.03875738384810534,0.015235649122546975,-0.018977432572185888,0.0066638237777617015,-0.001253670157354273,-0.011508147722319782,0.005208635583659869,-0.006220624204866418,-0.02240311215231914,-0.006341691232141799,0.013636888423299801,-0.005816631175614562,0.011273030278902503,-0.014243088930677857,-0.0005697674221148068,0.0030247073882423686,0.005057511715518137,0.0005801147126108401,-0.009285048584198591,-0.012172762384339654,0.01939368084216232,0.016444038265671902,-0.0008996974960793477,-0.0007082560100357787,-0.016815978279169707,0.006846101380365037,0.004587985501718789,-0.014393129203765094,-0.009753507728735806,-0.0036093682013850063,-0.017224557412631847
GH116,0.022135642172281367,0.12212432301468377,-0.07903604020134836,-0.04140501768156615,-0.09073667619857984,-0.01682814101277147,0.056082885056934074,0.07699103204075013,-0.1115328946093815,-0.07083092270324251,-0.028104300254356493,0.1387980031940875,-0.1086679725658073,-0.022679035267885193,-0.021330314341631452,0.002644586646814976,0.1550951523315829,-0.04252081394450867,-0.051339630824684235,-0.14181604491736308,0.009162851056902713,-0.045427730571703344,-0.05744922400384176,0.006315165380710375,-0.011828536291803565,-0.12558945682960213,0.056325318276290524,0.011995169016519761,0.0871822470432772,-0.03988336014363372,0.11308722944104453,-0.16506963867661348,-0.063175510911176,0.1027985310567894,0.027155302693737796,-0.04480632220131983,0.10330877337133772,0.11095162546720808,0.03035892808219036,0.003995079757803164,0.12138170594024937,-0.027426330798688725,0.004419130829811925,-0.1363505120240431,0.007200338911421885,0.04530150061543274,-0.14199908518011128,0.07324716708094967,0.05511948370827956,-0.005796612289422331,-0.03845730949747051,-0.06208104090657011,-0.12708364830000995,-0.057049605928954465,0.1212664744292119,-0.023367407763642246,-0.037049594890632274,0.020433136152843267,-0.06349787923965984,0.012115741747313797,0.1300748817051094,0.015523787113718813,-0.024849428856804467,0.06637091119539831,-0.013239275233109714,-0.01696604707918358,-0.03634817756503539,-0.004950636330739979,0.05577133498980543,0.08735997913231013,-0.02974589439628165,-0.014095815175307627,-0.02154771934211571,0.16939352056773965,0.05857831296958188,0.0802798588631924,-0.20060546180671732,-0.03247910513370596,0.08925610332029117,0.06622884373878934,-0.0641447171524171,0.03616517260317113,-0.011381663211333859,-0.054704830742492716,0.017179206369470963,0.0302271693802793,0.0063907160377995355,0.05521853973994391,-0.03578936579309078,-0.07612271195631917,0.05658922130023133,-0.07601159274750045,-0.0316352594967945,-0.06642296224716614,-0.032407562425845686,-0.0266171428940128,-0.09743495587947845,-0.002005025083647661,0.06712915930662297,-0.11066667427845593,0.037793300705627884,-0.043071829226797365,0.051637983422599606,0.0833674743229782,0.06808779700849317,-0.04117963206364453,0.12095865034565131,0.014060854333268783,0.06442622612907525,0.042140602404542954,-0.009418822654344572,-0.05355428376728027,0.035753444915277,-0.011093762102313989,0.03834368841944276,-0.04781326339319453,-0.04693963327984976,-0.07576024389615436,-0.10724469461036575,-0.05234121431182952,0.016222278093621544,-0.029992646525158106,0.09540490051783942,0.04767804104465087,-0.09803007309386778,0.03620411114701164,0.09676133000339406,-0.11523642811528233,-0.031252309682123294,-0.004058411014161836,0.024810308852200796,0.16167956161870767,0.016366630955802233,0.03119370887771547,-0.02949119232569746,-0.08541778098819053,0.1907551543655208,0.011054853122761277,0.043710189721188335
GH117,0.06700263829386809,-0.038141771371949025,0.012030759247456037,-0.012862436413056507,-0.05646594487804563,0.006553527963867982,0.06689187136418355,0.0056078770413144205,0.02077570968511761,-0.004418839672678814,-0.004699270238725038,0.03302187203617824,-0.0981980978910138,0.026912617717213188,-0.11199329223668188,0.06686890427261247,0.07777221137590096,-0.004417299488581892,-0.0703211495597495,-0.08942431184776485,-0.015774386011337932,0.06342508189555462,-0.0012840392769845892,-0.03424418485824624,0.01234480103550261,-0.05502051069281537,-0.11352947508716331,0.018320250090934707,-0.004037283783530957,-0.0477020523543933,-0.013676669641469073,-0.027725090042668325,0.10969794859465959,0.01223945180557395,-0.05971941094436011,-0.02147684754642026,0.010808606318272861,0.01112033751414377,0.019434851711369654,0.05542608884417151,-0.05037692998194352,0.08241320904102378,0.05359263846966509,0.02959199113131849,0.00048735500568778935,-0.05854558746684957,0.21133453422761767,-0.020650354108458027,-0.027810081608761115,0.1527184617599539,-0.0069609710465748246,-0.10783979082009848,-0.03376945983860694,-0.013795798760588656,-0.14864723698033835,0.11883337186619089,-0.019816556503983118,-0.028048247161380286,-0.08876385196980359,0.05941101570116687,0.03757742001200904,0.11658606525905948,-0.042069243901997705,-0.0031451916358149704,-0.031406355207840644,-0.009050321602062948,-0.02905196492889995,-0.0053078266399274624,0.02197457152075564,-0.0019723580103844364,0.042056214428204036,0.0844031142738098,-0.031275221896359146,-0.10520135454470021,0.06824203820615773,-0.009448526971425814,0.16933757742034578,0.008630737119739357,0.009182554094565679,0.005016177470479578,-0.02793591649032308,0.12952349757730908,0.005431476721532586,0.01300550896271074,0.08157358806729323,-0.0031976755874550664,-0.06604475149025496,-0.05577330260455081,-0.07933781410534049,-0.006214117918907309,0.11955559473021102,-0.09680916708109855,-0.0003968906713591082,0.05742714385451238,-0.023074749714425177,0.04897423592017471,0.05421362298126665,-0.01634187039685439,-0.015450096117051202,0.0833807106331572,-0.048257401353570525,-0.05328658623907537,-0.037196016713661774,-0.0006490319592981728,-0.007755856443472373,-0.010388252780356485,0.032066547993592015,-0.0773784688447322,0.10731852411924167,-0.05847289567135581,0.0030051769680887767,-0.0204026022443559,-0.03210007769104034,-0.05350953074007654,-0.05537819439784791,0.03877240384666533,-0.08838226087894072,0.03197455894173015,0.06871413802687612,-0.023951493594136515,0.15866353635770317,-0.11169846723634139,-0.09272396061024406,-0.0797963168613742,0.097133648610994,0.03824758438523606,0.06690182432323113,0.11905845598343646,-1.7570953998234227e-05,-0.04738474085976781,-0.07649017209563745,0.0041959653440081165,0.02712609180713073,0.017864541591174798,0.07624062646491568,-0.01816922856831773,-0.06764115515122661,-0.008083484855874684,0.10770860040114585
GH123,-0.000578577720692386,-0.010076778773317342,0.023593315097229627,-0.009572421274765052,0.005236172416080491,-0.033924352826403915,0.011490330296646771,0.004699688220014511,0.021843998016587644,0.001932219395502686,-0.012599197633515292,-0.014829949039842319,0.0032280636237306134,0.057547902418209604,0.0008150833853251863,-0.007521764447840935,-0.004743178434806025,0.013927663703588418,0.0074134091797946,0.01145869845969354,-0.0024434343054516275,0.003109310283063933,0.02558461187667443,0.006446843188828919,0.008041374878323878,0.012955575986839352,-0.030845149977992224,-0.034072362673695566,-0.014880637069685145,0.02419680627206372,0.026028223739496443,0.019675747132967672,-0.011734344734281612,0.013236666174208956,0.013799080090128181,-0.01614423986611847,-0.02024894600921161,-0.015705419350123737,0.03016131300752598,0.005418287375989951,0.0051581344011146025,0.0018198556047878823,0.041317849534089256,0.010363392986272984,0.0019654471445408896,0.005924009920177861,0.02573060141046347,-0.006127573545355523,0.01714766171209668,0.0030727099083789748,-0.013163380376732361,0.016333757392487245,0.015635718432103065,-0.013164876900236697,-0.020299410696479798,0.0151847206425507,0.016247242253496903,-0.022306858424643267,-0.01688355633908954,-0.0012578216311414977,0.01963077139736269,-0.008587307506120826,0.021320479535166182,-0.010183914608365737,0.0044360228531174365,0.0004893838560219467,0.004024865474411595,-0.0018877720290073675,-0.026382462050387114,-0.003517033476248264,0.002442352020521943,-0.011699154857800655,0.007923391193051372,0.010433242475620483,0.003415141845683469,0.033661292769184385,0.0007653383254791423,0.005192862805091441,0.01873262745873898,-0.030523330669670237,0.006839520693640753,-0.013019751704143653,0.014437053983739937,-0.016218514692772485,0.0015132523056730514,0.016330015181654303,-0.008147947908712257,-0.005904255623767453,-0.017620792721090812,0.007639157861292981,0.013652906350503346,-0.0010574007635626374,-0.0135345311395775,0.014125207827100264,-0.0074468172650432665,-0.0012539504774600084,-0.021192724054291838,-0.05773194545527311,0.007834873137652878,-0.003990018740117991,-0.0036688602192951197,-0.008228124869685619,-0.004567434217948039,-0.016234107001660343,0.010803876129939953,-0.019283931822905276,0.001057453512372139,0.004977057447834745,-0.011715814652275246,0.008427677105453333,0.018745585437748166,-0.015980048394030978,0.0010072208530303563,0.010164508295802299,-0.004116388076952751,0.005227319181302548,0.012296532385931373,-0.00550985813901644,0.021513194702704096,-0.025221190990970286,-0.008157945663211283,0.012618973542978683,-0.01407265759896161,0.019437223126072833,-0.011447255799204992,0.0024407194517936668,0.02383881529137713,0.014564597207095463,-0.010060797543156873,-0.016519198541214513,0.012780656379755754,-0.008246141232484086,0.03992105045857282,-0.011916233860582883,-0.0023309352999511534,0.014332799889139335,-0.004257158993519617,0.0027450338566104462,0.0257150464865005
GH125,-0.016475649831685226,-0.009708763757267851,-0.01096152008826668,-0.025370828821581478,-0.006777674499510285,-0.004398669086907009,0.012967579777462006,0.01932480961134292,-0.02408889282645453,0.011259912543289629,-0.011167310059487153,0.011731014187033716,0.014089272230625623,-0.021396683868513004,-0.016527012104089415,0.007158684632146878,0.013262090262350762,0.007681930049583075,-0.014158830566736296,-0.012393164400466467,-0.0070340130367293535,-0.012253082815432463,0.014430466343211459,-0.00477580291723192,-0.0030606521533669984,-0.02099265310766467,-0.007938651616364789,0.01115708770116417,0.003256186011514116,-0.02026177821632069,-0.010623683106857093,-0.02150419398827646,-0.017261111748958724,-0.014778903083964852,0.0035580269380451556,0.019045618625768968,0.003757994676799285,0.033758699443461,-0.019568514601944177,-0.01860570446093423,0.02297179894176368,-0.013157897623132325,-0.0030621819245424168,0.0024741262058047236,0.0076097419796254265,-0.024193018304817904,-0.019635487118024403,0.019152679165627125,0.011711791223570332,-0.011830531246980512,0.024708963949305624,-0.0023418401682343166,-0.014408561090003583,-0.00928223943859204,0.009268223189099334,-0.0035515840155657214,-0.004237260664399592,0.019084677251940678,0.020107551126813582,0.010235000492699832,-0.011652231066761333,0.011565639256825144,0.022289075000874257,-0.006890377788661516,-0.022865804169701787,-0.012538612435252111,0.02413060232961464,-0.00240534188883514,0.00123026808119725,-0.02012196419099473,-0.01965131460444891,-0.011410927210906831,0.008731569226772184,-0.002233237170520752,-0.018180165230421465,0.010360224583998701,-0.015336123170876941,-0.011494585245892542,0.018033176398874844,-0.011175364019477281,0.004589851274063171,0.030168305475130136,0.011160847673186364,0.017017111116805834,-6.452597179637622e-05,-0.016070267912321013,0.02183713815969704,0.015418835441338714,0.004673357144376243,-0.011158440316113124,3.869403254512583e-06,0.017723745242437375,0.008726059433361594,-0.005797259894896374,0.018390850217572127,0.02255317190090611,0.010906356308107046,0.010387019155974156,-0.004321380404497094,0.011765188388119251,0.025742702660669085,0.012667643986455077,-0.016484342055915965,-0.017408253689996354,-0.009436212328751668,0.012407172250274793,0.03797035723567886,0.0006392564971520234,-0.017378260974417917,0.01962381936135956,-0.015574134536632289,0.010960294447151592,-0.006511992039769261,-0.008581785332964269,0.0034550278595495993,-0.008633558759976501,-0.014878261752380937,-0.0037382706793224856,-0.010054548313745977,-0.028132531012147053,-0.005772536174033741,0.03725477221169001,-0.0012597339218938693,-0.009112732300042474,-0.007136179085571977,-0.009884545766010104,-0.01788369133964581,0.020813517075498708,0.021139107302504703,-0.02000154997652986,-0.012657607654688074,-0.013259856042555859,-0.0005982078977172791,0.004697285592274856,-0.013143566732625107,0.016811605067345095,-0.006236348323682898,0.00994603999825119,0.018793465200737245
GH127,0.003252136240067827,0.006956065158472295,-0.02257594159215007,0.0007424360035739142,-0.02084468296473794,0.0012126027361869492,-0.01882702255452509,0.0012369582670909436,-0.016962897547328215,0.01068827566572293,-0.011930232171331677,0.009860500816501323,-0.013483975758935096,-0.0026827604591455343,-0.0054027853626689125,0.006372199336788612,0.008331374278337278,-0.030859437282858095,-0.00826126297206115,-0.015057600513831093,0.003711645608014502,0.013994739226296406,-0.038262219767071504,0.023091343929851706,0.025815115950159603,-0.012376315757456508,0.016216721430730864,0.03476574753742669,0.0031033679008573463,-0.04388641733145849,-0.015239532568676955,-0.017788363078929382,-0.008339414307082587,-0.02236732200422485,-0.00386469690720634,0.005558661746777172,0.013893610382652563,0.020928220100319445,-0.019947960347151038,0.0011037825682520446,-0.008208955976576648,0.005952167680519152,-0.028121921327710804,-0.010417392457645877,0.02436200205936487,-0.0006181831518932253,-0.007662435857386812,0.0020915966757400224,-0.012638454163502802,0.0097110267939692,-0.006660225021855182,-0.014351803500982,-0.0004020392084407047,0.016729811230613807,0.011874462976318305,-0.010278655237828975,-0.018996421891641198,0.010287432783830184,0.02022109739490721,0.0030677249634388634,-0.00010527094915043152,0.0008834550538687247,0.018018288708195034,0.005560433874193913,-0.014304284495747215,0.0005294129051843999,-0.005844074820240462,-0.00209800010435042,0.006759904491123291,-0.00950887748884151,-0.007219880846446435,0.01318718340147917,0.004190494183031054,0.0056122910037498955,-0.006608778767705883,0.012558627108049529,0.006063329027431482,0.0038036299946209683,-0.020991849726195232,0.04114790105397975,-0.014996701169430516,0.0034305038186851597,0.02064452558968184,0.027546877511609988,0.002826056739415196,-0.0306337851638906,0.003623922077419784,0.009315109285165879,0.005743600130900092,-0.024744755660655707,-0.008391908985103998,0.0052712922277848955,0.0006418226967045089,-0.002452813644561238,0.01922686216382534,0.007106595626038678,-0.002358303471821325,0.019230809787194263,-0.009908579076289226,0.015748178609474993,-0.016303648331523188,0.008535677545579629,0.02543859426211305,-0.0062086283084269046,-0.016945904437717405,-0.023695222077372097,-0.0024441020301303024,-0.008869542417328215,0.020968187475572057,0.014966114080404437,-0.011631908028383332,0.012355566209776936,0.0010296821382867634,-0.010858317307774935,0.007738699650308154,0.02921183577420453,-0.013796561313710497,0.006095288729684474,0.013397769547419718,-0.01469828055633453,0.008820288120316306,-0.014062220284521141,-0.0025424934306031597,0.017010713659795302,0.004299753801469797,0.006931065498907932,-0.005372597173134067,-0.03726887483091222,0.02256333542510226,-0.005637288655618249,-0.017635284167374372,0.007097154429193791,-0.03942033400610118,0.010351890450797003,0.012374779123717435,-0.016658856108345273,-0.0014808540917419706,0.01754082393034309,-0.016995587148957478
GH13,-0.00811683717817526,-0.00848216707231414,-0.005055895208810292,-3.234781807594004e-05,0.00035920579481612375,0.013998124444271162,-0.028251222026416032,-0.00401629829527715,-0.004584702613154758,0.00766340386144718,0.003974404386585594,0.005258048256447057,0.021234481088716412,-0.0034819189131423548,0.015805529201609863,-0.008102530550824731,-0.006437962704692652,-0.018851959476831995,0.0010785112355735128,-0.0012330024151588255,0.002667056562380543,0.032091494113506126,0.013953003944495614,0.00118582445097336,0.033817146499821725,-0.007031504172399078,0.014937345579316908,0.014814190073582565,-0.01412013991053162,0.011758582889067804,0.019346727763703435,-0.026846372525357515,0.006167780345344356,0.005543055727930746,0.015990070286168574,0.010940527009385578,-3.757303351792083e-05,-0.00960219663183357,-0.009772993499455429,-0.005939758619473534,-0.02082439888837512,-0.012924921465685593,-0.014490436721567907,0.0048139281281619735,0.01815793531583668,0.028120418419528233,0.0033964539173200903,0.007299482138950645,-0.0019927409057917955,-0.018300128546558384,-0.04594806764204841,0.0023819145926601386,-0.0007515754754837315,0.014217512935963307,0.011740738242450284,-0.0007903258127845694,-0.008182210222582895,-0.032372025148123804,0.002471337897382033,0.005233189449988724,0.0003622554033513653,-0.012670344318979702,-0.0027051123111221658,-0.0044538474341759456,0.02273665361293665,-0.009361529052895303,0.032777141552697515,-0.006224631885364633,-0.00985952530124802,0.02659033710501078,0.001653673212574495,-0.006655785666622905,0.0431360073132626,0.010178335999671207,-0.00020345890387091605,0.008596134456927704,-0.0007683137199944513,-0.009626214561647884,0.01715561869273108,-0.029730553079896985,0.0033476432768347994,0.0074178017302079504,-0.009926111094538385,-0.0012993602884707085,0.02217915998025117,-0.03112812745976783,-0.0012066071989922452,0.0031299322183545556,0.014236690743684503,4.050299318912889e-05,0.01887566610121103,-0.014149986973411502,-0.016270900263004685,-0.0003248189505036854,-0.0036512787276951003,0.012467685932241094,-0.012046325636927802,-0.033237740762438336,-0.006351687069939684,-0.0011285215851922004,0.024029481991784507,-0.02338104707348423,0.03309036558331912,0.027363743904496064,0.00887339681562778,0.011652672826042883,0.0002915840956954865,-0.013707047340503565,0.0027191347210271393,0.0357956393916635,-0.0008888600719977708,0.010484730180057456,-0.015597382100953823,0.008875400523012751,0.04308523900238661,0.025385034187520125,-0.0034832238337438033,0.018372704490241833,0.060677957989332815,0.006795890850136325,0.012636273735059989,-0.04264981502802466,0.007973183538746065,-0.006874547955195841,0.00042559102877887036,0.0013002531304323898,-0.01782652651338406,-0.0003608690055567815,0.06997451030622363,0.02018582186813075,0.02169584292354062,-0.013836780844594013,0.004486057144765351,-0.0021509785632896424,-0.021097244213800524,0.0010377461058139888,0.01933120202518842,-0.004976435478447557,-0.003851571645565873
GH130,-0.0034650795514691666,0.0013056354006425882,-0.011935248895820644,-0.010115372473816664,-0.013419833767356653,0.0033274592842380936,0.023113558046006705,0.019947810197738735,-0.03176585680495178,-0.0035247303518841943,-0.013164655534809635,0.02320006173291942,-0.004195770052297991,-0.002571366515327609,-0.02358439947491884,-0.017335887050794727,0.01930709687474454,0.00460516496855838,-0.01581375591578125,-0.012956692837795221,0.0010026002827740624,-0.003695267072963208,0.0029178751203006504,0.009829714997057995,-0.008581135890220214,-0.020183799177869294,0.00873940550819236,0.014345690755167463,0.002582298245567809,-0.030062019817321338,-0.003716891279003984,-0.020705305263433553,-0.012462137532280135,0.0028605032698059787,-0.01382771234077104,0.016085145060247052,0.006099891047018676,0.021559550242790163,-0.010510325762234794,-0.014999296468140178,0.032294042285417775,-0.014689326188599578,0.0021551006593565278,-0.004797703532993012,-0.0010744181061824415,-0.02239262146705468,-0.016921598564106455,0.016910252337859408,0.009209858744567298,-0.004399655426890115,0.026844932269748933,0.00037782021479622753,-0.015302597380718071,-0.018321842290452642,-0.00306761246354969,0.007249235667593811,0.0038932296284392067,0.023778766433367286,0.015982041553649254,0.004167119004319603,0.011994186395090785,0.005016810964631884,0.01977395312455617,-0.005797450551145929,-0.015924243079592858,-0.0029424589756516864,0.010653729465389403,0.00988248588838951,-0.004385302444832314,-0.015901111536439225,-0.018871290727269625,-0.005518575403404954,-0.025926933693901394,-0.0024890381800710885,-0.01659849086323636,0.03209056138178708,-0.028574013089801065,-0.018801294638665228,0.008883961208219052,0.004900032683164331,0.0012935071757511612,0.026920037965319835,0.020315551389146008,0.012353788712391718,-0.018410359496795113,-0.017426598029418063,0.027487257181973354,0.013752853999541481,0.004773512512464467,-0.0032113810935326167,0.006973183098301862,0.02002616719915241,0.0010260192931809185,0.0010151916370009406,0.008040950181249496,0.0367354211794324,-0.012174647002860719,0.01474401860941983,-0.0028449517938023746,-0.006962278642076802,0.011951645060104656,0.006035507801556865,-0.012378771943290364,-0.018165426306954162,-0.010204487062077798,0.00907496055452415,0.040931247022046785,0.026632425961947967,-0.024644645561952106,-0.0013794976856577187,-0.006552272889658868,0.021455607192401454,-0.0104898990745413,0.011092303301242133,-0.009022404425258318,-0.026608841326914812,-0.009942575125462249,0.00026415476176985515,-0.01906498291380138,-0.04050467661256601,-0.009043294817949517,0.019373003580298004,0.02271917743378391,-0.023976223177730387,0.007491670836557206,-0.021473939488055826,-0.012961458988645218,0.0038019936032073283,0.022616002159705013,-0.015503781876576457,-0.019823484184404102,-0.001363497923073748,-0.00788639316316835,0.015159178477438301,-0.004121772675515821,-0.008223555761005589,0.0002492558433101751,-0.005876939871005324,0.0036747498967028874
GH133,0.0145104614024829,-0.033613433627128125,-0.01939857903254628,0.0014318474071884013,-0.012532220079827492,0.0029649912094845297,-0.009381677915204393,-0.00463196747019745,-0.006765269043662251,0.0025492345415043497,-0.0036083750321906634,0.019272663511063295,0.02588905697228755,-0.003529705822781056,-0.013783570372362122,-0.002933501185979216,0.003782938334122942,-0.018499785815167733,-0.005396741104186465,-0.028633161653558652,-0.012444244538089311,-0.008136278734330505,0.0012153258031766484,0.018596550505588713,0.018702489644521498,-0.015527476677844793,-0.0018568264301901671,0.027034000213756886,0.007562705077308609,-0.018529413038142838,-0.010645317930792484,-0.01728094695927297,-0.005274523145215503,-0.015049513352853849,0.019549458832901625,0.007191955878374736,-0.0010474171788771595,0.00719929717556725,-0.020322288459868557,-0.0018855095335724263,-0.005834669127227359,0.00408752394465031,-0.0036895338413806154,-0.010828361631864257,0.019866488120434216,0.0106278902154134,-0.02447963212327651,0.0030389248349298455,-0.0017041164463654866,0.03537030485412925,-0.018804010754075604,-0.0007800945781399601,0.014844845782490018,0.02336337322434222,0.009765515035482538,-0.0020802933626516166,-0.005067599693352965,-0.015561860666090903,-0.007840110461210336,0.014818657699397985,-0.011164980380051304,-0.010274195510678536,-0.017915522681793278,0.0012994438398732388,-0.02037345418293308,-0.014778641375743922,-0.017241256652181472,-0.0061821839670628985,0.004557403569428486,-0.0017270054530510207,-0.005751533708824554,0.013679492343977822,0.0004857625901361548,-0.010393474917214969,-0.0019767864008469094,0.0038330636633980347,0.0020974090726486403,-0.0062658027799331285,-0.015001984787455552,0.010065883018886545,0.012146948122185901,-0.0016422586776311944,-0.00034105968803071454,0.030885157534910022,0.0028136316177917457,-0.0211203451586437,-0.002477133319421468,-0.0030006380603973754,0.017746783814626473,-0.06449590664832638,-0.02924667921099416,-0.0028678561126012593,0.012708415863855191,0.0019924537351859923,0.0037682109056208905,0.001133601144619789,-0.0012398193147478752,0.012671079999801453,-0.020109168094852272,0.010336972352518365,-0.0032526731476557737,-0.002707974037218714,0.006279673179441082,-0.007503372117119663,-0.0024140620181521038,0.0030272248066545524,-0.007776603590336691,-0.0194341700909714,0.03047511302499605,-0.015752118937374812,0.010725379440216742,0.026767040116362443,0.014912306671404543,-0.003952023242262081,0.008449347358781363,-0.01687762515258432,-6.658257034079096e-05,0.023520575371149086,-0.006441107672333321,-0.02479393056646605,0.02901626289483338,0.004384797368186671,-0.01510124922322424,-0.03459217101159502,0.00021577612492561316,0.010830315780371818,-0.011839889762049482,0.002805715272585099,0.003929610381122584,0.022191043853414135,-0.007983033397497266,-0.005005996719106967,0.004835180242286791,0.011921398694921837,-0.00474420231472938,-0.01422061960867937,-0.0061988908697826976,-0.0038512596889976897,-0.0002882602048339265
GH136,0.11049847716158266,-0.09259566852997896,0.03602349371264388,0.01279432786832015,0.0321090075014953,-0.029659999673650777,0.07493883010089025,0.007459171672091329,0.00097814425023279,-0.01736987217163326,0.013685765872068188,0.026602617496727703,0.01193728893529715,-0.04449480106972351,-0.07231448163316134,0.05496639337775609,0.09244566649030224,0.012950911404459598,-0.04828682596710362,-0.061401691161243506,-0.050325806846358526,-0.06415825580973611,-0.05076109236401189,0.08558538606388559,-0.07876691228412759,-0.10781372092149757,0.054334188503722305,0.03965512495457488,0.06230106827342473,0.037512476357359055,0.01963985394883116,-0.020786676155263143,0.09111133533275438,-0.04688424169459548,0.11649944168295182,-0.02693643867782825,-0.01459216775636823,0.009069923857806216,0.004926624898471361,0.04318962478151033,0.030197533684206725,0.06796764824242797,0.033434224817637935,0.008610564556492862,-0.050031846648145126,-0.07447119643934502,-0.01698631763014286,-0.11127517859977915,0.06153388432173578,0.008439514098656929,-0.024751072355441793,0.09523413825694595,0.0682628079355177,0.017641836453819795,-0.057267941264930795,-0.14688485442524077,0.031300409824885335,0.02590263205909861,-0.03135885074167392,0.08769083260591073,-0.08956350982051114,-0.02235248617952666,0.007983115008318544,-0.09944295450721918,-0.03540280448848472,-0.05792355949049559,-0.010908717637304029,0.06561651566507386,-0.09955733643670468,-0.08223597972794575,-0.004518964267495106,0.010300950581988502,-0.0393075716583794,0.047697123863988555,-0.06188418922368813,0.029600299234777992,-0.00839573250466799,0.02743797173811842,0.06076223602967641,-0.036152001525639264,0.00801541668945132,-0.07027950476723473,-0.05764458915491056,-0.010327461856233375,-0.06877404960459181,-0.06103326277049412,0.06258257135517672,0.04615044838844328,-0.16690739149161427,-0.0471432216869136,-0.08464256797966227,-0.0017380681131568074,0.014510993531643882,-0.02115264907970182,-0.05343164798674598,0.011101829823629793,0.016845547297763632,0.050705084654739024,0.015817951775656175,0.056977490649935486,0.018108815236367225,0.031928145927503274,0.1314695511894016,0.0036432046229803172,0.02974396035572304,-0.06574496076408712,-0.03981431475876001,0.13159114036609326,-0.09113717923792104,-0.041587588544594864,0.03254555435896012,-0.004823824206876544,-0.10542830620781753,0.018889895675688582,0.06872685164616782,0.03746971796700538,0.06824051805747064,-0.06717320459617693,-0.03427118693858746,0.06972330617300007,-0.052234148986481745,0.030757212191162172,0.04479931287166002,-0.0014572452584922894,-0.03143067895838486,0.048182917833162565,0.05546949013338662,0.04865409453482622,0.015560878553935106,0.016008544775156855,0.01423319729552424,0.02966153218085498,0.06676438213182175,0.03804730670840943,-0.0045670383073382935,-0.03457006363570506,-0.013389853367138677,0.07780575086535374,-0.010839470813575851
GH137,0.16131633559034134,-0.11569717451393445,-0.030531639277755,0.018079228321191236,-0.029929971756625554,0.10133857719479787,0.0482744870424235,0.04256797061721573,-0.13216062765452147,0.1350092850577479,-0.09395623006400701,-0.05931262375603507,0.04009762825634426,0.020129232027161326,-0.08424232335947607,-0.00652975884000818,0.05734812117737949,-0.07435678103401033,-0.03644766838450861,0.015793079609535045,-0.10330250219052814,0.007969414800059135,-0.04025386877983791,0.06173847926757493,-0.005544026856605686,-0.02861440443326683,0.08445281259331403,0.0373304298896195,-0.04972757171877414,-0.042828012440014614,-0.022181066346650877,-0.009449553482006032,0.13210696914144174,0.02192716325343042,-0.021626401412582055,0.04888485899649231,0.020189557249160568,-0.0012831149101579504,0.04656728301426172,0.07562321675245466,-0.021278940338840372,0.007172130457096319,0.0006344433133445086,-0.0189766427390984,0.06359054732783226,-0.16452739550195802,-0.046389326565795884,-0.016199255826244208,-0.014865973017870774,0.07885384955568363,-0.005370527219834495,-0.03256164429428955,0.03288998498139501,-0.0496094018592056,-0.020785134303141498,0.03168468312559604,-0.01774682482670425,-0.06253256678294303,0.027084968196038624,-0.02050667720376744,-0.02511987657244589,0.011504857211087386,0.045513385092077176,-0.018503393898602085,-0.01712932590066081,0.01630845350661957,0.007793939563700767,0.007246527858609537,0.03664994263895561,-0.03982149723303121,-0.020619784109948944,0.07281594766102834,0.010015779289600827,-0.0372893977287182,-0.03283549402202308,0.05031336381471096,0.04362572778180754,0.04684914897254052,-0.08822267347735438,0.029445694674688216,-0.04450596058648473,-0.07001381390623165,0.01924739414457806,0.012054770853119533,0.013204643775583698,-0.00170775052113757,0.0248293154399935,0.009863824929627202,0.03497376807066493,-0.08012908007383882,0.007311329656049477,-0.07540660603344686,0.11150780873950011,0.009893329374498397,0.03138071928857668,0.013477660910148362,-0.04092650987829388,-0.04629012790284234,-0.040402438112338505,-0.03900542629873621,0.014601679177830475,0.006715162187046465,-0.013885106607239538,-0.018075534137238836,-0.04625996202287592,0.04787347851593912,-0.06424981939719525,-0.013571980904598359,-0.0358802204377985,-0.03663720294510352,0.014535701583234185,0.05130725971601348,0.018744073176625575,-0.014070754951645864,0.024139858386058404,0.01611240152996636,0.059443278907445475,-0.017072972279660308,0.03707988870807551,-0.033454762204546566,0.02079695085875308,0.10087508157287958,0.005954731801906704,-0.01047493845829449,0.03110873264166869,-0.01657270693934049,-0.0026762218528717666,0.0006718280288810571,0.030961128318054133,0.0018602370479958038,0.0016657601153708137,-8.227683878129886e-06,0.04415387405862513,-0.010565433018168017,-0.03521914540168024,-0.029625306345587334,-0.056091059524221915,0.02604964115991964,0.01822117935521031
GH138,0.04111064840025287,0.011413587066787289,-0.02741823207903973,-0.006762466332125771,-0.013412736006302097,0.027389804272950888,0.033692031391211075,0.013406537830030558,-0.035467132455173606,0.018157740447690227,-0.05303659295176482,-0.024923684940633274,-0.020926928105041993,0.007316847248361378,-0.03749792096618857,-0.018662523924428936,0.03698050058814823,-0.034687940483688014,-0.03353014040746359,-0.008453650046426918,0.0021225372970054756,0.009597246214276375,-0.017407494846935993,0.010868433330835144,-0.04814151541726722,-0.02625508406842434,0.029579937009981395,0.020328889558464357,-0.016566898999493068,-0.051773372397268785,0.014060616060086606,-0.03636929529763834,0.018396407690897478,-0.00753389223854324,-0.03475500132060372,0.0015068231240530589,0.0010431681712239852,0.0150580070962806,0.028383898129355108,0.012006505036550128,-0.016666415138211564,-0.008747808742048568,-0.026067674427232762,0.003267974340253137,0.018649352346623155,-0.04766805313838588,-0.031811242424479955,-0.0032507015045975854,-0.026035810558849813,0.008319513429161212,0.011204784657408947,-0.01718253914615161,-0.002627118798801092,-0.011753072035624727,0.0022114478720561192,0.01253952133395849,-0.023196260984987276,0.029690722008972034,0.02856810657627613,-0.019126921300497823,0.012596031514040557,0.015553988584328274,0.025775173451371734,0.004759867085754271,-0.0033157371801918445,0.01437661057349917,-0.0005627114870949236,0.018675755104865452,0.008504267747037995,-0.010143530461620425,-0.016294864616088672,0.01953685669670965,-0.008496626963778533,-0.01147498256153996,-0.022898211344197023,0.01794971425499581,0.0013236987728773672,0.00850524218325727,-0.008650897969305321,0.00936987432388341,-0.008769006683860096,-0.006449820937482745,0.02752460992150013,-0.003685511393888826,-0.009861697608791888,-0.013552359730673365,0.012838776655250485,0.011114492871588612,0.017322197055942668,-0.017868954930164316,0.022578422912429265,0.009607093567219237,0.028534326249001825,0.004190910665303711,0.01917636737554208,0.020371590732746477,-0.02548691328338414,-0.009861805056602996,-0.029281439423002213,0.0034416954055576463,-0.009812894706365859,0.024659057199472773,0.012789037885402055,0.0015841910224266157,-0.024113699507168053,0.0022641429518733642,0.01006104349954397,0.008295268765290709,-0.020017281410815553,0.022547994859462874,-0.028297791804951344,0.03590755821034087,0.001083211489848548,-0.000733892210322038,-0.007602813387948146,-0.0482801473809362,0.006341817866640271,-0.03176497161233043,0.006248534471233853,-0.01661462112841114,-0.014002525944152105,0.027390223196245133,-0.00260134066589461,-0.013117120333380177,0.011748099082155862,-0.017632861843995477,-0.03271072691476327,0.026510028543192673,0.026562879175550808,-0.038982197240036716,-0.024275513834338524,-0.032681021139325965,-0.03309265590237109,0.017529361474813772,-0.014224378819483973,-0.021398400087422158,0.008048079142727444,0.02393428932315362,-0.030901460781113485
GH139,0.1372356542572335,-0.08086226763061227,-0.004389734812138568,0.03243382786334122,-0.005517582866098769,-0.003279116620333829,0.04814321211081734,0.04454643218751267,-0.019222285953210898,-0.023422485263765724,-0.043814800126998024,0.015076789111143612,0.0059327729408147085,-0.03804202423149606,-0.09016488758841884,0.01818075052576474,0.06652367098044398,-0.050393303024469725,-0.03374353826695593,-0.01100805997071743,-0.02652027569134986,-0.009614007924384112,-0.002874337094530688,0.04962675839993367,-0.06001135844777177,-0.048921134576092935,0.035426982069778776,0.05918395353047875,0.0047097864500716,-0.03648728245121075,0.015404247210764263,0.012917680098561002,0.11941320952400783,0.01559616423663772,-0.0020384354835114925,-0.0464012992647685,0.01838766844764624,-0.005012949309436312,0.03203177612174594,0.03884533020034877,-0.012578587307798712,0.012384575974815947,-0.01140165906053985,-0.03624227967107174,-0.006945445312375647,-0.07520602978637188,0.0064638170930654175,-0.03910507469047807,-0.021503853965671508,0.049359251878131755,-0.02072163476177027,-0.051026223514546776,0.009205579595761487,0.02324626962937024,-0.022895025018646382,-0.02718859480485849,-0.02724014666918612,0.002094021487028279,-0.019030819277892352,-0.00623408448445204,0.016583416795711993,0.0006921909798773488,0.0109674398037917,0.014442182038958135,-0.011540230278969379,0.03225551679724198,0.019490202237547688,-0.010514309109921223,0.023083112268975997,-0.01792828157157849,-0.021609265723382384,0.06069392966318254,-0.03983243662670104,-0.01956614925491258,-0.006116396169529274,-0.016254009125711368,0.036829050412464565,0.01592642199413536,-0.019666032964366913,0.013224711170826254,0.0016154759922390573,-0.036540510098638776,0.008276463956819202,0.02886507349039364,-0.03278577179458635,0.004740698515887467,0.02694255065028699,0.003976852303278427,0.001263943180656543,-8.78523918399599e-05,0.01276230887267581,-0.06016040093135653,0.05943504555276328,-0.0016022517685946997,-0.019898282217328277,0.0002594426939306359,0.002447050693666178,-0.01628004265382603,-0.020412102654924963,0.006154230680372109,-0.03134485190793222,0.04964409382879373,-0.016975619514595617,0.011498225612426194,-0.037075003402433686,0.04164240170884982,0.006189264262273967,0.0004285845562259584,-0.022316552260732356,0.026749626094699244,-0.0313055959253875,0.062171558353629454,0.017274668522410042,-0.03273566702090118,0.03357925181650475,-0.053625174797026276,0.07797251710983412,0.003880697045375736,0.025606477798211593,0.013520855730348993,0.01818920021047931,0.03710912745475233,0.014172402752227461,-0.04505154250973977,0.008344076183915125,-0.018440255284884906,0.012725340675909302,0.01214835843258091,0.002041811341567342,-0.0038414718729176986,0.037214693674218466,0.006641468956896544,0.03814071964660821,-0.04132714038173908,0.034310974535802556,-0.03829304731593415,-0.009073285322613374,0.05387334023796722,0.0007526769864013636
GH13_11,-0.011507841065173371,-0.03246038760145343,0.011904044604927487,-0.024318421648215304,0.015221492223659287,0.06901728925026203,0.009105217018708346,0.07682521808153042,-0.054036342696691206,0.026114271960624533,-0.0419672604592601,-0.040670290566359915,0.044070173310013505,-0.002221031242649788,-0.003303492040682605,0.002778656299177463,0.0339391046254768,-0.04713469977065057,0.012997178406002827,0.0816464779813236,-0.017187104106988246,-0.013470037584805599,0.04418090682888547,-0.021997321808441987,0.016036983915894,-0.13463539688747123,0.03652250623752516,-0.06701169771683453,0.027330877620944823,0.02110579812130452,-0.05123758845921144,0.031048192387455837,0.02581826312296329,-0.1367878738857727,0.12297110294289461,0.0724118977440427,0.06179969110275597,-0.012941911964496833,-0.05236000592076297,-0.03608193242290891,-0.061117874383325284,0.04766306867024491,-0.09715802633432258,0.0010924188582670654,0.012293523990816247,0.015495458231890996,-0.05606369935177119,0.1275952298339578,-0.08072921875127355,-0.09153480983473553,-0.03047600311587972,0.02976980442188179,-0.07475618848956252,-0.0432335229036336,0.029792757126227642,0.0552746216623634,0.11297796692694775,0.012924908372513661,0.02156685279025956,-0.0038266358294780645,-0.018035498032040003,0.004222822114837911,0.06555164551731743,0.0035596537687739207,-0.02097754294009638,-0.04458979382345417,-0.009631108929057627,-0.09258659762235527,-0.02835465092366805,-0.000433437924681174,-0.023609602995115903,0.084254082162599,0.0411884140179035,-0.08124459632910493,-0.004409098936910146,0.0432541452259985,-0.10643886357960763,-0.07283860324767953,-0.07050418973410305,-0.023783672516347477,-0.0374398421707281,0.012961743157904911,0.0011505404808497643,-0.000930605583281475,-0.014606363648709859,-0.09074459732976779,0.0555635862880622,-0.08166126640822313,0.03792884020319809,0.023189949275272792,-0.041650124148051186,0.006534569016323317,0.001264779383554723,-0.009328498344859194,-0.029955661510540636,-0.037776015818737387,-0.07003656149846738,-0.010121742532818931,-0.053682844508710664,0.014656959668340823,0.01450521571211958,-0.028993745729349672,-0.040285497944928646,0.09770970094983329,-0.03154900641639278,0.018354401990744687,0.017917200811833293,-0.08038730924309896,0.035657340868010264,0.08939672778926247,-0.003962880706594928,0.021750695125520688,0.17876342975833426,0.02739809287267426,0.04787105052327673,0.04936149048676478,0.04385948203581619,-0.006362192778038045,0.05437850722640298,-0.10577559561577497,-0.06260676107093636,-0.004313577021286845,0.05124706897107885,-0.05836216232799378,0.05321954116589341,0.0550403553508418,-0.015099661776467614,0.03306975697074936,0.003259039217346282,0.08684126712382843,0.026713145485889538,-0.022023546822447983,-0.007135975224772948,-0.010303554329966307,-0.01132483352827499,-0.003982007048640782,0.029445854545602362,-0.04445770091306849,0.025854733404989345
GH13_14,0.00041274645349187976,0.008611352906096374,-0.037077889549582396,0.002753354771078206,-0.027715909349956967,-0.009225439600595997,-0.0101883133425802,-0.011977761126759835,-0.03219601847644637,6.075410503265452e-05,-0.011376254776963583,0.004755319217384273,-0.013755268153879193,-0.005095656864925671,-0.0018823998304532087,-0.007308759239723583,0.002597707665650438,-0.014762435026872777,-0.01140711876155539,-0.01964603405070018,-0.005739662889072433,-0.008344264628954733,-0.02480929128706791,0.0364940353557246,0.01494939272662528,-0.011016257761302318,0.03051739418383075,0.02600417956733547,0.03516594033138782,-0.0538068828712459,-0.010398599434010954,-0.028102806957880668,-0.02388099103290676,-0.011157940679017674,0.015634462623619182,0.03089833124120521,0.00612631007774969,0.03181998295716259,-0.025753301366540006,-0.016424171550979437,-0.003361020079240446,0.006612487886643786,-0.0071758487113843215,0.009544893006700573,0.023849508385226682,0.01065256139136602,-0.03268268328836307,0.008801143642466522,-0.007861431364413462,0.017759146985884943,-0.0032270610976853987,0.007763146274601255,0.0016405753407275807,0.030205837076727252,0.024398977952177867,-0.017772985027567086,-0.024095577723517357,0.012476985794615649,-0.0016027443112228478,0.0067940197089675445,-0.005929769089877071,-0.029544065438773456,-0.0031576584095698995,-0.01808194471851277,-0.01630159260220231,-0.009629746665284867,-0.022674792150619686,0.004454263629749605,-0.01343184156386352,-0.004547725396080491,-0.00324516102286089,-0.005769101104018147,0.016093843728955295,-0.004274136615159807,-0.00027144220959882023,-0.008298027691330057,0.00037542248626156897,0.0033154469947046764,-0.007548676333115943,0.004614995571844618,0.013131188495526674,0.002371364062878276,0.005308779431600138,-0.017844241800193932,0.00038555640601243586,-0.01553961037526618,0.019747935417599807,0.005526331852153529,-0.007138253939617897,-0.05012826507854727,-0.013028535501025099,0.016799791448568777,0.014685239661142824,-0.0068071460183269285,0.020744668060474963,0.021193827514832245,0.0007348038659014689,-0.0012738878427092204,-0.01938528272179423,0.0248727385897057,0.00746567688182189,0.022020341797461485,-0.0014678755158922042,-0.000708707207326602,-0.013262771628547441,-0.021804781982857905,-0.024811236503700467,-0.007216068913353974,0.026444378656244015,-0.007126549869868242,-0.004883979284700257,0.013535513063215253,-0.004914790758069444,-0.0061723811363359,0.010404601275868466,-0.020424139034218573,-0.006875605540233912,0.0003608306740145868,0.003920306956231423,-0.022188019313601384,0.033683518674269074,0.012449931955466438,-0.017459234134286135,-0.0035651277531024363,-0.0311851972059845,0.02592415043398912,-0.013405724483732683,0.033820382264208824,0.004492119575918672,0.03908198018270691,-0.009631732981837617,0.024904298015298004,0.044212760688330195,0.013788406993869146,0.005805686052506004,-0.014522850509374807,-0.0004005341655135923,-0.0026398585500019916,0.015410897447370151
GH13_18,-0.2033351188708373,-0.18642588744621774,0.1385369209929236,-0.05356286881906893,-0.03544415372165511,-0.013510990618480365,-0.14470933256282326,-0.09479519650364984,-0.03161144866181798,-0.05056534434718658,-0.037291720502666804,0.04590125116360198,0.2015350025505316,0.20048032664983953,0.1567217394519854,-0.04871142891345298,-0.14225007347115792,0.13772833961727404,0.08040345475458302,-0.1646817878998834,0.026431313042899033,-0.044033295320877686,-0.10950098738264091,0.08060079113830315,-0.14993119672828192,0.0006416877621035477,0.002042776094070719,0.0625419739443879,-0.05960919438020207,-0.021215914024720926,-0.044040044771383485,0.03496238303008905,-0.004473842861064624,-0.09410245880474546,-0.0040719409885399665,0.06972817586866324,0.2260726002461252,0.05351566127341184,-0.1382746609178913,-0.14811909185966404,-0.08318584163812051,0.1669507095352826,0.07467747625556764,0.18640399150297052,-0.0648802443023016,-0.014777362845458709,-0.04021391565892295,0.23460169859044616,0.00011564318242953596,-0.1933826381605631,-0.02972423891937483,0.07824073254268293,-0.09906615980160986,-0.016223416362307234,0.20505432805958737,0.16515075279390787,-0.11424151924019812,0.20966385934752094,-0.18115300093513712,0.16499777953548037,0.08235577162155822,0.08980680446313426,-0.03559489126291727,0.04344739912827934,-0.18786787690290133,-0.18572749427057364,-0.33805642882922077,0.019234186307054358,-0.19278811898799206,-0.032918013198724894,-0.1446768543901023,0.030889006077852478,-0.08153747722219237,0.164642313223318,0.02715313914786396,0.11062061135310688,0.2796240867989505,0.11416398128041481,0.11455383284190195,-0.044203665178340984,-0.1259354392555934,0.00958455945580331,-0.13000695598694015,-0.05392578803836256,-0.03747312148446527,0.10965006214813902,-0.2532898824772862,0.012347912693567498,0.028682484727847093,0.18645406572458215,-0.09131864248956903,-0.03087377358250293,-0.0012366352126207503,0.0036339329619696297,-0.026145227338286517,0.23306412447516925,-0.08270738953956557,0.011825765720303411,0.07011908741677349,-0.07108973579460207,0.22695936847974962,-0.0424658191657117,-0.057293608231753675,-0.09491507784141327,-0.12574423971394152,-0.26610197174921274,0.11004499613120929,-0.0008962142897246828,-0.1279852157353104,0.12065438628309569,0.016447463325979936,0.24985069702910492,-0.009857971646602669,0.06373137596009217,-0.1717867243033298,-0.008480515289918028,0.05569817046978683,-0.035590327476890476,0.061846870538949425,-0.04005169293814631,-0.1865965118511593,0.1460915029420695,0.06124532056559199,-0.045828390357088376,-0.140228959196526,0.005016802770863549,-0.07319603826635199,0.15236518084403286,0.047561031058318826,-0.007274936954294529,0.07459309985975189,0.13984259640012311,-0.16799893137268518,-0.029444480959916728,-0.08379315349360772,0.0886226179604675,0.009085524848250202,-0.0630383181982152,0.004353423290862946
GH13_28,0.09508849636894132,-0.15320811034759693,-0.005823828915699792,0.043655863988724196,-0.006158613682512216,0.002903798609823977,-0.10284570939080029,-0.01822272340120953,0.0009346312122712275,-0.01066627017881095,0.023647791959401185,0.022806953418243275,0.10483931423280328,-0.05919696825396553,-0.011966965961008831,0.04334314885315836,0.034982056384345234,-0.10118383251807045,0.030167300362621278,-0.02171588528523968,-0.05585133443378818,0.052474935106521105,0.050359341954393504,0.05791984166434012,0.0757441263955892,0.014404670954857954,0.0522326475260237,0.11949480832511974,-0.009236558906066658,0.03416265557469792,0.06433413292754618,-0.003541954960028493,0.09542725567083725,-0.07267168680644964,-0.002849875761026567,-0.008581222117241048,0.08502781024709626,0.003175749745154636,0.042482155075019935,0.08134107319734049,-0.08853583242974468,0.020187102785777237,-0.036026851042571285,-0.07838523940730131,0.02375141000318575,-0.011046586090146812,0.025143702322644682,-0.012607127036873719,-0.05522240118342839,0.08319586706333748,-0.052038017899577634,-0.018147829068056755,0.02887297017901285,0.04636097266712374,0.006043799011312285,-0.03723769238145192,0.0026324603315587723,-0.05622980852212754,-0.06506154369463493,0.020238477256367914,0.0038058252076832483,0.002483359404137099,-0.011452191607812691,0.05130173765754488,-0.026470606646162815,-0.01599662922454192,0.009222280476023597,-0.05101821284928096,0.08455830346128534,-0.018417581094955657,-0.04747195793708397,0.027902537678973438,-0.001064903620770614,0.022077904508971208,0.037228093796136855,-0.026709109495560625,0.01808976841736143,0.0782565164044043,-0.009250693149414336,0.03824065388148821,-0.0678173400088113,-0.0991975716089428,0.006073072051431407,0.014141195509142253,-0.04327456462021453,-0.0015206871618790839,0.04400690419458584,0.024002266123257347,-0.039480806760342296,-0.011537954696460335,-0.01130998788095167,-0.025939030257471647,-0.00958177904846604,0.03296486596049178,0.04345181114374175,-0.021920016760246682,0.06408057345978008,-0.028068633463035255,-0.0017369218863633425,0.07259844592123746,0.043824758758315825,-0.02924746177726672,-0.02057583055486072,-0.015941513465186512,-0.00865128378839783,-0.054694769149780526,-0.0713208727756328,-0.044020934330848735,0.021540163307927056,0.06186141969295071,-0.0014422706819614132,-0.018631104496311186,-0.015177392394193467,-0.09770100242185241,0.0027428030385208083,0.03455336936723012,0.02282269771254893,0.11325520123782452,0.004587823216191109,0.043382827266319646,0.09485352883566689,0.040984267105547506,-0.07117754250174473,0.006900096129776934,0.0319286221781644,0.08412824268863602,0.027906843275599516,0.025598603841993584,-0.11461819914860627,0.07448984419360354,0.05272129159152469,0.01847680901466682,0.04379056059653635,0.020293495483679824,-0.05233964000909595,-0.007316280507529502,-0.0363903266946972,-0.013824293413854293,-0.04057698268667893
GH13_31,-0.05949529423903232,-0.015252771655113954,-0.008301672708302914,-0.02380727001774354,0.01550227912605548,0.05146147242452674,-0.06391915542965533,0.04599627687093092,-0.056296631761749906,0.016462200621596982,-0.031782315821206816,0.03205767028750325,0.01742473803462355,0.028709460657732618,0.054405711833905405,0.012126893831703576,-0.04649589389481008,-0.0029508979856702707,0.03847483001422909,-0.0024363947464775557,0.01865609981924187,0.016266451350797812,0.07207985679256525,-0.05805555712930752,0.06599349268219938,0.016464316936109776,0.06086171315859512,-0.003624601013621988,-0.02234777828407128,0.08750384075408144,0.0025796828750457193,0.011968334461362884,0.0032954347320157,-0.03295584037682095,0.007169579132151361,0.04517883602224672,0.1307878773367995,0.006334087729878725,-0.040555287211504414,-0.053104712236482124,-0.01475607080386884,0.039822423712405595,-0.005084992199341841,-0.024192969593387466,0.07934547498458307,-0.05325881044756141,0.010873860147985777,0.05510612216821292,0.01894355043042743,-0.07591736046273823,-0.02321814878612278,-0.006043068008602306,-0.07660332433255358,-0.047847256456467674,0.06093648162768638,0.07231618502271198,0.01710743094555277,0.02649881092447186,0.05596284073475565,0.00975733413062766,0.11590285122966067,0.0015428855862098577,0.04851543128062497,0.025403046829880975,0.04483027344561357,-0.032236901387185025,-0.01458111000375914,-0.0007639554127871625,-0.029122399768350432,-0.0007802342112135444,-0.006475947250665104,0.025194171791774137,0.009451047277872526,-0.02044337512026889,-0.02104818429731577,-0.07975541446231069,-0.0143877832698603,-0.0716048014679083,0.001573541833122716,-0.10471672877434815,-0.01797636071600055,-0.017718182422479294,-0.06521758162925272,0.06905136893447433,-0.056356131806704464,0.02391782612640181,-0.07673301578977892,-0.025270187268956704,-0.04653015164650318,0.06431820394070266,0.03602235930274444,0.043038986442715865,0.0417455052813406,0.015431361613463332,-0.05989649725253046,-0.041880689040000654,-0.1213086469923928,0.04324865250804515,-0.015916281801440234,-0.00988824057648659,0.05918785981195701,-0.00969233230512477,-0.08557456646728155,0.1551119929644768,-0.10724877329191304,0.03311394626188252,-0.00033896274086718634,-0.02729791247738748,-0.046891881604418845,-0.0019991701564273682,0.0813439749273768,0.20647851383171295,-0.09054281543952791,-0.10312001497181597,-0.0047694974557775235,0.13950673842185626,0.08349887284149188,0.0803086671229526,0.007810078514347814,-0.039954129494056,-0.0773857273462621,0.04254435265437727,0.04899178736161251,0.04245628118771172,-0.015504195623558361,0.21510176540638365,0.014362982120525416,0.011183170980084239,-0.08248298383786952,0.03456664382511052,0.010320581239410214,0.012981533579511704,-0.08435793973160317,0.004694907516873268,-0.028083669063173302,-0.032402747287687154,-0.021341662786560057,-0.014852734543422444,0.027964601290587945
GH13_37,-0.030607241026340597,-0.03470899758785227,-0.02629990380536469,0.0014472440247973975,-0.029237099020496427,0.04484474763492831,-0.12437997689446711,-0.028393256154910788,0.027234291252110285,0.05304556307995425,-0.013962244257750854,0.036707595232082973,0.08959860658107295,-0.03071287464777417,0.030307253334218392,-0.0219445873535762,-0.02414886640536194,-0.0997855569487131,0.03167877023481881,-0.06671330723247992,0.06976256549844984,0.16553712079915192,0.025155871073949038,0.027419064323245142,0.11918583911576525,0.037827466416888146,-0.0036505618645713785,0.08417079075787996,-0.006166909692363662,-0.05134982227455733,0.04268004525067364,-0.05772422388724312,-0.005246898352486476,-0.08801384313492377,0.04998176452362653,-0.0024698891470283316,0.09709980036293385,-0.0598441727170672,-0.014287552323214494,-0.016467911039723157,-0.06176954286253615,0.10743422312380033,-0.09102348029163035,-0.07909803869907128,0.048905252597867446,0.11643926092695192,-0.015473519077061933,0.002012496932606621,-0.030534493767089044,0.013478088045253356,-0.04649925853440711,-0.06119550324899642,0.05718997944611597,0.028780891800755635,0.09206506777350008,-0.0005757082402201183,-0.04472687566782133,0.005861832827631367,0.05316993658048444,0.029152445485201163,-0.010694302897046124,-0.01502233529975579,-0.03058146970077848,0.09685114143075904,0.00705069849072434,-0.04236083886411756,0.045487813932363584,0.06828432518776692,0.08180690274597975,0.088991602839248,-0.06850585275123287,-0.023365772412200204,0.08365103072945312,0.07600576683411027,0.08431432258541972,0.08145939787797958,0.017869640029482742,0.03536683792825754,-0.01856367162194581,-0.07753061406942888,-0.04203262751106596,-0.04422239955203051,-0.007288225502672554,0.02436052222575887,0.027558362327938634,-0.07506838142261467,-0.07052339379258808,-0.06046256437454962,0.045813789352165256,-0.08193400172373004,-0.057271974699357076,0.048876090517743644,-0.041077952228768685,0.03465128124413815,0.11533461760516533,-0.0953750935489059,0.02937744188811047,-0.061065883667551925,0.015089061783185535,0.11260935888344055,0.03210228164177203,-0.054693430526972,-0.013239133389994322,0.03836739885752862,-0.05671686149733619,-0.046680666783384096,0.09601488955898406,-0.037599706849396355,0.0621109657733001,0.03804058829361989,-0.006707736915944294,-0.12527937425293786,-0.01992745528017334,-0.007998103898107251,-0.05147055625972485,0.010469171231483743,0.01859723089955519,0.080214504567833,0.0017959692349291264,-0.0695123189811447,0.08783360809463796,0.04050850776187346,-0.022464352534684505,-0.010713761014545726,0.035973849223323924,-0.004626240875016442,0.04000978067382789,-0.0017310556855298681,-0.08730672022312985,-0.02354711678593152,0.04035603858906364,0.03810911960817547,-0.022038119244077732,-0.027894853830311452,0.019112914828109163,-0.10124764399494794,-0.021220244736641417,0.032344293751641204,0.0008174105899280202
GH13_38,-0.011963687465803976,0.004834093987671259,0.0006176311162792848,0.00332236119875951,0.00524169333544126,-0.008174843081251085,-0.009975277802356188,-0.013036595211330177,0.002232221903434074,0.001552659809948458,-0.0029107842673699444,-0.008357412184348,0.005555151555412121,0.02171633867758163,0.008469877289220834,0.003820847100928162,-0.012768875722717446,0.013582863467661249,0.011273342875467513,-0.0019510054846064559,0.018035569570459577,0.0079542343865685,0.02033908942688293,0.0039378156744040525,0.007638711920525893,0.0044388265527964404,-0.016173015591842338,-0.011475058676033592,-0.0012975287953436348,0.009993861821144617,0.011913861150631878,0.008720802422955948,-0.011963647619436068,-9.37852229506335e-05,0.0051337271831455155,0.0031893306643370175,-0.010966401522302206,-0.006651847334590735,0.017477160839745095,-0.005878183067718096,0.009087980504785957,-0.004201424875122896,0.00746021315706122,0.017072535288723708,0.0007865450337440632,0.02569903813931386,-0.008271856944403501,-0.005421814915988612,0.00742683947281017,0.0012830960051824728,-0.023525494622853936,0.0064775588303893445,0.008546634083372341,0.008721810812315494,-0.0016356997016332487,0.0011686523241476307,0.005745194169389397,-0.01545642720756305,-0.0007621909929488476,-0.0005461938642976626,0.01605829237872889,-0.004989654163849146,-0.016278871662089578,-0.0015278880786982407,0.0015226502165401547,-0.0013943446492709912,-0.011999900767736466,-0.019433262669808295,-0.016186538273300896,0.013095983127614055,0.005157617169693818,0.0012476357013736343,0.02313159471772326,0.014772067039092136,0.005044548129971918,0.008557848782531881,0.005105662011132038,-0.007996654069670994,-0.006116858816352533,-0.018339462274276984,0.004943917540765035,0.006841817253701512,0.0035313065825236544,0.003956600957923321,0.019924960347529077,-0.02421935125579635,-0.009124336400582578,-0.01148460052981461,-0.010770592255101515,-0.0024307704107554675,0.0028085724831458806,-0.0038308123488173247,-0.005882711219602085,0.01058333594833371,-0.01602617903595447,-0.007790500934218016,-0.0001342993724902793,-0.001279189813403828,0.007973765677162507,-0.00024760334104513825,-0.00862007154251598,-0.01420673486958342,0.016057460369966005,0.012178684433922143,0.010750389202099505,0.01906076321817921,-0.017901833671590088,-0.00012266985020656157,0.00689959524740524,-0.0037847990513444583,0.02694722209389163,-0.00551608873531803,-1.7097046002369553e-05,0.00857888735897782,-0.027124307063149264,0.0017859459669814857,0.006877171346975428,0.008495945969786369,-0.008111288501565277,-0.01824831140450313,-0.007492564928899944,-0.0030593873949913346,-0.005917217682673782,0.0015205923775227547,-0.0037188000587316337,-0.006516569786712836,0.0057435850194665315,0.004192012622613655,-0.02555256003976629,-0.018779765515875367,0.007588378144028172,-0.006196871018968816,0.01743979984692482,-0.007160690323891366,0.001884541005293737,0.008068951461671385,0.0007416084206850046,-0.007207546457788732,0.001414319239150604
GH13_39,0.09641359184747318,-0.08655175462026846,-0.008857883835791766,-0.02068445296612631,0.004700904088184712,-0.01858635363349671,0.00042579066323372554,0.033985810563724426,-0.05174508599856298,-0.04381410787445241,-0.0003666925383316576,-0.01518230631737487,-0.002234667275790297,-0.05474540899822872,-0.10630604477682065,0.061635675517068556,0.03344269334249335,-0.04512904411596244,-0.053406393428048024,0.07626064408288039,-0.0354095144455225,-0.008641885202892005,-0.03359946620160504,0.05208611044240161,0.013528072910644806,-0.030355741835958263,0.10215966359660257,0.05106729571652235,-0.05136560471475298,0.011180248221200716,0.0028894786486181627,-0.0006574870383083105,0.02512002838373098,0.021205241000394847,0.002850564855136159,0.04865145099911944,-0.0038523918670331564,0.10024253152723714,-0.0345185993843559,0.08386498068196184,-0.13385134785218997,0.031252394911448385,-0.006896594451746513,-0.02084253709111902,-0.016238375207220452,0.03900833476727142,-0.003905471968088612,-0.09145293586644504,0.10913426705573952,-0.0024490622048567376,-0.029316734862973825,0.024851578597496232,-0.015300729413698535,-0.002034924826672934,-0.005689417173864664,-0.013451440468589213,0.02319753104746642,-0.09217655185009883,-0.000139913689877041,-0.06442844212535498,-0.08743720061764962,-0.1870619631188612,-0.004084178703743485,-0.04243169815339531,-0.023717953035346403,0.05036711315227569,-0.004843946893136302,-0.0768232218278534,0.003953933215516302,0.012256137003220598,0.05607486354996486,0.1917027942005876,-0.028800468513117523,-0.04409488145865703,-0.03139541267381163,0.05034090852713823,0.16048315974172386,0.08497743955348377,0.06076344433720989,-0.03888307521773446,-0.02339845658794803,-0.07980867620782092,-0.05414234536193051,-0.042191760058166855,-0.11799496074565662,0.021166162892710224,0.05667837673947886,0.05939558323327619,0.004952136348917111,-0.0061961520910655075,-0.045703713408813,0.05253188481508063,0.03208977171297286,0.13117724113853613,0.18859293432761626,0.04410377436197005,0.04369131596353628,0.0530076882854824,0.0016914195964656124,-0.04646141718493215,0.0787040759391456,0.04684405269649235,0.03991005622141419,0.04134270909601322,-0.14414047349142406,-0.04918816752982884,0.022577206064090638,-0.005768652323660957,-0.08735645034593296,0.022354445533221967,0.061709360784371635,0.012353551491859004,-0.0023699106537789024,-0.025484203878050997,0.0029028958758386494,0.17708260285316424,-0.1449495891121523,0.025413275761171725,0.013666724021681714,-0.048247519939474126,0.08333693391872868,0.04480975577480635,-0.09758737832734893,0.08228193117449155,-0.09498140212455189,0.015252457486693308,-0.08868500616069085,0.041640950273612316,0.012821876402879963,-0.059109955863069996,0.007901972247099754,0.018319729439628667,-0.09729453367368483,-0.021438631153436548,0.00425103954914068,0.012864214407984095,0.05016701541027641,-0.005057449254006408,0.004383116254572318
GH13_4,0.09520070426288023,-0.1263265138987297,0.08783471349297525,-0.08386108353802126,0.01412423283227398,0.015527490250166571,0.03419740041639677,-0.03081815075829354,0.01620772948381189,0.022941834756282652,0.07285048568933564,0.05693885917865421,0.06669397947150613,-0.11211994822172341,-0.05280409013221894,-0.11228282269749876,0.04764843781915096,-0.09203641315107301,-0.013221635322716859,-0.01296140061494196,-0.03716175311312266,0.0158335066472553,-0.0922476317889892,0.015502150026587265,-0.20031438522600495,-0.149336897565285,0.056552802879886226,0.010295746050739553,-0.04789820859428033,0.05535859751053079,0.13357713089694198,0.028584504131945392,0.14904331620906086,-0.14187280552350395,0.09714790298059081,0.06466376338458622,0.001805730058839764,0.013097754712912623,-0.10278342955508014,-0.0225438061483372,-0.10217717881998255,-0.027779487734112932,-0.0878654050355108,-0.09744372111967109,0.0016053280023239679,-0.08633957671132055,0.020124662381895683,0.03781901598332577,-0.00784893644573094,0.020012706815901136,-0.03927779871853174,0.022759827482601094,-0.033582903197111026,0.0508875747103787,-0.05958739504107024,-0.04939932605778986,0.08775837782730171,0.023004712040100406,-0.10901599385411948,-0.03911537706034011,-0.04126195609722923,0.03110227255732525,-0.02968450683717918,0.040213336028518405,0.021900260780249238,-0.003160739258549227,0.0117768095537043,-0.0075333263073056895,0.07580237413067478,-0.05967958271067004,-0.035331241098375835,-0.02949259366366354,0.03749421542194693,0.022224286646389424,-0.0669955402442697,0.11672164126210781,-0.09376758544695599,0.06473998999065222,0.011595075208264152,0.06216160363231375,-0.0075402428155987924,-0.06458732766272221,-0.07493239809236518,0.1246755215794587,-0.009197989451117114,-0.06942418418984034,0.04871782961004294,0.011339916319272031,0.009945526015459432,0.05441786984933436,0.036317629455935786,0.03725161339969932,0.012723180881492744,0.08634663678787707,0.03595421474479668,0.0007824688014835122,-0.08211140364467479,-0.11999963978071149,0.03426160020571653,0.1613560359213137,0.058735121484463595,-0.005158538042692696,-0.025122447064467725,0.004491592714645197,-0.032151029228462503,-0.02437270432649034,-0.016699853162642907,-0.014847685967173325,-0.007329482672531131,0.07843095883253344,-0.011435736967952845,0.150753905726581,0.11487525592854546,-0.030221536850663935,0.07981027405524407,-0.19555829355041168,-0.0352108349666185,0.018622853890384865,0.0006883861917856805,0.1384773079785768,-0.2268845766859403,-0.11838758143096657,-0.01502586642848204,-0.14910032227647865,-0.0013035633250973449,-0.05148014995211532,-0.010331604729292058,0.047317947335654705,0.03691780675870063,-0.005048757854901753,0.07578497819281554,0.05019999988683238,-0.03386218709259472,-0.04329499137722247,0.06487481422585115,-0.019998091146245935,0.04169337480109158,-0.01380238527434404,-0.0048759083567964205
GH13_42,-0.05482841296217444,-0.0657088238163213,-0.01895256659036708,0.025076150794705064,-0.010184682775327759,-0.009961685711343874,-0.08743865732875497,0.04842106036435696,-0.006503403711957164,0.02174932957598803,-0.015700636229683134,0.011102028851828264,0.08755998641108234,0.00393306760808658,0.06323755352438117,-0.007108894237973058,-0.0327445140412122,-0.009229463031168972,0.03238684037960203,-0.02204711658184908,-0.053023839797495684,0.04600876336269551,0.01605058100536278,0.00015849576421009135,0.028601962077603064,0.023354511801215932,0.011876790477252009,0.027065852681747864,0.01008898431069648,0.0010741951656770585,0.003648118989331786,-0.028101923658236383,0.0035748408486271414,-0.02921453379795506,-0.030061152567404246,-0.002726233372476514,0.03514482369929472,0.06738992900922339,-0.003330586841908825,0.03395807428599801,-0.004741228760791158,0.028184523035821547,0.012699659276337856,0.017286520517921258,0.043218529084712576,-0.007171428750539925,0.03293155012408854,0.0330850352289805,-0.007143793711116411,-0.005109426261653436,0.03218839358535525,-0.002621173507739604,-0.007893527677069748,0.014410935908176827,0.029636458742331034,-0.027949895691443388,0.012445189605652465,0.0240732152232328,0.023058663123132327,0.0005550894033765465,-0.003568011255642803,0.010275998698316042,0.07081938205921993,-0.0020794062562468443,-0.025978514808981005,-0.008717924971014016,0.035084758704870565,-0.018788311353894947,0.02928611655045543,0.021430960898231963,-0.0035712764151915985,0.008192935501705082,-0.0026716692806568526,0.023018573799718788,0.013722533319299733,-0.03370253974148259,0.02940285857670506,0.043868201425274374,0.07567224437368017,-0.02474270649170584,-0.03348360319056037,-0.007754846322866457,0.04045906944225171,-0.013207972618706805,-0.0443204417599761,0.03681660452608304,-0.023996726479033312,-0.021856504963344358,-0.040976949268793306,0.03012983868999058,0.04142905075479961,0.025032710463325145,-0.009614530201655307,0.010301307761495956,0.051613162067896186,-0.05601583297395323,-0.01814858830028012,-0.03724768328879635,0.0032716595671304035,-0.040009958053312145,0.04717067339390746,-0.003362356971962017,0.020984814301321673,-0.04764748913492257,-0.10150680742442182,-0.0347685962157478,-0.021664372556831506,0.02476968285838381,-0.005436070606737106,0.019430257692880655,-0.027323918304107204,0.04949729532699504,0.014445882186488212,-0.019272575909821257,0.033631129724838296,0.07160039577385638,-0.03553295534446798,0.025029921984453498,0.05773181440313155,-0.035273914299679715,0.040164603533966926,0.03599479653827438,-0.07857865086078449,0.05367341178754694,-0.09722885065512635,0.02116082182164313,0.009751165964676869,0.05899227133700679,-0.07753940592460648,0.06253166375192903,0.05984684219008922,0.0193965114396908,-0.02924641975595564,-0.04464506367178956,-0.012488805473698184,-0.05359582212838606,-0.003364579886590948,-0.009051454860271134,0.027358999914643373
GH13_5,0.005270062901961933,0.01555840560621612,0.035077508926287436,-0.0026477312563461222,0.03950579476323979,-0.03593319522973223,0.011092318495901272,0.0008073039858878424,0.027266160809311987,0.002275933932226979,-0.009764580439609063,-0.03531609786879797,-0.01838690263640735,0.05887663049205038,0.010157104704073888,0.01005950597918104,-0.011870131987167295,0.011756356963314323,0.006410518945192326,0.01894508439027026,0.020304038811729423,0.029723016368657852,0.04508549732726094,0.0025626937432996063,0.004877753960068114,0.02164235729260179,-0.04913444797235899,-0.0703022887593782,-0.03696594803791293,0.04212818661004848,0.041668200995356175,-0.006408831649145485,0.008030884329753693,0.018131029172866582,0.009714626578193832,-0.045260913024566876,-0.05388303342614732,-0.04370441512781338,0.04554428032728591,0.004492419469936027,-0.016143827368280236,-0.007756222095559413,0.04198337358175768,0.007446199880685745,-0.016961499369782224,-0.02057423859375873,0.06765824288761235,-0.006895061579842954,0.029717260960340705,-0.015514599763896745,-0.0477588957330879,0.02223326622529404,0.0398076823035352,-0.017570941562282404,-0.029420757823570988,0.0011660135221880229,0.022802495024733076,-0.05181928523244047,-0.031386209257190364,0.019261549754301294,0.029175691860628947,-0.013907708989486435,-0.027808789869082622,0.003820170915666248,0.03324973216888346,0.009541232785856543,0.030744433263173873,-0.003395061732621344,-0.02826069513295198,0.03949574304876907,0.03626582885206182,-0.010981084600969275,0.024643689876021727,0.010115793819003635,0.017284395140466244,0.035016016644038306,0.0025875274337221945,-0.008362296965856204,-0.0009751078236130797,-0.07365748788582278,0.023004861791039496,-0.0048227177972215264,-0.01528899267073053,-0.048900778593532174,0.05854515014456392,-0.0007396660529361403,-0.013963809407487461,-0.007728840420160456,-0.021132445856177906,0.04712160782264386,0.0672801090181434,-0.009144549031684523,-0.023577414924309096,0.02802171205037993,-0.031810618360891975,-0.0022349902077860584,-0.042592667229745605,-0.0971115969975214,0.025868337092331137,-0.029077540204167914,-0.009231560536173343,-0.04371108198751933,0.007491587418055535,-0.01082128404476574,0.038907350924080625,0.01144072051868077,-0.006247313654391316,-0.015723950191497676,-0.02936622251475491,0.03614053195530283,0.033025086380500494,-0.03429442905888259,0.001397375712520738,0.05682278732797276,0.020551022218703103,0.038453516191660785,0.013437435365146192,0.007364208917838822,0.07391015963993865,0.002332718454598979,0.01983851638276224,-0.015589015968040828,0.003767461664717357,0.027710655117343642,-0.00030572854713873174,-0.0005826537125203551,0.02997296790659605,0.006954568816965685,0.033243275307783884,-0.009100296367247965,0.03352981638079646,-0.019480402621403915,0.022519964506086156,-0.02373472608194798,0.012869433095499466,0.02965648519391968,-0.014329008754317264,0.0159889012168067,0.012317763114640126
GH13_6,-0.022697746266461715,0.08991289596122139,0.03134709107308477,-0.07291690113776013,0.1630843023091161,-0.0013913986338422457,0.017449071640708694,0.07468214752819421,-0.1487114954459815,-0.12427408169741225,-0.10888347750553033,-0.26410362582571256,-0.01546919572625113,-0.014401478826477666,-0.08679502973819164,-0.004146268157310103,0.05335154008696272,-0.0483972899229482,0.07807736118706718,-0.14469684405286137,-0.06477760507282973,0.043230590309142315,0.002179023759513899,0.018113375746331657,0.13977894524093956,0.00100169109885466,-0.1094084379856177,-0.07499603050336506,0.015048450751474929,-0.11187036329156289,-0.09326385983802636,-0.1101216407157074,-0.15566072210222123,-0.017413301742495002,-0.05646782481954054,0.025941475720613245,-0.10035436395427372,0.207763893921556,0.06808330298251515,0.07138196574178565,-0.1243194185110137,0.020602692330377138,0.21480002868007086,0.18729208315829046,-0.26239693290375227,-0.023204746095817592,-0.1904321796757161,-0.06893847133186665,-0.062307138209441386,-0.004525788128411349,-0.14759319188570788,-0.013229373656769206,0.020176109903026606,-0.2067146413799776,-0.07459128799983943,0.01628673275429567,0.22599394872253106,-0.020581106716593092,0.18695688810213973,-0.02217973008995617,-0.1931766558207073,0.04592252806668265,0.1300628698983776,0.18705953836463576,-0.066544074719579,0.2973358483251134,-0.10081278324820847,-0.3701711693199304,-0.18251270063273653,0.21867881031896183,-0.21182588922634657,-0.03837559166788898,-0.01389463844132295,0.07429668098181225,-0.1774351252586458,-0.08534296457434296,-0.07532372684520049,0.15812393824831728,-0.012764984667336447,-0.04129607435362058,-0.09029199275313078,-0.04159410720876835,-0.19489135085942377,-0.16506031905497204,-0.1893024369904059,-0.0820820574881623,-0.14281038547949226,0.1774129297416492,-0.09529616840657128,0.029915063693429573,-0.06725691750340163,0.20369552640000352,-0.098626142843447,0.11128493873089441,0.1298050773868213,-0.07965760155676946,0.0011094681518096458,-0.01732620438965129,-0.1962151855319292,-0.13517864431262466,0.12863302141469876,0.08377388930144726,-0.021284399191337008,-0.0737866241076022,-0.03548674207486235,-0.1106081095332419,-0.09974595347235096,0.1469728330128997,0.09350469981238156,0.04952325764136744,-0.05490025745119023,0.0808554244191064,-0.027527075849095802,0.013263926147449343,0.15877910408971307,0.11199651628707442,0.03717211650570583,-0.26399814264797405,-0.017358939291727996,0.058959906473805855,-0.04257054733148535,-0.07379543388118755,-0.10268944301861395,0.1390588044004759,-0.08246543935617122,0.08356254765348559,0.03306425324306182,0.14499442847952979,0.11413595314548335,-0.17312305462391986,0.12874860970536664,0.055675325427465186,-0.03263833410367968,-0.07622021747832784,-0.01686740542019464,0.0752428848460347,-0.07246762506269093,0.011880814874286032,0.0461784050575486
GH13_8,-0.006630986872291031,-0.011904907666261724,0.0048145256048292406,0.007291136644890555,4.5323465463760484e-05,0.009270159031100051,-0.02833745510379799,0.0006693145582804228,0.003910394774427888,0.009362323337766312,-0.002800467923914063,0.012885812833406413,0.031629041158334904,0.0017458928677863835,0.021770161607803838,-0.023772845797621203,-0.006213839995902259,-0.012979777235745232,0.005140018700999118,-0.007025744126538645,0.009370945240127508,0.0270444161822468,0.01565220412970038,0.011193959124516706,0.006409025427627195,0.0009444538756197604,-0.007120620931114822,0.0036421175011937647,-0.0035141488378679733,-0.0034365048126435097,0.003171116975321689,0.006882651287674174,-0.00980199591368144,0.008011057118752284,0.019490667578297413,0.00466838975379609,-0.012011794735570338,-0.0013286599393755709,-0.00761800176214161,0.0065911236756828855,-0.001497459187938178,-0.011102959407096467,0.002385521147265126,0.00797167987473544,0.0005597192665865053,0.03557592614641702,-0.010834463012159123,0.0023132481960014624,0.006717437526887592,0.018362507732856723,-0.026178888379329864,0.002002212739960782,0.013252288229844672,0.013929861191787282,0.009934713718753626,-0.005991187519901822,0.0015680718979118411,-0.01593584873539771,-0.006510882950513367,-0.002492522973166264,0.0003153371163239082,-0.003665849861996651,-0.021539708055186298,-0.010117649271629494,-0.0019055762027852094,-0.005823191363624606,-0.009916542054041712,-0.0282930364314701,-0.013039587575476885,0.011435132096698022,0.005223352369737486,0.0008584145093795969,0.025998351301842464,0.012587993499502357,-0.0003680246153752747,0.012724952604916445,0.003281708889995934,-0.0070534632399307275,0.003074656022713884,-0.02401380941113251,0.015350387722440047,0.00895779488727175,-0.006816152124528524,0.025691675565822032,0.03337122173181611,-0.025697878372831457,-0.012868245422791354,-0.00855440616241686,0.011177269573370712,-0.019085812097981138,-0.02318750564539198,-0.01417780092669351,0.005334673015937276,-0.008516441140570473,-0.020359665132863,0.006862395497764742,0.0048467504513377115,-0.010762416117165465,-0.0014322031033688722,-0.0019969561812740026,-0.013325988645017774,-0.018004879141904104,0.04023711855907062,0.006977367470218945,0.0164031573421008,-0.013420776461277328,-0.01969226746253196,0.008789368835245698,0.03373550785428143,-0.022930354320222224,0.04151178783031036,0.036192424192280956,0.002076394357277875,0.008265858901846966,0.007945151654476746,-0.020605313897608862,-0.004997230269076608,0.032844350697880144,-0.00494223420669352,-0.010718988198339312,0.022322759857914435,-0.01660304480335619,-0.013591258581230527,0.0003150866754935442,-0.014418050049623092,0.012376327723618831,-0.005026164042627867,0.0014317936357295153,-0.014955871722837888,0.024976334950010528,0.0053161299877912925,-0.012656936761136946,0.030966656080870684,-0.00703109066563376,-0.0119850390927171,-0.008228774109175467,0.008377379835374805,-0.020241886420078643,0.0020631459343523227
GH13_9,0.0023830745049016233,-0.04883453300000509,-0.011611184357787383,-0.04118151870551366,0.008913135554558579,0.05975170158389411,-0.014826954908095045,0.004990203006302862,-0.037674607241771775,0.021379779193727164,-0.004728189374676218,-0.00739888581340966,0.04695762721427239,-0.006411381918231558,0.009707751079811557,-0.028024164407221074,0.014637846296611147,-0.05719176384224613,-0.00271439436086101,0.010092830719313585,-0.023677576273789483,0.007250258449593866,-0.0406604502999135,-0.012181576750364199,0.05870120760276879,-0.03160627017018628,0.06015670550586707,0.014629615651923337,-0.03783237453252635,0.008108148548660578,-0.04046414862759698,-0.0313163096111852,0.02130032412773704,-0.018702232502265097,0.010420350169948593,0.05846533689916926,0.021723668530051272,0.01790180282025554,-0.0429771411586372,-0.018942400606046923,-0.03969991201522889,0.010828703527896043,0.003385508157130564,-0.04345781930513728,-0.016519709108917,-0.007844026070238238,-0.02774150644694484,0.03760428614340919,-0.02380178819671047,-0.02602884288523221,0.022940896028224297,0.044029457444043144,-0.025195431245226656,-0.004098729075273722,0.014573455484895031,0.04721472164498813,0.02757831144417315,-0.038764137312913664,0.03780848673144347,-0.04152818220679501,0.022094353278561407,0.03696632311757127,0.007463622322354548,-0.008422178455808955,0.0047456238056763226,-0.027169550179043326,-0.019126973139937952,0.0230801325272078,0.03209705155720219,-0.010857003196501399,-0.011870471008041486,0.0495327734992272,0.04028131466035491,-0.009825079827997072,-0.018657976371929733,0.046404422988350166,-0.03315131198332262,0.017162376411484995,0.012940761170820377,-0.0065673291677167565,-0.03178922087777,-0.019938675926016895,-0.030191672927682274,0.061749464939717634,-0.035837855153854535,-0.0021570134926648266,0.007841470829461211,0.018193672001325514,0.011174163060034636,-0.02281255596755869,0.05425050389850776,0.007043600335650381,-0.004192825673444865,0.008132154387301272,0.07437075613737434,0.02507047700680358,0.0003382947533175541,0.043084214814148335,0.009240460276443268,-0.012734744223228548,0.05239490667153857,-0.007253011308359777,0.11397705867535769,0.04876164804705799,-0.06089043554134491,-0.08450667214595885,0.019445700964752056,0.030071585689032856,-0.011888320087248069,0.009927598416981221,-0.03169904274295614,0.049114926404564496,-3.243722407358056e-05,-0.04783225233508432,0.024991695782352427,0.008161933443133158,-0.07355586931345977,0.05136716705492764,0.028461695000629155,-0.014542295087922201,-0.04781385207892073,0.0430799629159947,0.022483377513319212,0.01364529273992403,0.0404351196985212,0.02670643025259898,-0.0432296898502931,0.013764123074659745,0.02978878463823262,0.007209943494015035,-0.014376527977134389,0.031061499048425024,0.038755446154200734,-0.014738369746714408,-0.023154202739639553,-0.0340176096524547,0.015277214923388205,0.027263080472767307,0.013661973010121307
GH140,0.032512557941974086,0.048715487848811946,-0.014983876475286474,0.010794068804426335,0.009442360602474682,0.022955172149106237,0.041352933126319984,0.013126012141044691,-0.022805901767688076,0.0012520241221840242,-0.03911353024341903,0.013517398251011455,-0.045510984109927544,0.022137040877777295,-0.032453441124208796,-0.011773061820651139,0.04338387162709441,-0.03500502546777229,-0.04198327877746695,-0.045743309159309346,0.019278336107981894,0.028847998251583885,-0.03846234023384323,0.011056687638031895,-0.03615415755053373,-0.029243583032238535,0.025447298879737925,0.02731924971850979,-0.011057758417958545,-0.05396370990756986,0.018854275134686675,-0.026880283019641772,-0.012189981782816854,-0.03741727807094472,-0.043824541346265844,-0.02179630030768097,0.011178295126770776,-0.004253918531450979,0.02752938594321246,0.018478094230746516,0.021315611851517757,-0.0026849299495264787,-0.05255545771161181,-0.02932887830783137,-0.018318393450010725,-0.060808473480673864,-0.0035344309562207288,0.0026105809766285345,-0.011547521038756548,0.013533553295335546,0.026887110458750765,-0.031525480610134306,-0.009970124040476017,-0.03311311532668325,-0.017479249093093584,-0.00435966143142832,-0.018399545579674877,0.05187648681945083,0.04370714775759984,0.012680741917312242,0.01511887756987369,-0.016224753085715846,0.0005148753999240334,0.02171958847660129,-0.005647131619691206,0.024951463584414375,-0.022172752623805553,-0.010444946902722973,0.012114006217475354,-0.01024942435931768,-0.007224413591190737,-0.004249169370970968,-0.015919642799473815,0.0027397547636728984,-0.02222135979460663,0.03663777134109599,-0.02005522542930221,-0.0029700180836813982,-0.01686003205937114,0.047116538856511105,-0.034503230475278625,0.015897286536450804,0.017178785941531306,0.04090090278487619,-0.03328336364989679,0.004506236869465015,0.004428739028344554,0.01888578043063629,-0.027005714574842608,0.016222664980797923,0.02238193593903385,-0.009316929778907058,0.019259282428461543,-0.009407832248387938,0.014023024482887309,0.017217862188743986,-0.011369676043299592,0.011574037932980945,-0.013465964029175576,0.003136315754173513,-0.06246284168737402,0.00350784751216759,0.0133574884780585,-0.019280961355458367,-0.042004755088632766,-0.0030332236046087644,0.013835090415832094,0.0166869957140456,-0.014710822196239735,0.010919126853552008,0.012495640941350781,0.020235919946314906,-0.03747277911550711,-0.01893383002957648,-0.035684407894510335,0.006148305533465165,-0.006495658217227993,0.026733878111458345,0.03435076113137544,0.01268343529219475,0.02178736024331745,-0.00995907541115873,0.0003719691348107604,0.01899538851054552,0.021081158660093087,-0.01882551883680232,-0.013104429991756114,0.07318024506608374,0.032644667334988296,-0.0489287562549322,-0.02158991237703721,-0.07177748012723267,-0.03063209904384459,0.016763023007335443,-0.004781658009238534,-0.0358154471786799,0.0005478077072284324,0.005906729414838277,0.026963909886739513
GH141,0.030312635283216573,0.011303462325514792,-0.015707267877725806,-0.004877587605890964,-0.00872342038574273,0.045010506396861445,0.036661250583963766,0.018806205921665473,-0.07275420366944985,0.052955175627696326,-0.046008344669440815,-0.011096329734160523,-0.013287668799906604,0.022179884261783443,-0.040485142027993894,-0.043377076330104486,0.0380498886357398,-0.015725460409818523,-0.03735938132200201,-0.0025557308440882225,-0.013482488149834354,0.03328178671767921,-0.03776392884035377,0.0034742729713124047,-0.04468853460616367,-0.03747816326087177,0.026300748730561187,0.020787236679789708,-0.017388502376563857,-0.06016425609336202,-0.003067290524921286,-0.031226166246856608,0.022155109620476367,-0.013880497692236036,-0.03985303143325825,0.016224820161678487,0.011113949448404607,0.006496179858047831,0.016364016391894443,0.022110762891513213,0.026126057505586747,-0.005545422242085004,-0.028514509048701977,0.008024310978331329,7.734412392896134e-05,-0.0783211237499416,-0.05007181774209151,0.00570159586753983,-0.030574347709543086,0.015441133446937138,0.007803169395659933,-0.03644949327404657,-0.00833672669909752,-0.033088460169759575,-0.007037279662620539,0.009366292471204811,-0.021129846803270458,0.02007197477926799,0.0353874177704454,-0.008864260259941319,-0.007801299028079028,0.014488697951417467,0.031415055620514186,-0.00040447848828230933,-0.008382990075761725,0.0331880635605378,-0.010189924057872115,0.008268374570056922,0.01964782677420449,-0.02884573455168869,-0.027645942558010138,-0.008321737032111903,0.02623175570301374,0.0002680978624837913,-0.022670300063380833,0.04359217062458645,0.02061927227228262,-0.006762181456292589,-0.024109519567462052,0.020035372411706467,-0.008991431611895842,0.010610910668165583,0.030031638419382875,0.025141929688428218,-0.040698973557768706,0.004127455196431696,0.02276947363374872,0.010978350145911177,0.014052978666768847,-0.001591261868980059,0.007820127238264708,-0.004026428685306996,0.00703132343898349,-0.0019151546964220468,0.01702109605152494,-0.0038635032597913238,-0.009463947440479634,-0.006879917094621389,-0.011157080965391345,-0.025701128042698206,-0.02616227394672629,0.013059094758197297,0.01605381475868888,-0.025674694029638855,-0.05157269636126918,0.004742138209453829,0.006726249776671063,0.01655380977400349,-0.010229068979386186,-0.0026235195935043693,0.02283558226081881,0.020847440362678143,-0.027780792698610467,-0.002827135548103615,-0.0039434601527294855,-0.02278319970396058,-0.014594345804131586,-0.018547511085501928,-0.0007722315207442216,0.004449297216559281,-0.004369045409506856,0.005222014158481137,-0.009067653976451954,0.009314404456077466,0.025527232340423596,-0.03418012163274577,0.0023456253213228447,0.0013863357139436878,0.015114665173446616,-0.034012631341609006,0.01010747398861427,-0.016261336549000412,0.017755408777435682,-0.006893430286210928,-0.025768279198866574,-0.03047411080052067,0.020387976940860305,0.03083803409703402,-0.027923366169258185
GH142,0.14879124034321053,-0.08764009869504125,0.009954017338254663,0.011183446407485522,-0.006865167027786129,0.018443619620786805,0.040115280720183985,0.031507650881602164,-0.004079065441498824,-0.04298070766872657,-0.04148504861623948,0.002094442412735529,0.026545724898380293,-0.056450133697784476,-0.07325400736618248,0.03042106208268079,0.06264950263494376,-0.06458760465992494,-0.03315598895218677,-0.01975323214326994,-0.04206164273225817,-0.021025722862950933,-0.017801909908410497,0.05472881340279811,-0.04279351864933237,-0.037990886388162906,0.0755876829859033,0.07118752872115505,-0.015088136130946513,-0.01868736821042472,0.03370468781241177,0.023774484363283076,0.09860821002373019,0.0013158111111566332,-0.0055078557001609525,-0.03836915764072856,0.016176698061811032,0.0019689690712752267,0.052664877067721036,0.06296371084615102,-0.03433752755262989,0.015460762651506175,-0.004630953658395935,-0.039241158419457765,-0.031367452528678404,-0.07889404646961527,0.012324873892474757,-0.023160442221122457,-0.02759498157389429,0.035960332445660284,0.0017387575072870228,-0.03078814444033223,0.011604703818041916,-0.010739906768757388,-0.044109296897657045,-0.019038690315350267,-0.004077618265497401,0.0058221022486784025,-0.013929644314867835,8.655982758832482e-05,0.0023801087290390775,-0.008430653458434426,-0.003573898230514375,-0.0065151890697371945,0.0002775494139213073,0.029005506302905888,0.024101189569548,-0.009765232747227562,0.04069491019311509,-0.03374813228477827,-0.01741984781617577,0.04645098589068345,-0.043794696152856194,0.03443755283834725,-0.030317540286467798,0.012598245174852155,0.03869823161781223,0.03501275451430115,-0.01721442946405371,0.030899870980316626,-0.02210164675379773,-0.05808527520050204,0.01379338330365933,0.06037837211623097,-0.06599057511897426,0.010878366004750478,0.03170953459414964,0.011086682616688503,0.017945169711433128,-0.01513181393725684,0.027421723765114096,-0.048038921107806276,0.05880299523823191,0.018985566565304927,-0.002448615524981885,-0.015383061947616395,0.05110484205842436,0.002397538109829202,-0.008630090417137366,-0.0013368268832184796,-0.0245908229661189,0.03664238339718176,-0.02883006333599893,0.0001935988096745603,-0.01619549139853698,0.022538101837020985,-0.0075699268701373565,0.0016478001090483008,-0.03209657977169646,0.0037994934426260267,-0.005188416122370504,0.062325598941186035,0.014983009920542712,-0.053276313723793295,0.02477748695171109,-0.013479554144846091,0.07849636373854739,0.022534136171706,-0.0014035911180954985,0.04116428965337864,0.014954806418500057,0.031114557762698745,0.004404956245870244,-0.029596526257532865,0.01847219126357826,-0.013085737823749399,0.0049766978172320845,0.00671491505907077,0.030449843536511062,-0.003769175902994014,0.05930595462724226,0.026727809938878633,0.05818894913085109,0.03984965596425463,-0.0377611971770273,0.0486664845114827,0.06309731459376887,-0.03180071355495256,-0.08025942550012126
GH143,0.19330928984230786,-0.014959572518849096,-0.018845484618734133,-0.02482889292991734,-0.0341171546784569,0.10144496758634818,0.06724279105492002,0.044481050182802115,0.06288972079232151,-0.09313653469364482,-0.11517737735677662,-0.09432831205848362,-0.01657969188572052,-0.06226922223923076,-0.06705085315788385,0.0696923694284727,0.06759577343700728,-0.11285465866842806,-0.03225992680683699,0.013912832292348238,-0.018679624071297977,-0.04445006081709199,-0.029259216457514524,0.05914564180464005,-0.10134645156620031,-0.0542933613653584,0.0947685468585713,0.06235202277240962,-0.05584053563885265,-0.05356246249487292,0.06664955381158774,0.04704147726617571,0.09274029916000101,0.02424524274140098,-0.031217732727365593,-0.05685099349862203,0.010824525740993744,-0.01283794179413744,0.08672247504917638,0.08166604415616155,-0.07643368848441318,0.02364581964390754,0.009170062079346737,-0.013579062996722764,0.007988052173139209,-0.07527657644034105,-0.03095005922669513,-0.028396752146461642,-0.03516399208211923,0.004268114068432991,0.009862327560685176,-0.015862763625484045,0.03903776051274473,-0.039877057183933126,-0.03918351621566192,-0.026477549532674817,-0.026553227050438968,0.016934936130022765,-0.0023201686114132187,-0.006791709593013558,-0.021523391059013387,-0.01092128386950032,-0.041465278459310854,-0.00494057799682464,0.06998400541075855,0.023166601293423118,0.012101519667163928,-0.031332231092315165,0.051106704060694015,0.004023604413801475,-0.02779805004816416,0.06709998979269839,-0.006599978531376599,0.08852133633918033,-0.03511219270535262,0.017100364768243677,0.03034378747590473,0.04116192156335572,-0.024253762610353904,0.0278839220131004,0.008752262854909763,-0.0206712634535764,0.038936249036241904,0.026675957155410053,0.008149395059028551,-0.0824527688277067,0.02125131410442073,0.021850648719585693,-0.02115350758237969,-0.026345512783133213,0.03483679625568491,-0.02820450716698823,0.048130151974839774,0.035322206221466285,0.002204257719439578,-0.007585125536264267,0.0722974364719872,-0.02557395122457994,-0.013928123799467425,0.0063339037828631685,-0.030446705322829556,0.08147365323471752,-0.07621695385322655,0.01930246077486904,-0.037824292747131255,0.05210932808371933,-0.005951317477888228,0.010749671397886885,-0.042792876462555515,0.021543178605556233,-0.005474301138686156,0.1084655509267982,0.024613927852282606,0.00949604932902674,-0.06003681402885476,-0.027823944431461925,0.07437636588767742,0.02744554644471844,-0.03901571918124955,0.046177108067196236,0.007565192320669698,0.0647099514656986,-0.03561819943653818,-0.02990804262474232,0.014390867614664673,0.050996821787019087,-0.01609969768418142,0.06104346614547435,0.09875754881099552,0.03283373590524085,-0.007345226985104824,-0.1001243617477333,-0.0022089840628298804,-0.012063942510889047,-0.06120804213702889,0.03955072194093075,0.11038286960443193,-0.01620857392862346,0.0389421709743168
GH144,0.0037778830813100105,-0.009723876923633551,-0.01088389819971543,-0.013068602646593677,0.0098390500944699,0.0033298893024291645,0.022512809377834016,0.04800656223016564,-0.011551680744589366,-0.009645807211280907,-0.017966582040962433,0.013988465556979827,0.014265856760378184,0.014996606482174544,-0.02669800763856307,-0.01689519521784615,0.028952674826639886,-0.021689729848850297,-0.025113826669823324,-0.011178896381762952,-0.0037848277757475237,0.0060201286278086415,0.018938952240594758,-0.009259999099851637,-0.013841647496952082,-0.02464779401665929,-0.009954791035098382,0.017615903494498493,-0.006932096731902547,-0.02194647865231991,0.03255394911573301,-0.01632632742426725,-0.008281297450598576,-0.007470651601446172,0.015830578391187466,-0.0076661545217677225,0.007073572383629316,-8.763507200746791e-05,-0.0026902396265499947,-0.010073648822944623,0.030917767294672903,-0.006959476435854536,-0.003256275704488424,-0.011658737146495728,-0.007549926065340933,-0.0173976694711067,-0.025024179503822762,0.0014467006147114683,0.0052461345913236215,0.012229576058139855,0.03998247879941862,-0.01363489274349088,-0.037488140139949166,-0.02580776145131078,-0.031825019235228034,0.014687426747068508,0.011911856486300328,0.032875950787745314,0.029507316293361917,-0.005343218894714696,0.014521828759009257,0.0019551843060731755,0.021085497449743505,-0.006147882617638093,-0.018281022346966564,0.008928475414218864,0.006227438519268658,0.004144458590947789,-0.016910374627591245,-0.026753976496010027,-0.019667407164885846,0.01457527704965013,-0.030098581183794132,0.009878450791222574,-0.02846756637954382,0.040226041311372175,-0.01725377754609119,-0.021099877035189566,0.014847489503844683,0.0016037267756910953,-0.020825710217944198,0.039712015281428786,0.01711746787427645,0.01913422519880898,-0.026660866043712532,0.011188249011773357,0.035323671805999886,0.022179273511250944,-0.01513954595803934,-0.0025255294140477226,-0.0009317353387038455,0.01853685404489376,0.023293297869026664,-0.008359636864967195,0.0021824259046556455,0.05130545713683048,-0.00892549491800558,0.027800092374076105,-0.008207943534064682,0.005257212668778841,0.015934623190942725,0.018886116300257116,-0.015068235304072931,-0.04839791645833293,0.008039030488805964,0.02557502048502818,0.04701833586361094,0.011789210923533288,-0.04203459922019112,0.003728354095164805,-0.022397473366745746,0.023231450239056563,-0.02645471311623386,0.013763499666518075,-0.028458061257418853,-0.014497568221645723,0.013194368328874438,0.006616580058705485,-0.008548539044349336,-0.02304092257550712,-0.001864608004435886,0.03215809392472829,0.012203313456932163,-0.01662976549859717,-0.014239612261761734,0.01744046164336585,-0.029794415836815323,0.028628335758781594,0.04956541863863607,-0.06568481220798575,-0.007188489053424591,0.0009866211581244645,0.016951851241831618,-0.003449266807545915,-0.017335764673159264,-0.0036772703783218385,-0.02133584345708209,0.02353050216923567,0.0019607910771684963
GH145,0.02271911911217696,-0.0008902665878937712,-0.038286349307582436,0.0011155107026898402,-0.04071135726421821,-0.011085839669890915,-0.02155576310645896,-0.009654910427150127,-0.0406557624741331,0.005470015871703385,-0.005854294731489911,0.01631828483067205,-0.014558655243043133,-0.012985713460463648,-0.004532363577692123,0.016205009919014326,0.005499950444749866,-0.0366165829620658,-0.008473558905897356,-0.020589896669489835,0.005772104558728143,0.005591673283626871,-0.042339875259071805,0.04057362053207153,0.050465446975875634,-0.010061365203624769,0.03626720008189842,0.04061280245047934,0.006931746699531611,-0.047327023895146446,-0.009427622285702849,-0.036819129432753575,0.00853080658306666,-0.02491034587417162,0.0030327100110564423,0.016267625002484905,0.014426609508996407,0.025172595559869004,-0.00217796894528446,-0.005471764572441669,-0.027477937301204177,0.006454915143224779,-0.03617969799564484,-0.03556296693675517,0.05436973651758465,-0.007769177413069502,-0.029450214235700337,0.008444537715224175,-0.030424381989430472,0.034222341697952414,-0.024814952169583234,-0.017046400275750877,0.018776695564496473,0.026397545016931055,0.020709237278718783,-0.007913491249285457,-0.02015879853802355,-0.011004490583590026,0.005112326857670094,0.020052612951065137,0.008812519753587128,-0.025068651172002396,0.0033504657701287095,0.00042640867959239075,-0.006395865946718863,-0.003684155611963959,0.01147217831577722,0.00487255689360311,0.012042869739703277,0.016586464613113958,-0.021885178192080985,0.0033210430475511528,0.03100149873149831,0.008175276527895336,-0.004716225648615936,0.006536789927119497,0.0016031976963481558,0.012497499744547374,0.0004220096795782264,0.03407409159265769,-0.006862647615426897,0.004609155536806538,-0.00731532720858641,0.020859531139068226,0.00304497730696603,-0.010760503596126604,-8.952724764376916e-05,-0.007042903868837454,0.018223347589728486,-0.03875690508710439,0.005109492058842775,0.0004243734950029337,-0.0064136005432146705,0.0005143775594425867,0.02959784865282241,0.007848188505166564,-0.015745739765990013,-0.007215424970838461,-0.01808303181082133,0.016787055173853566,0.005998014345195777,-0.00028783751072981926,0.01808714293104183,0.04450030769558908,-0.0030446423627093263,-0.0033278409134252346,0.014827686903925798,-0.034578699718857776,0.03179592598197258,0.031868575411920744,-0.005240442523834578,0.03238992048281019,0.006726285822317036,-0.028019207128490195,0.017314072910658566,0.015576714507717988,0.0011876755072747318,0.020578279598842893,0.02775146291605683,-0.026261436606608592,0.04889039313367894,-0.012264603485468241,-0.02064242967856544,-0.012987557607296852,-0.01342857126659773,0.007691010433845958,-0.024046060361182967,0.02368863453187303,0.040308702326821155,0.013616028568194901,0.006161264655950218,-0.07400226256414136,-0.05996402615752075,0.0031029114800443795,0.01926885302534396,-0.02397777142914502,0.0017153033984040704,-0.009168714646481274,-0.006641185726752155
GH146,0.005734899324162583,0.009252727862850836,-0.02767576121983204,-0.002019065682675915,-0.02283304629740305,0.012734130408767084,-0.012538668568584358,-0.002730852491801809,-0.01620733831963437,0.008590607579827285,-0.006595992292672068,0.013352815465714036,-0.01432633744155917,-0.012894147009736937,-0.008843264692827294,0.006547793751217246,0.004783536113150599,-0.03191868457653194,-0.007666101520810811,-0.015137735731061343,-0.0048950816390832055,0.006030280377375942,-0.03509991890060943,0.016546698210997444,0.007141283396652965,-0.013987647965153631,0.020753988445000607,0.03673594928275108,0.006276720357733728,-0.04537298943142938,-0.018443209816095544,-0.02700744006829779,-0.0018395050634199422,-0.01064807926060473,-0.0014802620189652128,0.018148427868520153,0.020885419662294732,0.020619717277570646,-0.02571444280499921,-0.007094916770751927,-0.015203935177897561,0.0012651022705833018,-0.02369398205942431,-0.01967990007215552,0.04043164665899658,-0.01020938194091769,-0.020772599186388872,0.004149703739360457,-0.016302928492978846,0.0021440871952665315,-0.00392321986613942,-0.028495135954649295,0.0059697163751451995,0.02176721718200423,0.024729887527148716,-0.009223743595638873,-0.027442889807037962,0.016939189385782084,0.00899163769612319,0.007344016895649516,-0.004727129636294159,0.00470086655118172,0.011905727080351525,0.014451263332378173,-0.0045951101962006784,-0.00644836846542883,-0.007794976475901301,0.017363011114891122,0.011387137356784855,-0.0009231895829257932,-0.005832730409597721,0.0012704406125906924,0.002683216231047786,0.009674671000003224,-0.0034508779673736146,-0.008799676117208926,0.0006722222066779817,0.001192215390109777,-0.028867937471454504,0.03426420717410088,-0.0015374075874435883,-0.003123786564458553,0.0238003500559619,0.018968743004204557,0.0019908446858146957,-0.03550126921136314,-0.007292035700227002,0.00548704683282238,0.01822624101397325,-0.02784283048602329,-0.010103143680732625,0.004800600825768138,-0.010321865507238561,-0.006220300575899799,0.02269583707518544,0.017909711798034,-0.012875950347155145,0.013974232327443601,-0.01633787514440124,0.030606958153035446,-0.017183560293218197,0.005667165372549891,0.008153201784467467,-0.015484293320192905,-0.023553155703779315,-0.03413440571839126,0.012873168304224466,-0.015079107619436033,0.028049850318375754,0.01920555779553114,-0.03219592043553593,0.017469539288548466,0.0007195079394004826,-0.00804314219473562,0.005697502446083821,0.0021604297776616453,-0.012389537627125557,-0.00033252822046733033,0.01955358679020256,-0.011332489771130574,0.0026296371981464365,-0.021701662941436866,-0.0009678197982976065,-0.011784949477291036,-0.0035860169511252944,-0.005197323953876462,-0.002630833910238003,-0.050744662279270304,0.0218881930632953,0.02672529285889714,-0.02959581343774198,0.014253842602209476,-0.06688756605348439,0.015582980087993182,0.0064344796970199555,-0.005230991616476453,0.01478408585234582,0.004861379920913618,0.001905403314880709
GH147,-0.129303163622902,0.0065783202755600265,0.06663563187746846,0.08466373872680838,-0.012099719619022231,0.12886495421221375,0.06971975977330794,0.3760961600179804,0.18140662287649864,-0.11159785949169568,-0.09175115921397098,-0.11515795420392971,0.05873823844099869,-3.327349632358836e-05,0.0639870868297209,-0.016053352230637207,0.04012729722635731,-0.12755628712687225,-0.09378661048950468,-0.05072329095221366,-0.020501859227943228,-0.15589077922619293,-0.1508118023816999,-0.18686637834794284,-0.16757218572758129,0.10745635259590977,-0.03793392289897329,-0.11741906015819127,-0.04519804860058758,-0.3066538256348704,-0.030410414236839687,0.060420969425909146,-0.2915519140948281,0.1986633781416207,0.13646254340816635,-0.04648562387145709,-0.02243201931644274,-0.005254168444483734,-0.28098818473108533,-0.02344169233952494,0.02117831922820197,0.009615497010541528,0.03389598037725379,0.06086440136360476,-0.20871738726919523,-0.1058543305681083,0.040433357834918145,0.02049658869322213,-0.1635817961916523,-0.0005416623911146927,-0.05370421979753327,-0.014483031602725618,0.10833458541035636,0.12493444060403293,-0.19399269591480564,-0.01421374199506777,-0.13566666651228484,0.22747590542607807,-0.008197040817779506,0.03741217768730812,0.03284616294702845,-0.05552486522894621,0.12295563639527594,-0.11590102867914817,-0.1936626176822818,0.2802792072332006,-0.06355907848990046,-0.1356088199410168,-0.06684258414541447,0.03626349261638038,0.07898243920041985,-0.06724242432593731,-0.1627246632297658,0.010394741025627312,-0.1187104204005931,0.04974710134234664,0.009996409369738581,0.003237856777362874,-0.1096800928504959,-0.20155307656764798,0.07010888585171277,0.09689017171041112,0.19246468779936293,-0.057664656812703774,0.08918684013315037,-0.002654568807977729,-0.2828082281900941,-0.06584007202022239,-0.17115597389688833,0.06408769078159292,-0.15755498376031762,-0.1381096444791227,-0.00672236515726661,-0.009100213854113567,0.07604626761726811,-0.0827159334968544,-0.035905383618083854,-0.0545923057292724,0.01626534770611314,-0.17348021495536123,-0.0340431609776959,-0.07484620759390109,0.057811307454451254,0.08924550843468394,-0.22345138369897113,-0.3214960548119588,-0.05723206798851902,-0.33947590114911014,0.08969290367915242,-0.13714070704056947,-0.054606300267047006,-0.30667565179265577,-0.1312069879343503,0.1179117137736192,-0.013649050902233867,0.020764829637054692,-0.020769915611112848,0.028366422557127412,0.1902638802149467,0.061239986357435654,0.04106953806846628,0.16239631973913016,0.02949426317941667,-0.0055193333691901025,0.11338139209158875,0.016178436261677136,0.0950170273986719,0.21197227303590593,0.08863409845110813,0.006453109880031268,0.044524775666170434,0.05412039365733675,-0.13535779417709395,-0.1535065115672688,-0.07909966382708838,0.014763098052425703,-0.05455350658191646,0.0518407878105522,-0.05370472794640165
GH15,0.03842056337466379,0.08202740836386241,-0.05795682105298503,0.09525811015680676,0.14302941325376597,-0.04787495019578078,0.08484162526283974,-0.04389390364066124,0.03625495257374402,0.0628959805982514,-0.09574422463196909,0.03978777982371412,-0.031942295464217944,0.031595656632278576,-0.015272253673157744,-0.02511511381847719,0.06882372875878333,-0.025735213660406722,-0.06569431230771888,-0.10974254085023594,0.014582652297244878,0.043316199096804106,-0.009564747110657856,0.07730582644611864,-0.036915497797338236,-0.10006943074714116,-0.043703684449459164,0.06282221114117145,-0.05352862898323567,-0.04941226850363593,0.07725370254577273,-0.062248894126416,-0.08100383495254805,-0.06510625131866134,0.04010368552711164,-0.011332372718299536,0.0043212290259561454,-0.022127321281229715,0.00046460228581974065,-0.003789100085337304,0.07340625073176885,0.05928939675818784,0.003056100129478089,0.011982308572348362,-0.06907538097360578,-0.0019461447296761356,-0.013901558985595185,0.018634569508499066,-0.04694133999734086,0.010867630819057618,-0.04212437956816512,0.04745285240132756,-0.026567106693350856,-0.02309321806503945,0.04298322636432086,-0.1365042911033144,0.023098283326603894,0.07454008261329303,0.10879011897074792,-0.05411949711914927,-0.008446085404115433,-0.15726215077018574,-0.059203936622098725,-0.06301304749212391,-0.03436896753655236,-0.0013152047603022935,-0.05424986775558579,-0.0580155686618555,-0.04155938389924127,-0.033128107895164564,-0.06258980375138493,0.03609737286862554,-0.003935668236428111,0.01740979023148607,-0.03642085911488377,-0.0758936500155502,-0.05455217850519725,-0.020795267342867296,-0.025326632772108847,-0.10585555243353367,0.01780596379361987,-0.004582412486958799,-0.09257726967655412,-0.02144620537836141,-0.009469797611721854,-0.029755151551228577,0.06668520814966994,-0.042262389451099586,-0.12048662770503307,-0.017486154648932224,0.04725332550656517,0.007810943484523139,0.11663443416217341,-0.016979552428791386,0.02207443482864807,-0.0233532859246466,-0.041280607658238905,-0.00982513512812445,-0.039848218871055024,-0.026784237883054226,-0.08068933511369901,0.01104709665141672,0.05979987722151636,-0.03757470695843344,-0.039915947949360514,-0.04025938170140664,-0.07654904429031922,-0.02718535610229633,-0.025652099364641547,-0.03051546817460003,0.03367621842538917,-0.0405595872689524,-0.09267089355058535,0.10554195532388068,-0.0763020653857373,0.056081670649461526,-0.05766101558903278,-0.026128406162542063,0.0349086463343901,0.12119555233608977,0.03321100846880299,-0.05412363722472139,-0.05427214524776866,0.004909190357989488,-0.038236859735131544,-0.027103314863550103,-0.0426656390412922,-0.02818614867048341,0.04354497349053818,-0.024198766129095547,-0.000256705801054422,0.03497171408628478,0.07616568568818603,0.0424625992071274,0.025637400263919353,0.013891561281113813,-0.033737385199171896,-0.024633483893790126,-0.016109484553412205
GH154,-0.0035055361757693406,0.0033327737331489593,-0.018293846876407935,0.0019568180622571165,-0.015123292134016954,0.005980874630700502,-0.036903675639723285,0.0038523030482826483,-0.011244709975698632,0.011289101691867733,-0.004297249223580565,0.004652937794274791,0.006532825514349859,-0.008632540110260354,0.01309721739149836,-0.00602324605841855,0.009793851172568585,-0.03182224426626839,-0.005460052386728335,-0.01635406949144763,-0.006004129163669372,0.034948170680957576,-0.034295168380265195,0.009119380690044348,0.033804145119988964,-0.003402687390717912,0.027595722338961494,0.0421416204719966,-0.017587277809760563,-0.017183310037907438,-0.0010187732851279557,-0.031243252576509454,-8.448116311538113e-05,-0.019001848033378867,-0.010885798644688133,-0.00020053857757286906,0.018006658017376477,0.017063769706015818,0.0014350087182453638,0.011702888520461217,-0.027791273951493826,-0.008680781078492152,-0.03882483802131163,-0.012546325228995146,0.023926656379308266,0.004690179104231165,-0.00894181181024837,0.0037869484326397656,-0.013270183849723139,0.001399463270812903,-0.022704219652718412,-0.01326468580097088,-0.01006346473254007,0.020853125277825534,0.016011216636273314,-0.015075536695981977,-0.02588614217457317,-0.004653015558390804,0.016742156007278592,0.006745511499095135,-0.004475912701357309,-0.00787765945233912,0.0240385166543739,0.018111790951147646,0.0016753071290705624,0.0057771047944723646,-0.004708251931774426,-0.008697741386264087,0.011646655071867577,0.015535767314036796,-0.0031774528754661274,-0.007280669928584249,0.026845687462931804,0.024956044981685063,0.0035253310619585503,0.01568093537361299,0.007432511040048947,0.0015082453924710607,-0.004370820144694211,0.033974852464213966,-0.028629335397464747,-0.0011025267681351472,0.024701829599805065,0.02189876777786444,-0.01145029711957451,-0.006708019805182738,0.0027686151970805167,-0.006172080444816124,0.004180711990744657,0.0029747615297438584,-0.00229632244522696,-0.00492216766317596,-0.019880297397239153,0.0029578959000770826,0.015901718124241248,0.014666004553346877,0.0024622990313695934,0.0009255301221647968,-0.002529544162473182,0.003486192335800387,0.00549359511640504,-0.011252742578972741,0.04650636724949205,0.028451016508751627,0.0021403329064818687,-0.01113854592244955,-0.022874091388327095,-0.01063401702538364,0.004448536812636999,0.05410026613671085,-0.02057227165457023,0.018458126311254253,-0.0014716539648738603,-0.005761594325732326,0.02182203515342606,0.03616342477102834,0.005181260196169673,0.031186974295579005,0.029186148452477963,0.01814019158782524,-0.002069423085542412,-0.04183873323669823,0.008164551620280857,0.023593726710241042,-0.006917198759866429,0.01205793673595906,-0.0172117484742988,-0.018562531529164924,0.029742697667933006,-0.014096227969593757,0.0198505541138534,-0.004437623941549284,-0.004076895168694667,-0.013178686296303737,0.019571533110364383,-0.012420579392228133,0.007368084486704211,0.017371285765693505,-0.005446875351307965
GH158,0.14215807225021954,0.04209195723257988,0.057369159036539684,0.022104726314785026,-0.1183867244138,0.06936921357794355,0.12455973484958374,0.06672432462984018,0.2293886848741243,0.04813466042631806,0.050541325588662415,-0.007438812228435779,-0.024229236224479055,0.21068076619635476,-0.15295013002890617,0.19577191999152888,0.1084742791588123,-0.005365350472372562,-0.0754606682749336,-0.1468151720559151,-0.012281893613206132,-0.05780435215864754,0.08123517234407748,0.032209047095097386,-0.13784887959899558,-0.19854836709000617,0.11060611634497688,0.0678228034149183,-0.0016070340958487363,-0.033787642865367604,-0.017041171351987842,-0.02582360700103772,-0.0483077731765939,-0.057515182800822594,-0.06004474588479069,-0.22097540906476523,0.10144807229655042,0.01800575039433246,-0.035629181921420394,0.05012336116036679,-0.03890930993639824,0.033271737491430343,-0.03883629127111538,0.16016318743167343,-0.11805797840944808,0.02498781951000487,0.054250564126984355,0.03673480735754686,-0.0320726722308701,0.005692967982394105,0.07072616054411784,-0.026120433228756602,0.11617551948157667,0.07704007556691748,0.15086906893080634,-0.20900997826840065,-0.07540514360577502,0.07432032079622226,-0.11597751064391734,-0.15574672959275163,0.10237907718162696,-0.011809912105798997,0.0879169891603078,0.051886700572821486,0.12632728758160258,0.08770056351956773,0.03918814214840321,-0.10303013383323495,-0.15139211643824968,0.05124636056403095,0.021534698568326776,0.17577037641550777,0.3079192583903258,-0.09161011172546614,0.051529522387695245,0.07430720207518826,0.059935922303935,-0.1354134527985415,0.05443018604791411,-0.07059578587820865,-0.04083310318841715,-0.19304975564487586,0.07364168246776549,0.013488245244608413,0.20759171472821344,-0.18289799215304284,-0.018574099346388588,-0.022952888911333708,0.07789563806745753,0.19050596197567696,-0.009290228943654397,-0.046161108294312005,0.09615320607431908,-0.016130885511410783,-0.08320655197586505,0.002964435243185103,-0.08300888155798143,0.03685029523546331,0.03927279469520571,0.05509836842560398,-0.010704543093004426,0.023571354626949762,-0.2078784218768921,-0.17581551242566393,0.02942167754939675,-0.0016917680226656226,-0.11345303803413766,0.019953713436394044,0.0034454724674558117,-0.10166713068542914,0.0003630016929713509,0.07466199829901715,-0.09864247351985952,0.037394986792951175,-0.0025048613827725126,0.011219652099866357,0.03083449721681174,0.1430462599701097,-0.08072177729988012,0.09049827739193561,0.11657480685691965,-0.0038281396456103364,0.04907741908102797,0.03878223903220851,-0.10102802326892789,-0.0860452467814239,-0.11743764706866197,0.03335914973255473,0.14112817736871025,-0.062481216045663174,-0.14285894480031444,-0.22001589428489826,0.09324378889557436,-0.06351544403389203,-0.013721928454488875,-0.016736918265153937,0.03903383398604368,0.029402363815729502,-0.008142140298551875
GH16,0.009129559571327599,-0.006648245831224234,0.017003229045753757,0.014130353444136773,0.012304629663162073,-0.023505750599572856,0.002090178737022511,-0.007430285674511607,0.013193389006837386,-0.006191251723142982,-0.0031200479868560053,-0.006012818635812318,0.004830154213075987,0.01769457631294553,0.0021208240189698542,0.0022364262190325635,-0.01650424606721937,0.01989801758946765,0.014472686550538827,0.016127961057512404,0.005834651843427708,-0.004011219572692781,0.022495718612959185,0.02557565264331765,-0.004637615057593264,0.01737588562855284,-0.02445361881760076,-0.02928230547395443,0.0045503258281555155,0.026761177546235432,0.0039634104698834105,0.030046875341175703,-0.002077861351261489,0.0052461319785609035,-0.0043880772009164395,-0.0053765369072256534,-0.016010438128530365,-0.0014700308926858187,0.03648746590982764,0.014411530840834482,0.014737208416217873,-0.00020864048472644343,0.03151357237977194,0.015424565771916674,0.0002529428631542645,0.004916760335535793,0.00882515022956412,-0.0012066057322454957,0.01146992811619741,-0.005593875699417588,-0.011570897430878573,0.016215542082995194,0.030023549701807654,-0.001279386300876127,-0.014380036580784001,-0.0093053246318407,0.016144708953613363,-0.02845229691323564,-0.01888814314706193,0.005096861074423087,0.017794797398498458,-0.004129387766001716,-0.01870307291977588,-0.012897117616089599,0.0032091806090082326,0.0049382242331140426,-0.009430111077889044,-0.012586128701778335,-0.0032183690290863982,0.015854252280303346,0.016210377117662572,0.00298368846193282,-0.0028006067205417987,0.017967869278528503,0.009259125163727039,-0.007229444842831307,0.0011007162824593953,0.014929009182304264,-0.0007156411556023687,-0.017499221096383875,0.022016735583178643,-0.003779037004517061,-0.00408087229034167,-0.010145271156533155,0.009934090976155241,-0.012314269622444458,-0.004978291278636982,-0.008908296278348644,-0.023624708115091594,0.03722497099452093,0.004069538496487791,-0.023121462377446392,-0.0035952734790030316,0.016060426497195798,-0.019077090792220263,-0.007357920830440157,-0.005833683389085839,-0.011060210008083637,0.024198751908057505,-0.01009471040197604,-0.002089783283093499,-0.023373259417553294,-0.005008852016113042,0.01744615502329525,0.009585883023483658,0.0009033512078474948,-0.021959454690537682,-0.00151071948894098,0.007180192313821953,-0.030715511106834688,0.043427453265164964,-0.009140739204666548,0.0013221162309322656,0.024679856748570844,-0.03549362125716144,-0.0010901672680209825,0.02412947694493251,0.014921622508286173,-0.019471422345208416,-0.022102824463824212,-0.015871348852679844,0.006808804984227095,-0.02111773989964127,0.0024538889570991044,-0.01222119023653991,-0.010755063500213855,0.008508399803358723,0.0017417127597919955,-0.06226848158992771,-0.0018503554741502867,0.010380590143744386,-0.009679473836298637,0.01744463369447249,-0.006772053117592994,0.007467197327240319,0.027530932502897634,-0.007861740733465402,-0.03502063070386532,-0.016199201583720162
GH163,0.11616742875814531,-0.07700020235180384,0.04458961812305357,0.017485511331329837,-0.009362940586734505,-0.015891826929451833,0.14241809733958777,0.06238690923595,0.03538479911204181,-0.04098766523946594,-0.019589298490930725,0.09356239951799344,0.005287986859687248,0.027843823492600058,-0.14886616876898923,0.02160271225008503,0.07030785942204336,0.007035160068371582,-0.10729563002593949,-0.09742636734328998,-0.05780342597879661,-0.03723907509421654,0.005450189743561293,0.042479082260379504,-0.007115665344186747,-0.10627222626695053,0.01956885879490909,0.011141523681316297,0.023725816947158224,-0.022267775804639678,-0.02737186183570682,-0.055344500725222186,0.15521208047358787,-0.08437568126703127,0.0859236641064557,-0.12146153092314446,0.00772491424327817,-0.010333445654279167,-0.06545099127310476,-0.11474562898941294,0.04501937098677958,-0.04643097231155504,-0.0011577502934402482,0.007951869539133426,-0.0948889690193931,0.04136735867266011,-0.024545970496733165,-0.015881117465113746,0.017274613803629976,0.022497420836356415,0.004737062748970215,-0.05973855535402591,0.055049658303179115,-0.029529924690153957,-0.04005361498030343,-0.036251006901977516,0.03511640339766746,0.04702681774566128,-0.027012042268799885,0.052528895664951246,0.04447865524953343,0.007533542020753076,0.02369304511907335,0.04040775136829668,0.1178103559341925,0.13928654542748561,0.028080946130267084,-0.028806983788336012,0.034237021542763126,-0.01184095016537115,0.02548111445967019,0.02427280865833287,-0.015344686386727256,-0.030240320128725722,0.025506030137596725,0.05849180277216403,-0.03587697846165923,0.025473073875544497,-0.08128869661132843,0.07771205329462241,0.09420633860457767,-0.08745654399028835,0.013135041048016298,-0.012463945875341602,-0.1011602034583251,-0.03617930134898522,0.028478954102499093,-0.09643403376240801,0.05286727968633614,0.04945474580022743,-0.026799658347356196,-0.03234034684080541,0.09418922621816844,-0.03228098510045788,-0.07480768811105193,0.09374053377201777,-0.104481080535628,-0.09000685026180551,0.1402079495689467,0.05557300980913477,0.07697755947606331,-0.002384507421760134,-0.13762947706122408,-0.008227561332845978,-0.006307764653943699,0.06585815329745323,0.056198948567224065,0.06805026737588847,-0.0905336013520368,0.015268659973125289,0.020697667176865976,0.17344291388113112,0.06485627108287563,-0.00045813776113846677,0.011138845137583099,0.051819992497747054,0.155204531287758,-0.002744963787635721,0.09562809498917652,0.042122817781149784,0.04808912945972779,-0.029991673777541736,0.04760923745771906,0.0422027965933354,-0.03772646754417632,-0.03208282094808125,-0.009837249815978019,0.04855209389179199,-0.09493515540431995,-0.08611419930962448,0.10022601148665966,-0.10035393751673163,-0.033469158660298655,0.016843630972080827,-0.01895744084080166,-0.008204908215566785,0.06705553102630195,0.0846514631827836,0.0011789966645479814
GH165,0.010729483658065087,0.04019418857027032,0.00877164367691629,-0.008339257867580049,-0.01823686488565945,0.03381084062643957,0.042222338102614144,0.023188040879985113,-0.024502526853527027,0.01564828668839732,-0.0018215222744202672,0.06593690678566137,-0.02207245988130565,-0.04692533842623528,-0.020581691717625684,0.0382131211606273,0.06209417066063494,0.02111366724530451,-0.033782206876272314,0.0031760744849150028,-0.028476397605765962,-0.0012074439106923808,-0.028560655108508966,0.009375924073603865,-0.05275104646326253,-0.10580747046202442,0.034524660085656106,0.028614720714177387,0.027418816890490198,-0.03890535106613519,0.0174688944257021,-0.09888452474728077,-0.02733783148816567,-0.10628173141292288,-0.007259848261185889,-0.02215087683722901,0.017442668857296704,0.1084372555252824,-0.005500926060505037,0.034621732476100064,0.005617884291418002,0.02018379686068895,0.1283500450768938,0.030271574682716837,0.02801559848562194,-0.05193370534387828,-0.04767769145590251,0.04611598677394593,-0.005466340642865271,-0.0754367662193987,0.07049332544037341,0.04797534401843597,-0.0025167232239589913,-0.06785155526672138,0.019991542296094802,-0.012751680090773695,0.028928909220051903,-0.03408995795886568,0.015551213770997786,0.04672425591416975,-0.04749216054364765,0.004397373544694365,-0.06342115000508636,-0.01972082858349105,0.010533045420534326,-0.07610591121240991,0.0863014394631839,-0.051596168157855185,0.04438352088258898,-0.004829438762723716,-0.05977398767410599,-0.03217338281847925,0.03346871238684838,0.005046099277823519,-0.04685266848760464,-0.09544763295090554,-0.016985226711619627,-0.09632154055707022,0.10341917097459921,-0.00021018958507564562,0.06793823015597719,-0.013317626695640688,-0.04865986354379853,-0.060596873406295736,0.10048538682292407,-0.04673826972365091,-0.013315480213501013,0.03165700018188441,0.00531742650400634,0.08777842442087089,0.017523825560025887,0.02399337117005991,-0.02337838518166872,-0.0488603749070639,-0.06436858207138779,0.05952268070595147,-0.03661676049700159,-0.0015388185571294504,-0.02026650415638416,-0.023895374036762014,0.07229908771632387,-0.05550571482645324,-0.03857485301483159,-0.06251351830210863,-0.006433133122360334,-0.0017581923014008299,0.12430240729126374,0.09925689034592627,-0.03811417767313312,-0.11528513327628584,0.044241517087221204,0.02076912224862393,-0.0709329419406561,0.0651832243236274,-0.013119252611858402,-0.03215383005402178,-0.014813133011807218,0.0442184343289566,-0.018121869290347672,0.03368324785750684,-0.025902223482851348,-0.05405984504029274,-0.057215145586077036,-0.038232131020194064,-0.011238712199150205,-0.10486261212050063,0.002626964215545429,0.011723925468065461,-0.07076278502058726,0.023130631106624323,-0.022268716117110343,-0.029299506759388427,-0.026024176126521314,0.015213969480254665,0.042676738394029565,-0.05051059967878386,0.0066450886368775285,-0.007464984471813608,-0.01376950679133226
GH16_24,0.13150534914123968,-0.05309038155621403,-0.03349392260930023,0.13034178032645388,0.2257323725620977,-0.022068100682553014,0.017319553919211916,-0.05324093419857991,-0.028702266512258247,0.08430110856381583,0.1802941636843702,0.08441981849416058,0.01837785654249422,0.2321250876696613,-0.016808955920180703,0.11564290211499602,0.09761154109088332,-0.06007232922310415,-0.09317277422169035,-0.025541833825480156,0.22150271063783292,0.0200008653502121,0.030643047118953052,0.12745562448981634,-0.033686407606227,-0.15423504153060094,0.04362334541748985,0.07286473930280493,-0.039207856326161854,0.09271582443592302,-0.01863252026027354,-0.07573004962995002,0.07878352931983616,0.06315836164967943,0.026221119287598082,0.05586008065027107,0.011193579527694548,-0.05882808000622241,0.06325483039847467,-0.001341113902974024,0.043508125750323035,0.018641355615650883,0.2042671999952862,-0.07767333609582855,-0.11318690411217878,-0.1585930686792134,0.06850941334639588,-0.07086744468852355,-0.2040539387892411,0.006596829469508653,-0.06783627651206194,0.0977939365647585,-0.10420831868273203,0.11692851546794071,0.07257023697181766,-0.12429649248514558,0.038626380228323876,0.021347243958531822,0.15923144404872053,-0.08307093161617675,0.23533864801611518,-0.11249802195062633,-0.08436766323927132,-0.11050867877319757,0.004124459800666087,-0.04615609007502636,-0.026363347731142087,-0.05654040375729205,-0.12089739609471355,-0.032980645393701304,0.07674552946164051,0.047656813740490904,0.08790175293226136,-0.01892044936088825,-0.08365388677486393,-0.10834354610241692,-0.016504107524686323,0.07313993146541131,0.027026446661151376,-0.13370230766068875,-0.07798052951901023,-0.13379600961463162,-0.09300622288961824,-0.07971427407131243,0.029790696280516674,0.17614338644131333,-0.10409297821530113,0.014019077528714702,0.08398050222811747,-0.09306726817351665,-0.08003773435502395,0.08458750253689815,-0.09827624500340981,-0.20947216487699388,-0.18317756381500286,-0.2560992931768638,-0.1721617333450115,0.17134921314284146,0.00572690050194185,0.00820317623765169,-0.0630953328681906,-0.10791215324269615,-0.08040569694887277,-0.12386054544351587,0.025567303209731256,-0.16694109629961132,0.036681417532085425,-0.14232682669017216,-0.22042833653213073,0.14223734998955453,-0.05034925385080717,-0.09010482926746603,0.06906600225605966,0.0015942007826924571,-0.15904990153332127,0.06374198304473765,0.13588790712237853,-0.20759361688621444,-0.041752958268072134,0.11616828222861583,-0.024129140889185757,-0.13614463598306267,-0.07965826231086744,0.1588935975308146,-0.1507064986879771,-0.10690058198386858,0.006569920656986125,0.03791149890220137,-0.011372450034142709,0.19637608506876456,-0.05539536213654522,-0.013583441517997048,0.02663763412726259,0.009217626212954123,0.07162611136480707,0.028270479304454525,-0.05655041381067858,-0.011964394145463837,0.03966865512551544
GH16_3,-0.002878918856509036,0.0058910522033019325,0.007426169186687546,0.010544037590473938,0.0043384702908439024,-0.005533222139116763,-0.011559984567292715,-0.0090676908953351,0.013968376834130984,-0.003145295982534812,-0.006639910272174058,-0.002746020099269424,-0.012846871733729514,0.009249598566530985,0.036534314032524384,-0.007028322051844534,-0.000943081109366594,0.01455998929139083,0.009945296709657428,0.017284732880233397,0.011991940295466002,0.029818424891984233,0.018796254380280302,-0.013243249575017806,0.004541257476972846,0.006759606445829185,-0.024778649437628822,-0.03409492664881247,-0.0007567879054963571,0.007703559419782766,0.008397635957661782,0.03376095320475646,0.050943341434564436,0.018469530247849756,0.02317868657715354,0.005062713743112081,-0.010821920587316975,-0.012668536102973652,0.03474150230133568,-0.006864119436070948,0.010749769630445988,-0.00922747746661936,0.030346187327415997,-0.010141411937632959,0.016498082873219022,0.04384907146757292,0.030431378288165313,-0.004585709182860702,0.009012068432321425,0.010255243432636443,-0.020849890270372626,0.008842120963076424,0.0414981807656879,-0.004655470347679257,0.005403963958591051,-0.0038375588029285384,0.017058567422702876,-0.016508965831275355,-0.03901393095993662,-0.0007902611953104335,0.0005037180221985316,-0.013814124774856983,-0.0315735040776608,-0.007446828952752199,0.03505803182760385,0.003987245577686593,-0.017582707524594416,-0.020262983915791014,-0.013011461677135037,0.019078473465911558,0.013548731771815913,-0.019041272167238294,-0.00533811312043014,0.01595508936085997,0.0013974576176423819,0.00867962026597554,0.02000622830782775,-0.010365514171456772,-0.0006911778051209195,-0.03240303607229701,0.01608924003193263,-0.02468931568926579,-0.027126498578640895,-0.010957170288354875,0.04114061034318725,-0.025500254212620182,-0.02064416255434689,-0.010183856159902683,-0.005619054341663455,0.027629060973943464,-0.005184559487104774,0.0054021639634530575,0.016276385850248782,0.01843890048062834,-0.02057448335819305,-0.0011261321881701355,0.0020388096303405124,-0.03895701433522688,0.007729062549358718,-0.012916199057250633,-0.00499764895365476,-0.023520783001288455,0.009383277510783933,0.02515397138488357,0.016613726040931597,0.02339703140566467,-0.011141792664591574,-0.015586675471563841,0.006109963686304628,-0.005924967224066757,0.03472771227532326,-0.004460739764891822,0.005099900200543292,0.009087748392711712,0.014451141301894302,0.007701034970357018,-0.024035665133307245,0.003015594725320235,0.02017241265930295,-0.007024567620360122,0.014869580193593721,-0.003849687424322879,-0.018336821407420014,0.023061414342202963,-0.010717287260306019,-0.0032059952789774263,0.00606593113743003,-0.01155370983779388,0.0012192718702223326,-0.010161691711796319,0.006872398797082988,-0.012456182621310735,0.023796278348684707,-0.008438470669038493,-0.004815423469941152,0.010611502871971002,0.00028501352712752997,-0.024564075753372383,0.0023890041175486042
GH18,0.0044618668235215,-0.0009083330212205956,0.001537205625333778,-0.009026284620003813,-0.004579164039500275,-0.005608972003080484,0.010241830697277809,-0.004880956155182899,0.0058491760282405525,-0.000291127874186908,0.0010378231429413623,-0.01107276815277705,-0.008800710765668789,-0.008935676824629868,-0.0049250627645293504,-0.0005719250354158016,0.002827328521088219,0.0052834260491467005,-0.0023835832026678928,0.005618473528709397,0.00374975020827348,-0.020795881368843007,-0.01272557751880949,0.000749110293688325,-0.01942289443731077,-0.004700022305531745,-0.014911012734152783,-0.011913092104355124,0.009603032607871305,-0.004923400264434218,-0.013024399947077428,0.010874062418609831,0.004056330700739377,0.00184113234812989,-0.003724399373237836,0.004353197014314764,-0.008125953198563109,0.010308940333689863,0.0023504572882199794,-0.001731154156159719,0.003449722632644161,-0.0035273675119374863,0.020247933107008825,0.003270699680082073,0.0023359443206921134,-0.010135773204542141,-0.007046328075081272,0.0084798948532501,0.006162612894788522,-0.0021076577474594908,0.010663612897574915,0.004348775272404212,0.004833026746877471,0.0016754144089732733,0.0041756842364853485,-0.00021205095481934287,0.0023729362401254885,-0.002104400634321726,-0.006516189134429632,-0.0008470918523004231,-0.013577733640971847,0.004208897220105353,-0.01581718934993816,-0.0018744417175514524,-0.007798769959482421,-0.008257893178984711,-0.0025271312577313694,0.0053809740777457475,0.006453499371834359,-0.0021373709531229738,0.0043606108415159715,0.001873919012624927,-0.008736591428647546,0.0051190088182417074,-0.0015468243266746954,-0.0002665565646437693,-0.0035253627645520495,-0.010273614576003183,0.004084535428298701,0.009005218874637236,0.009751231998588785,-0.002799476430800662,-0.008532237562763164,-0.0007155790838761581,0.0012305405330842948,-0.0019092618173581883,-0.0014120289345545577,-0.004481983533023883,0.002711633692512304,-0.004880434622969822,-0.004618493321108471,-0.0014624495211018928,0.004941615709809737,0.006012534383455034,-0.0064115879483182744,-0.0025362463092194177,0.00706204350099569,0.011811154140525394,-0.00035199950672637367,-0.007628289422741551,0.0053687027498953615,0.006963732334314633,-0.00983551736668821,-0.011966093907642604,0.006173113819287628,-0.005772928133504221,0.002299495310479869,-0.006416737036859404,-0.0028690915274719353,-0.026496551416687754,0.009372263178066583,-0.009970753249641789,0.0024676141139834706,0.0023581836580861036,-0.012712730945730793,-0.01626559599831505,-0.002145398685022655,-0.009877575461446767,-0.01404319516738853,-0.0058080592403283,-0.01647000505774741,0.005882146197885285,0.008067350098018601,-0.008727727606562574,0.018734251210682673,-0.019437028793021803,0.0007448838875995236,-0.004799889132311284,-0.00649349781913657,0.0025533315056957082,-0.008995193678167705,-0.0029554779216443196,-0.006818393410499099,0.0030307343376442413,0.007246019541105496,-0.0017823328858530866,-0.0045954814197523945,0.006521472303844604,0.0018880073219874173
GH2,0.007344101960565146,0.0036111610139288822,0.0033085309382716024,-0.002641414500576341,-0.0016545454804941392,-0.001980363603364323,0.009310143741273551,0.004975592699942484,0.001245969780061506,-0.0029347115564698403,-0.0035358168462459533,-0.003790545708839381,-0.010123515113601392,0.0046923288787194956,-0.005518134157646882,-0.00020074620469459338,0.0061541247674230465,-0.0013011899857022224,-0.0036906968130218294,0.005634225650425865,0.0022278289560053602,-0.004866638627691461,-0.005049170812985383,0.0022454318133254244,-0.008730217953745508,-0.0007213405464947464,0.0013079938589039696,-0.005499232385316426,0.0014322860329188875,-0.003992807889735452,-0.002224195912662273,0.003917276149280503,0.002408739958499336,0.0018090477405352477,-0.003083119789496566,-0.0055356250398696395,-0.0016354618101443743,-0.001256783575099871,0.00538478400444514,0.0026203905698478636,0.0012921207394429638,0.003476328306099089,0.000996246662605944,-0.002554736519313833,-0.005750019970652795,-0.010121349082605986,0.005383461083378365,-0.003307475377632699,2.4078221951724397e-05,-0.002762293177701485,0.0076980715548062495,-0.001169777380303653,-9.531820717127715e-05,-0.0040011813894713175,-0.008381263388739532,0.0023303736151070844,0.0025797992954989237,0.0022837328752702258,0.0007340999425174442,-0.0010623991628031706,0.004612786001118461,0.003084055296193012,0.005674489014352835,0.0006265204275771778,0.0023465111398674283,0.004353585646127823,-0.0021700664323530934,0.0027541978427321596,0.0017975207946458913,-0.004865059702584619,0.0020901404187347607,0.002383520710602288,-0.007833510093820783,0.0019196916732225518,-0.00228694519206337,0.008433860582968253,-0.0007927152052061185,0.0023168094190858493,-0.004519622495075136,0.007104249972201064,-0.0038294389735875033,-0.0015129942617460254,0.004049945306309678,0.001006698430866551,-0.004855074831796274,0.007510570348012634,0.0004707690365620461,0.0025010270351901644,-0.0012777253654590584,0.005031400896836525,0.002885513571920819,-0.0005185585843649906,0.0017924696464942363,-0.00014553010019022314,-0.0005870645272664309,-0.001859820122151395,0.001016236229994674,0.0023353882581251184,0.001824887973673561,-0.002040178023551199,-0.0007061537950354464,0.006116882396355526,-0.003466717770090234,-0.008684775028972407,-0.0007171136115720796,-0.0014248847003685695,0.0036687078535867237,0.0021991536714333604,-0.007360523398784339,-0.0038894871999349016,-0.0032893292195008417,-0.0009107874480639279,0.0022468184964775715,0.0006044749175459973,-0.0029848176242048886,-0.0041251618914787255,0.0050326945130898795,-0.002980634283718279,-0.003454698424286675,-0.0005019917903085264,-0.006443310497132309,0.005686456589661192,0.003809442639208045,0.005138865879548714,0.004916088626624895,-0.006038759125136735,0.0021555861466728485,-0.005234104493278806,-0.0010480115346593196,-0.010340540628832079,-0.003220210809129426,0.004797671960250435,-0.00373553036720605,-0.0009441569996563991,-0.004381098567080492,0.0044650093843285645,0.00682913878038552,0.002908117068555169,-0.0038154085600975696
GH20,0.010365916561767266,0.001672742338219896,0.020028025409552612,0.0036887460507730656,0.015139104087959406,-0.018319337681794924,0.011638082668650664,0.005295246044202376,0.0146065280277851,-0.007872541955306924,-0.006855843091620765,-0.01244955637553996,-0.006008923544214839,0.018978147985176715,-0.0016273363770597422,-0.002200639648592311,-0.006218843377342507,0.009943851367502624,0.007925543837564884,0.02039603669144415,0.0062818760603880015,-0.0010568134694427748,0.013376758588297547,0.013264848140237515,-0.007895601875627321,0.01579181220855142,-0.019851081149602993,-0.02967377332745156,-0.005708151056910697,0.022572968739970535,0.012835715490266091,0.017607253454119818,-0.0036061654496272154,0.011278918435074467,0.0019535436605259316,-0.019579777760940324,-0.01728590104519889,-0.01755740172600654,0.02346920008531988,0.018926408477295455,0.0033277300094857265,0.0015258891262174452,0.025271275139724922,0.010218417540067694,-0.013123325358535203,-0.0075745721963793354,0.018694411666187617,-0.0031821982923416997,0.014663708158942445,-0.006160186885697237,-0.005640876377834586,0.012675073482072117,0.0135155046800656,-0.0101818037096957,-0.023066048365973396,-0.0006140672692609832,0.014293714325262987,-0.023268527717823353,-0.014350661236958447,-0.0003839782796180458,0.01267040130564843,0.0021215973070046533,-0.0014354656411237627,-0.0010211106303258273,0.004638973021685704,0.007320989253542982,0.0029809349698245303,-0.004513973183599079,-0.007193735344707587,0.00854682159697034,0.014429435849703472,0.002588058874301584,-0.0063274680649624306,0.008350631688271931,0.008993647125950981,0.005417685726068396,-0.0006980011225572524,0.006809127202175399,0.0003074429339769476,-0.018904461639620056,0.019010283812647744,0.0015184949023964419,0.002833876100208429,-0.023821363129348194,0.006262281861403207,0.010253372885189125,-0.00428018640538391,0.0022604030271006085,-0.014724308682074578,0.025439940768683916,0.015870718192588982,-0.015540752453484546,-0.014123732025739964,0.011527664798397575,-0.01890117664928183,-0.006047658069384863,-0.012030223467109078,-0.028322899537374414,0.019072550724610858,-0.01217387996894466,-0.012499636140010442,-0.006924565472604199,0.0004566609985191527,-0.0005141811530704035,0.015178513445110097,-0.0037643848775752594,-0.006544330862221443,0.00449266019203534,-0.006967462890541872,-0.01051270077758009,0.025613591467322807,-0.012120198930731138,0.0047104320866087415,0.0182675232636608,-0.007888602151822634,-0.0028437126864260887,0.030535932785029907,4.899228625263636e-05,-0.004533138268180446,-0.004560429058788248,-0.008721843120228511,0.00134164854855595,-6.142912558997887e-05,0.012692313692566922,-0.005484233340454058,-0.0028076886267882576,0.025367710116854156,0.001857663519005968,-0.020748962907432594,-0.0038162136581017174,0.016181938288558368,-0.003750140362809628,0.013389793143565209,-0.006708197302283518,0.006200178570171504,0.008107515632162861,0.0015447027274214753,0.0036967220982348182,0.011977550684492933
GH23,-0.011100031584975132,-0.0097709707730493,-0.018915430162933258,-0.010511545706616793,-0.011828389160440005,0.012755924592934178,-0.012548407669562714,0.01450883298337466,-0.01123270713680281,0.00928653715366585,-0.00022311128796078666,0.014236937425003158,0.013661268138270672,0.003101686141511865,0.0034369884303305574,-0.005160861892821431,0.006479153673445579,-0.01540970168101581,-0.00769079879584589,-0.013406752048209009,-0.014776778034394204,0.004968137480698284,-0.013143487501409814,-0.01108923788873016,0.0062632892610142874,-0.008058318538812542,0.006749252812288487,0.0271153219468358,-0.002921677708438315,-0.008472133581699048,-0.0014685447213078013,-0.018024321310258676,-0.0017323735317329337,-0.013490503262567864,-0.006937209572038698,0.007814722578402345,0.022685036577798856,0.01274363126208035,-0.020658698847390383,-0.0025387050933627507,0.00035772206508153086,0.0030917687272463733,-0.025815029154465496,-0.005583068980787383,0.015572555013175973,-0.012635354156148774,-0.011178052192869546,0.0027204594517098004,-0.01054039649353473,0.013578742841122524,0.0009527998328382537,-0.004523146388530437,-0.022463388802157116,0.002197559214077506,0.005104993296759824,-0.002867420746803859,-0.015403753390853802,0.01459101718780768,0.025396394076417157,0.0044426499911175655,0.0019518952885930014,-0.0036745974079310725,0.022062742194454952,-2.3529345017515806e-05,-0.00552264397172814,0.0011588598834024408,-0.011346066091243924,0.004777247259941352,-0.008542208007419361,-0.0038993570430067904,-0.014348550629536544,0.0013194671723517077,-0.0008017103331260857,0.008714161786083672,-0.009388425544642571,0.01596458004474654,-0.002690832146641214,0.00761466457558168,0.001271582988642196,0.015300035074370971,-0.025717416197675095,0.0006432472186647752,0.011363559566490947,0.02220954812874088,-0.02716896895663379,0.006556969416703814,0.014577220518621663,0.019683645249334573,-0.0007464623680677724,-0.016262178264145076,-0.018744742427913238,0.01783677482272037,0.002699727875678224,-0.003174797873480661,0.01571038391746088,0.012997240293013725,0.0023172729842198363,0.009927335709555354,-0.018156947748944895,0.008256329640017985,0.011226380948737123,0.01099273800536843,0.016807990880022786,0.006349203135204892,-0.014334949363725737,-0.024791992461605617,0.006999256591470113,-0.0125152455848422,0.0031198871606832783,0.02105869075531658,-0.0037020757572126663,0.018052814144282198,0.0017345272236134548,-0.004751057295879576,0.007088594388296279,0.0077912261038290565,-0.00708295772173198,0.009520223484477104,0.005014689800821194,0.008996396597119986,0.02238344784020807,-0.00304495007051931,-0.0058938004883764515,0.020341971080107265,-0.011821563941955753,0.03179809750430601,-0.025578104614978482,0.0088797014496246,0.022602543133336556,-0.004881797972224171,0.007819546976868347,0.002421180898978306,0.009164755138911929,-0.00779625360191447,-0.011633754788736192,-0.01758287867666126,-0.004982012116893702,0.010083123996405804,-0.0018322161691925194
GH24,-0.022752443344285018,-0.019904880481758605,0.0007511116853529698,0.005756313225001431,-0.004344441081360666,0.014443842164676,-0.026857883759466673,0.009184631510219008,-0.010391751377857965,0.010489552774137574,-0.014972937989128021,0.019927423510452416,0.0481955246927827,-0.0045692127134628925,0.022014306791969567,-0.016956742684348606,-0.00024798878341782626,-0.003925935721092584,0.0015123404038795037,-0.015046000854710856,-0.027676279371837652,0.028633160023143128,0.03165946628525595,-0.008994321450636363,0.014722276857634846,-0.007172488681952139,0.02713121119033765,0.028317563939478055,-0.021454712703113214,-0.019547619720382287,0.012639032691674941,-0.029957255021993104,-0.00010380027051738112,-0.029621448936414593,0.0038860541870301426,-0.002758547846013253,0.005102261811497343,0.014786505339946012,-0.0241578726838434,-0.004288865080397509,-0.005235176108681814,0.007196190497384076,0.006886948962412483,0.006877691365765537,0.009833755510607082,0.0024452787523374328,0.005052719714966112,0.021469733275397525,-0.009456915152684365,0.0018459892697116136,-0.0014399584664719796,-0.013881454453326761,-0.0254578629326019,-0.010779543589921375,0.003635308742033959,-0.013332916384948908,0.011731005092251954,0.02334146083849996,0.01543590472484414,-0.004812569704046502,-0.009333647772839477,0.008985547335253372,0.021575639070888154,-0.00031572801728943625,-0.008487985877139923,-0.0001141309091907096,0.006232295312623991,0.001731946087435742,0.014998506880576794,-0.0116686713589148,-0.015032802297629537,-0.005639695594124292,0.010704242424678994,0.004830962567836959,-0.026687840532950115,0.008219204520588077,0.01044941813923923,0.001414960753857016,0.028597296547823028,-0.03396174052238586,-0.0026751308511600838,0.01384399577153923,-0.0035043067336086313,-0.002183282736996608,0.000312701560609011,0.011794951905149172,0.005807571754692496,-0.009233307544124526,-0.004153056877671338,0.015009582602809513,-0.0027887426390186933,0.014186988107958876,0.0028648095095943917,0.003060922296655676,0.02736221052303975,-0.009544569443456769,0.025665319804586813,-0.0020733355951558386,-0.01932395331897502,-0.00012206419500083861,0.017866797830521648,0.005238333990312809,-0.007426665862041671,0.0011461815966947594,0.0010173270469196198,-0.030723887286714296,-0.005807013066461709,0.002419150416912006,0.009431631619912164,-0.0033333268335803104,0.0010447531612580885,0.004982343684053289,-0.03264166517476481,-0.0026647755835609577,0.008024013480343904,0.01722103411926293,-0.017772111424962544,-0.024612932550606873,-0.02060277615619973,0.0027086502809495813,0.03608017815718591,0.020876557510736686,-0.005430281657055229,0.008176492021707515,0.010506851432500375,0.03371072695641698,-0.01040342782980279,0.006327140390278603,0.009925392005307919,0.022061178526738463,0.008038026425691914,0.0021305470748157096,0.0022644078270329187,-0.007933048694906387,-0.02375247325074768,0.015437792339374194,0.03309281744401469,0.0014597661466696904,0.0008993531001289879
GH25,0.10872229080057222,-0.10939150293680418,-0.014635440961698085,0.0005169853374470538,0.012976748465710484,-0.014175467997713324,-0.015391643975044278,-0.02718112793467639,-0.015369086804726604,-0.02232143426319042,0.02541143482396186,-0.021858533783320488,0.02895689850414584,-0.0551402318752554,-0.040473835295633614,0.06631038765147809,0.025722290178429624,-0.06250658916838724,-0.009959262134350472,-0.02517618748842383,-0.09219818020349715,-0.025895667867835453,0.02662331391287137,0.03291015559372001,0.04743115917192091,-0.01292225414682696,0.04119260826272656,0.05682882354939273,-0.0232485817967207,0.030790545574406195,0.034288289867293376,0.00512134235585776,0.11419255974914166,0.004296313381473558,0.04213821203198079,0.00817973692707683,0.006924327365113327,0.005734163457138786,0.01667783122833748,0.016606835494357704,-0.0597668354686101,0.007388724355721352,0.039794953550474244,-0.05728893369585211,0.04035347589111195,-0.022975076210927665,0.018851250617833566,0.0014786440125850269,0.003336706367232624,0.054101518403226245,-0.05243611414711547,0.02405560940090202,0.05607312952236622,0.01791335849827808,0.03030400883096116,-0.028522259383055325,-0.012076296921451285,-0.031482054623401055,-0.03650589001273753,0.0013240859455075204,-0.012488549834530323,-0.018426335122545618,-0.04471829204403712,-0.0022823114141738033,-0.015538389811010484,-0.027599170024111032,0.03740519255065465,0.016583985449067855,0.004458049477078298,-0.013433722573434134,0.00320700482175011,0.03419943483249158,-0.01600645175254614,-0.00884772576663326,-0.009666594043619532,-0.031792556495756644,0.04278058772669484,0.057676634124756224,0.00047827434018537764,-0.026106664548107495,0.0005355654739502435,-0.09516322724286237,-0.042625061589247025,-0.005300858070657519,-0.03548685238216706,-0.04018567938437432,0.0452734126554242,0.00039626254053081296,0.023760448602694734,-0.024603431849626083,0.014670079045307677,-0.052492144880837775,0.04671891359995075,0.010429291674273942,0.03710984862518221,0.014081094104384446,0.01707133577013172,-0.03389577172529096,-0.007907359833904882,0.017403148536768408,0.03179878417029287,-0.007126503565737047,-0.011447752785653362,0.016210826844626627,-0.005668797138428409,-0.004612656254656153,-0.04650784344494198,-0.02214954195139513,0.037447298684086416,0.05200445779662836,-0.03238539795233036,-0.009743329205257353,0.007987052952649773,-0.02820136682638953,0.08190467430113928,0.035000509359478175,0.06428787917584652,0.022699264128918803,0.05391482359041084,0.022401589105831864,0.032950528305793494,0.029055025687677812,-0.006620080988638598,-0.06138043191252368,0.03551845979500522,0.0415064720441704,-0.030629323949356857,0.01014078506819184,0.04797940796756407,0.08630594021478627,-0.0098692797063814,0.011188066448433521,0.012695135822083741,0.052815543786940505,0.03220839162678093,-0.042178122259124734,0.0420895066089782,0.019644736406822922,-0.03200459658729214
GH26,0.009012434490512219,-0.009865404470424144,-0.01770308281216556,-0.022012465579712315,0.017914563580215006,0.005353408971696917,0.014493522580000355,0.051212520215909954,-0.02791616037026777,-0.007428485738963954,-0.025915529650682195,0.036161660473199346,0.01103240375244852,-0.007432529173366812,-0.021628128544615675,-0.014264923375785764,0.03418641266621982,-0.04581253661658309,-0.03130930834313409,-0.011444958486446936,0.028475035533579572,0.006185890336418641,-0.0017387690669899204,0.005201738795973378,-0.042537623272390725,-0.03312075535359334,-0.022608889748576482,0.027201619839194,-0.007217685663610748,-0.038048310404312266,0.04445003412518959,-0.04188844862373667,-0.005348522441367458,-0.011781319208604108,0.029684502241897306,-0.003346250035236968,0.006561277160133356,0.022289918428399044,-0.007015156200628147,-0.014843460970398157,0.012454611351433761,0.02498165383987627,-0.023645385690181455,0.003552872824001576,-0.019799863474333025,-0.02742477700427028,-0.03812870495554003,-0.004280822544635769,0.0022919804378556583,-0.00033067576941551394,0.0220528979142991,-0.013171903324746126,-0.03047704620162888,-0.002781045140149644,-0.035677412168998765,-0.025220559816375554,-0.003841663074990039,0.013437753416945052,0.015327775624799025,0.01747585063196944,0.016946858151647398,-0.00804677826733861,0.010288398308296174,-0.008378853743623344,0.007680295116560951,0.001643092052886009,0.010850666863252065,-0.00492120787682592,-0.009291204283551274,-0.045137112013490285,-0.016550331829494783,-0.004438250045719641,-0.01752048432505233,-0.01141725471972324,-0.024725160064550715,0.024042207773241113,0.0028491157206533314,-0.023844973073719467,-0.011097240055705553,-0.026483287887173093,0.00035610330033775296,0.019348678374173794,-0.008883154486369407,0.02608321885774625,-0.013532439971568704,-0.0020768663338807175,0.015366222489597917,0.024382090990169487,-0.012355191213067595,-0.006712390281690919,0.010014625848637044,0.036653770398161784,0.01971959052780597,-0.022141746919409195,-0.011469320530113038,0.009868124121097726,-0.012145028012705134,0.017962395521088394,-0.005122846297572898,0.037930244058896535,-0.0017231104073780039,0.03199445314228004,-0.00022562757754453834,-0.029196152144742703,-0.014455045046274779,-0.011251639989507763,0.03763803515349622,0.002722646472815159,-0.01482984342315549,0.001895840429488094,0.017726874662957942,0.014518195948926846,-0.027214259153974536,0.0178802180883518,-0.0013597158549214284,-0.010659454143428563,-0.0012647373696393067,-0.0017033221713064722,-0.0032931704054172516,-0.014184732902145069,-0.01485114186140241,0.004476796424954238,0.006914382209075779,0.007232586543440576,-0.01183308991418544,-0.01176650036364995,-0.013146172061821013,0.020937739788590815,0.03191955733880427,-0.022680332992075964,0.0113233474919652,0.019778741193123523,0.010377156877943544,0.0017745511976086069,0.017336542198894557,-0.03746282688726399,-0.008135272108842405,-0.003046315825669388,-0.022870370373861436
GH27,0.016416340608964165,0.009030622075119185,0.01439125329584897,0.0007782264586309575,0.016230471914478833,-0.003675993372287635,0.01878035907962458,0.014616253215090037,0.012700972565913186,-0.008926967928053567,-0.013402016082390838,-0.014604885940545887,-0.014153197407572347,0.008093357584696032,-0.001395594170204418,-0.0023928231924691423,0.005844040272687044,0.003980409457876187,-0.00032386740595572084,0.02018617929751587,0.016707417234043443,0.0005903120581502759,-0.003499550511681017,0.005758293479143335,-0.022966798970587576,0.006091961751873299,-0.024348070493315947,-0.027914368004517704,-0.0018844584753205376,-0.002591649786083852,-0.0007314706788428362,0.026970842024039147,0.012731270201171608,0.015739161278619625,-0.00962125428451216,-0.018252165507196917,-0.01083894552125314,-0.009635840102128283,0.01887463608783407,0.019363321609548154,0.007559066592582943,-0.0037992459188114693,0.016891063539411458,0.0016131476171083372,-0.02038075151222884,-0.013932621075599066,0.009895046328614494,-0.014832005183967285,0.011111633838051546,-0.0021362880030981433,0.0060856233257401676,0.005650407746322535,0.011867126331619227,-0.0071714563238557075,-0.017075428422563443,-0.0015317406406607698,0.01503070489774282,-0.005772875357922956,-0.010404719855309783,-0.006426159124777869,0.009928770493414616,0.013751283330617913,-0.018396895883109343,-0.004141401179587422,-0.00941702846239142,0.007186671341632828,-0.009180894461226916,-0.004191690329292648,0.004320031155153263,0.004513261017844183,0.011167568215070818,0.005741295910832391,-0.015821992061309256,0.005030078670452687,0.001972682068475686,0.008083941167070298,0.0021373405333117916,0.0020047596062997223,-0.011710789846576948,-0.002511127111048489,0.005030689860715389,0.009199654438767227,0.010782591914003159,-0.016241511236912642,0.008874118824415756,-0.0014455634494478745,-0.001656246823259501,0.003341676306663989,-0.013117964711068153,0.02820313571855941,0.0058690180320417375,-0.008172138842696307,-0.004432336107847802,0.01811359594197945,-0.0038627614851869255,-0.002336661015068309,0.013010218664964083,-0.008459203148501982,0.010129933103475063,-0.006683768418204958,-0.028054329649337354,0.00643908325730229,0.0025187709682664987,-0.01563235199078778,-0.0021568504927015853,0.014215894919917217,-0.007755673879805402,0.0036547651059633413,-0.012705641935883994,-0.011967691059987231,0.008665927565042591,-0.010493384190966059,0.007612761684648604,0.011329005967540343,-0.017925692565464193,-0.005472385593106098,0.006807448253232756,0.004225987128711691,-0.019917009218008357,-0.0020858323624218396,4.164258381591339e-05,0.005049000010066165,-0.00023858439509259578,0.006270944054699653,0.005252627998663306,-0.004767339295979673,0.02003042358321088,-0.0019463160788025324,-0.015455853466645686,-0.030560376090452514,-0.014627208652226597,0.003418560306388868,0.005148866238909658,-0.012389161287024417,0.004164732463586419,0.01077636337446051,-0.005439649968411584,-0.013955274937985596,-0.006465479938523033
GH28,0.021783081339777573,0.023451238652688767,-0.012847062193181597,-0.002408312548372832,-0.010149967940283453,0.012803111238818176,0.026326624809034947,0.015783938253959084,-0.024553503568829967,0.005158684880534818,-0.019557472325148328,0.014911437049740697,-0.030519311171225822,0.005217674082599658,-0.027609368627169856,-0.005671850486580347,0.028365635917711067,-0.02135689433221754,-0.027024048330191328,-0.019854233962293428,0.010918901194596865,0.016811685765351643,-0.02524636320070979,0.01792605576070373,-0.022166860939853872,-0.029286539683039556,0.022530043539478236,0.02967640419005604,-0.006927179715671679,-0.05248583421146158,0.0013743139871179079,-0.019565952999900913,0.002733409725310704,-0.016918991433649194,-0.02858986276827332,-0.002387974327061054,0.011478128632627621,0.011670189726863671,-0.0025107295174154618,-3.94789663848095e-05,0.013663584662870643,0.0069476572522027295,-0.02459593816851707,-0.00764029983499494,0.007491245311284907,-0.04655407536022261,-0.0058743546154520635,4.44346500876319e-05,-0.018679230618161288,-0.0111122906028027,0.013480786175323849,-0.03506201217704015,-0.011051229533983872,-0.01475521425539658,-0.011235053090442882,-0.004433426919122287,-0.017427235423620364,0.034713459083600295,0.020377026498294808,-0.004323260920773224,0.013708917212967743,0.012281725502709832,0.017782762650181638,0.010576269910700837,0.002534520927897356,0.015565811846611252,-0.0012693527036354416,0.0012286929526064414,0.009301329933682859,-0.014921844778802776,-0.009490440374255074,0.005649068034037847,-0.011433143706365577,0.005555548065619675,-0.01378366804308202,0.009273262619487686,0.0026780124609836237,-0.009984092211475304,0.008742212160990907,0.03759241302675152,-0.009024019477089461,0.01215681324289772,0.014396254782151757,0.021035962281342073,-0.015573509026898524,-0.002525981501057537,0.016252178824352887,0.0165360590316736,0.009669970818748461,0.0032453837501381488,0.028018237724103442,0.003373505251807072,0.011811588437951227,0.0026956590572783296,0.007401360836893385,0.013311349603943394,-0.002613620112105515,0.02051729337490017,-0.002024982624719412,-7.301625854444557e-05,-0.02026223879662032,0.005209237065549486,0.0012351161258092036,-0.013882304803102222,-0.0214469359445492,-0.005504592539077272,0.01769959004862218,0.011464715224947752,0.009922866618274125,0.015380807878391408,-0.004472890061851772,0.028124007782271195,-0.0174617886774715,0.0035684939479981143,0.006915429613076561,-0.0010494102144763537,-0.01646647416145106,-0.006487454864913974,-0.005324143889031505,-0.0043158261466190685,0.0012561430776761625,-0.023918335883703356,0.012688416113278192,0.0030021316381456937,0.013074184586989899,-0.02800952335156554,0.003972515979954223,0.05455477479561579,0.025109852480517617,-0.024927647140878577,-0.02263432806203,0.02312948192817336,0.025068288364588142,0.002139498164820378,0.0067380104252916405,-0.014151640296111717,0.03160706220660404,-0.015706307518766033,-0.007948049947435734
GH29,0.0030274092258237534,0.005640264224476296,0.01326021346496192,0.003954192557473446,0.007131013629376998,-0.004361993928940426,0.004529254751055392,-0.003200122345156819,0.011142656038491103,-0.0004218416073522308,0.0007839854035247729,-0.007134008514186677,-0.012921979146427875,0.008772071122005069,0.015010552903873079,0.003107313633785242,-0.0004563493354394362,0.018384556650538255,0.008919057134545862,0.012616222651203272,0.005159720151785889,0.016022634496850784,0.009006797186445255,-0.012370787108048786,-0.005267125864520144,0.009291160552976822,-0.01420776133786266,-0.02358155600265698,-0.009611432536338105,0.013342590539455688,0.01375616674631996,0.022459983328340597,0.034004621751498376,0.010908661082685976,0.005853824958502586,-0.008563155059290842,-0.008333604915818043,-0.011950078938379707,0.02847578675283274,-0.0015663495286333147,0.0062226787123906375,0.0007580616632125329,0.022139865837082374,-0.0028729056496200824,0.001911426057358735,0.011883077771137838,0.025687066887674664,-0.00721027725818447,0.006576284256482228,0.002184924923607316,-0.0024213177380726183,0.008295488919935602,0.02349042306296869,-0.01212999092692371,-0.012540954195840785,0.00312022684732386,0.012254246695199825,-0.008383320946572783,-0.023745296349734914,0.002968297632420783,0.005526769519834354,-0.0021621828357078474,-0.018586575117833282,0.0007562474909176212,0.01825429172074704,0.003357321128941177,-0.004435495840145865,-0.013598999338903184,-0.011721660464237246,0.006288433593708803,0.012914900067728939,-0.017015977804882555,-0.005347928356301643,0.009357142292397461,0.009857381591631348,0.002410681492581643,0.014275698800629585,-0.005885457254361107,0.0006567243347569416,-0.017719510921751752,0.0020910683345487556,-0.0229207390893295,-0.011672203981075423,-0.014740878054406116,0.0219208289508982,-0.005636425239283574,-0.0077014462314061805,-0.0034381033992317944,-0.007460813944945024,0.028528564205952834,0.005894585510744909,-0.0021376890175664035,0.011318493128642367,0.014636395271473493,-0.015627866098021408,-0.0028099376475642637,0.0037160922009498117,-0.01857721436112109,0.013292468272010355,-0.008853208228526378,-0.0034040403302155876,-0.010784439640630077,-0.008355215625606283,0.013612869016507248,0.008691154835131113,0.016448139120476518,-0.008290773095109701,0.002183307318551173,-0.013109664060044563,-0.0027741110737666847,0.018576341761776048,-0.013086164682047895,0.0024984922826903643,0.005094651060956826,0.0015769919586957816,0.006596836587946816,-0.006167904205814808,-0.004611746090345727,0.004797612603040564,0.006555447852814215,-0.003794074450838314,0.0031158751915674847,-0.002898300038649427,0.022157440322757918,-0.0009608839087386256,-0.004002922303388774,0.017112768351344513,-0.002219405830554911,-0.013491302987052494,-0.010985595546277949,0.008603030880860367,-0.005639715788829554,0.008743427582070761,-0.007023676380547312,0.006723983129979828,0.027220092465340462,-0.00340327189136821,-0.0011168672858899204,0.0037014837371228803
GH3,-0.007845818423734767,-0.005345249842542803,-0.017696846314525592,-0.011182164236196517,-0.0031917932498512326,0.007314902261823643,-0.004581983505872533,0.011617430642868545,-0.012459696286130376,0.009706882464000994,-0.003988260333220058,0.006159269403871188,0.011189738886417666,-0.0029318482253891894,0.00041584605397745715,-0.007575108588772714,0.006441935208791575,-0.014382240194523626,-0.0063846837701163036,-0.011464635776927213,-0.0075911838467140535,0.004962360099718214,0.00176042163674146,-0.006153647232762046,0.006069127442726492,-0.006455801060110551,0.004238650062333394,0.012543388039130724,-0.007024520652296644,-0.01444020672603637,0.0019449066195420083,-0.015449415604901288,-0.0117150182878474,-0.008252822270277417,0.013033822064232837,0.017258007562422333,0.006885631685549743,0.011539218255691592,-0.02061522412061492,-0.00989653577551172,0.0036275070905644508,-0.00410179263630638,-0.003828575916845416,-0.0016882512387490145,0.007296966110714542,-0.0032686839534169366,-0.01779363183968798,0.009339613349664913,0.0004250022227479831,0.01602326372555205,0.001511134576750528,-0.002382543037320208,-0.009837897801373775,0.007630510494190586,0.013433809753177197,-0.00030921346730689063,-0.0038626415736611407,0.009360081275312637,0.011705353237833524,-0.0008898506752959738,-0.00623292398376008,0.0008041355421895303,0.005256693559710375,0.0034474435268797682,-0.013252414941485009,-0.0054521860509344836,-0.0007871732302842697,0.0007049490249550422,-0.0012906511207091621,-0.0033092894986872594,-0.010520495824774968,0.004858979822952727,0.0074714044511917455,-0.0022834543176123282,-0.0062689349998688425,0.0013849253255955854,-0.007089968702108763,0.0012511076633766002,0.00359819523705087,-0.00536529231388332,2.7733579429313392e-05,0.00932999199900136,0.015627295198015576,0.010644258249003544,-0.0077220045180193915,-0.007203808658707869,0.008741052045528693,0.002129386494233294,0.008947693334421856,-0.026865001750301286,-0.009401937991541591,0.009544060470868886,-0.00329979369913849,-0.004981241498718557,0.013357391494235144,0.014319999014736469,0.0011880299710175716,0.0011888511905424823,-0.00910406638672718,0.003266758334876634,0.004020962164583759,0.002749071377676593,0.00041259722280454744,-0.00859352580149904,-0.006569521288251169,-0.00584547293511827,0.004688754502804338,-0.0007269730754939335,0.00737570691945472,0.003944425828211829,0.0025801550174264615,0.014035411043342437,-0.006763773594902777,0.001744849165914084,0.00971951283360047,-0.008966968163058331,-0.007405422942490899,0.0016341745999833195,-0.007276857228667529,-0.008892592724623359,0.00797342895934317,0.009145706378728542,-0.0007036563202386071,-0.0025539175721562006,-0.006041726098019756,0.018333921662768555,-0.01119849684905704,0.00022724930839608233,0.013898779859279505,0.006732133739455429,-0.003835937108794153,-0.0011222737142631304,-0.0015403455367880932,0.001613603589119045,-0.003035952909567212,-0.019669566786170583,-0.003842693371430084,-0.011165437670566658,0.01917320959475378
GH30,-0.0070831179685168985,0.0061125404781667185,0.007131064542495527,-0.017604043136297702,-0.025654389634209476,0.006126481609132609,0.022281139550436136,0.038788374609087926,-0.021394749173939763,-0.003598040260809009,-0.05340846183459476,0.02922581499390796,0.012943373944188534,0.026780329324795106,-0.037115472047232055,-0.04121625138501727,0.012517084099424066,-0.020876479962591933,-0.005496713161698725,-0.0508371758328099,0.02779768300508593,0.022739111691075932,0.01803149194733164,0.018877446513509484,-0.02737567859354013,-0.035839994045877586,-0.03163629432189417,0.015885738317253564,-0.011667517071390472,-0.05248953725551953,0.08434931727549203,0.005995654397830821,-0.06508661077187596,-0.005251202456680589,0.006427774356126715,-0.015117557261637436,0.04285221742482436,-0.012252775551249782,-0.01852333778109941,0.00434064866907645,0.04766595835222351,0.004957498202290197,-0.02235182047411854,0.029634394913571168,-0.010098292526439472,0.018565633698305696,-0.068351235113896,-0.023954215128058256,0.010696110895826155,0.04915974959201685,0.01795860320755173,-0.0265376438988363,-0.0021891003138432234,-0.02557742324984179,-0.03546447140872266,-0.007571093568019813,-0.0049512787818393016,0.047125367203758525,-0.0021936263815029804,0.034058091040524686,0.01843027665987184,0.02201366278277159,0.028427737372096622,-0.014296631456129489,-0.05068803412439713,-0.0026048538550355817,-0.021151361434850836,-0.0031262069141530517,-0.04363582521072405,-0.037068398435758924,-0.011534585080874604,0.011019494981595442,-0.023184544640965626,0.0014200787981873768,-0.016585749337643244,0.0582882857506002,-0.001345520985130265,-0.03601308637323149,0.0034088960872735792,-0.015821969860459216,0.020909129056598502,0.04513864386565284,0.02619344694349153,0.06471836693126168,0.011545748963071934,-0.0560346751903752,0.020262429247916002,0.026776162535127258,-0.0072337065507987325,-0.010529329982000868,0.002755875691323679,0.012142196276164545,0.013519909312705473,-0.004648965420631726,-0.013107232287894602,0.02393187193705339,-0.01481577317588473,0.015436407542497982,0.015016865983691912,-0.006088391576494844,-0.0063322694783634,0.027436440598029924,0.0041358876586871166,-0.05649317197867023,0.003914556479072101,0.04464403803624839,0.027628170389587394,0.022207624650217424,-0.024685344648876062,-0.016428607015199454,0.020360053357458087,0.027125389567237666,-0.02496638078717023,-0.010515154387326451,-0.026860160700269944,-0.04960114909083252,-0.036222428444561625,0.00984879735493215,-0.014016635105993623,-0.05651643587863297,-0.02316445006397591,-0.027057066345377478,0.03289118330428991,-0.018000806149176533,0.005514343535519649,-0.024037952768267,-0.02453102711867286,0.029115422686381807,0.08643389645280423,-0.12244703476107767,-0.022342852700415108,-0.00029217105359129566,0.019890307071300923,-0.032897376578311814,0.0031498531292571265,-0.014258859736199994,0.0002522899551940098,0.02045163205579687,0.006726941890072888
GH30_2,0.023486662563814598,0.0326810242307835,-0.026507213071848095,0.019512115663909164,-0.0462185029214183,-0.002091181033730974,-0.003824701608376922,-0.01987741181357453,-0.0247693000971276,0.016008916764397307,-0.03450910727621952,0.020414740252207957,-0.054253232754089276,0.010880388057042412,-0.006830184242234198,0.003347697232581071,0.004942785177748579,-0.020341369068582225,-0.01487335899601702,-0.009132223272920488,-0.0020819603617275263,0.007446227073569379,-0.041742523688582854,0.07394594497808886,0.027753280285494973,-0.01695037189251648,0.047283483361182765,0.05095033392232082,-0.001063684790042193,-0.07019166120406438,-0.025440570948491784,-0.0269852021217474,-0.0038433703818409517,-0.011845608374998325,0.004863548839737105,0.005296704074962203,0.012728324295342552,-0.009803425017919653,-0.023655800289336577,-0.005477134601622515,-0.01907619342703169,0.007048343825542064,-0.032149827955309636,-0.01771289760863322,0.05920053743147042,0.014299940206966765,-0.008137106563172954,-0.0021874917094026774,-0.0028877301690948104,0.00517967079583858,-0.018877459223401928,-0.019057185207723912,0.00425851297734233,0.0064814801497839105,0.011843098053203164,-0.011485345493809135,-0.02161192416859566,-0.003864765778119866,0.015482299333702324,0.016117514841208044,-0.0035734704430289512,-0.0020198706139666757,0.0025842157489934154,0.0008446842129079481,-0.0075108692761413935,-0.0029596771139443136,-0.021063846694566103,0.002494538252889502,0.012069787185970989,0.0028687532379378525,0.0011313777031216926,0.0022842007396727568,0.013945767523767963,-0.0033108437577528747,-3.58612947185631e-05,0.003288297015346517,-0.00042855214778676895,-0.014177399430697579,-0.015804064602214514,0.04666006813754055,0.0014481662580427687,0.006798512504411407,0.033862912723183834,0.01688629647036176,0.035070967433193254,-0.033771390865134844,-0.0022733228237618373,0.01241920987602431,-0.000599754337348482,-0.02892352663864634,0.005428156765926521,-0.0007631879147202893,0.0015666413893990724,-0.013508797314212437,0.011235830597955115,0.013035341195460305,-0.010120026858626037,-0.01070024751027876,-0.030243201557992795,0.023221777672708513,-0.0017590911850903297,-0.024820647148603835,0.006947148668860518,0.003821144510159108,-0.016488435540747755,-0.004431857504216919,0.0018343250020620195,-0.017730628455096122,0.01693447800268841,0.007475452689693651,0.00909976989729892,-0.0014729102467012161,0.010458350518914927,0.00827619422536088,0.004175483994367129,0.025317847740081043,-0.01987052771037403,0.021822485595388498,0.036053459334814165,-0.02964429624122197,0.014629057134816017,-0.01691322479206825,0.002267090358662389,-0.00019480474329344868,0.021823413663685096,0.016079341983830046,0.0011603973278568915,0.10521285186137026,0.013580774380844297,0.024114507071399043,-0.08338446064312513,0.12118828774276932,0.13586457741651914,0.043496818665935875,0.047679773526019674,-0.007205588938453375,-0.0013156523825149226,-0.013633797702377772,-0.0024349118805197167
GH30_3,0.014926400052309366,-0.012173870937817927,-0.00932254258654967,-0.017247843925843113,-0.002347506815245138,0.009903907488440044,0.013965733548525896,0.02240357053954568,-0.027157692369490886,0.011464948533869543,-0.05302718009479371,0.009215927176967457,0.012017428612313153,0.007779835309565095,-0.0168788015742986,-0.05586596306147533,0.03407397001342892,-0.04537529852885968,-0.020550410303214802,-0.03346812950414932,0.028281228715002864,0.009771334654074757,-0.007307694409356371,0.036600151281321255,-0.02795158655655518,-0.027271196930735955,-0.0409063556468798,0.004387757827619806,0.0003809602341020667,-0.06362307353974932,0.02861382682555659,-0.011632673903838257,-0.02054879298170382,-0.007871041592280442,0.024822571478372916,-0.003548948552918916,0.02079235016222064,-0.014640614161410038,-0.03212570035964189,-0.0024357239686778704,0.03146660555495317,0.0230054318585259,-0.015404074414599555,0.02330915478145694,-0.01691220691925102,0.007236970081557143,-0.04196314595137323,0.0003427540792119132,0.0037104981996089574,0.04989738683717693,-0.01833043428225909,-0.021888169478193057,0.0016226723939885613,-0.020854167977402093,-0.0380563431666095,0.004299388781796546,0.002510630491229524,0.014590484129406344,0.015134553596054295,0.007933858520478431,0.0029866315469652105,0.02743569315969719,-0.02107726954353466,-0.014271251595832554,-0.04764968856814652,-0.004840630328124018,-0.03003562855123101,-0.014119668819840189,-0.026280681471549366,-0.02539175153863843,-0.02544091265819412,0.02577434188208868,-0.015043601069542748,0.004485362116718517,-0.02150609399500247,0.06219090413693961,-0.022620892442334707,-0.010929962263690134,-0.016085711483863504,-0.005457829715279193,0.027911573166056185,0.029933529932471538,-0.005297599674564807,0.037394709530504916,0.004678110654603068,-0.05233347848020576,0.02650640103487744,0.010431913803456433,-0.002303632818461009,-0.026120187280861032,-0.01916859601487465,0.00951888564136886,0.0439458412143607,-0.021415555930616604,-0.01967685743914809,0.02316218073468218,-0.007706572041879219,0.010380107752946177,-0.004139528863472567,0.0029474726117951666,-0.010268590304659668,0.0049773920387265955,0.021809120804303483,-0.049693685402930655,-0.012565590409140398,0.03183025011145374,0.008187396582890711,0.004955935679566744,-0.010855922203035748,-0.012766717281177129,0.016586723484872116,0.027947108741520496,-0.014751035532256056,0.012136419035275115,-0.0021932318565393567,-0.06841815614420088,-0.012944845991433172,0.021902337295970634,-0.011140991749837832,-0.0274101431928823,-0.008611669408818138,0.002387275794500957,0.004600931447519565,-0.008280043506539058,0.0012303125041844148,-0.002544603091025573,-0.025080131870664955,-0.0011562242782457877,0.027063038626642253,-0.09352948722110577,-0.04672217896605426,0.012615756352526515,-0.0010781876623793805,0.002862957047707226,-0.0012588694803836874,-0.04739442473357439,-0.007501237089716938,0.01678057234140398,-0.010182533133227641
GH30_6,0.020536534718392122,-0.02747225222099841,0.10445088196496745,0.005168502239122707,-0.015431013182219358,-0.10273614479440017,0.13954152719594018,-0.09535455156771301,0.04894530322721561,0.4161339906131256,-0.24158894311342985,0.054159679427936626,-0.08345052319147771,-0.07982955285596229,-0.07660844838022532,0.06070718815018478,0.10936278526908455,0.19690897921612316,-0.19276862333868108,-0.035258667218441564,0.007417169253188931,0.048957840802938454,0.15792989524401735,0.05680599859212683,-0.11924713558775428,-0.04747796817107372,-0.14892097664572435,0.01905865996093418,0.32416036946745386,0.038967371990945854,0.02116210667202536,-0.007248747931041141,0.08216703015835726,-0.03031261173228622,-0.04387253056272254,-0.19594120145130495,0.05846156132145721,-0.03601699287718154,-0.029885062075221583,-0.05538142495370914,0.1970834544498436,0.12138147325746569,-0.2089387735998012,0.03664613581053563,0.12164128758424039,-0.1693732499626479,0.12764271117977025,-0.08608689734547904,0.10500513183203551,-0.0010529765110683924,-0.17074392180598774,0.022993780927053998,-0.034964642170817316,-0.10893442630516852,0.17255056373995484,0.15091392329159148,-0.1513187630510609,-0.16659948360852242,-0.009870731854711486,0.021779946730274044,-0.19597476227885277,-0.08461715126383683,0.12928687232562386,-0.1728441049452952,-0.23012717327366133,-0.25304747882614653,0.03212136977034182,-0.02007875894412727,-0.033535712416978676,-0.04708125840452203,0.001238052468889966,-0.09033240789881855,0.054933680606664995,0.16698737358375898,0.10590737912146418,-0.1562935177277146,-0.015040766494405644,0.18101482808707797,0.005008713628822642,-0.09231059170203598,0.09663207821741285,-0.048635814433057215,-0.023095266922082434,0.0032976118043298508,0.10923194092181766,0.008790885646700148,0.015094802878205091,-0.09933727209910415,-0.15763330311659265,-0.10796682929623949,-0.10915494380896182,0.07388947607540554,0.10759497491185162,0.0958106674536507,0.007246865288273919,0.10982317162403517,-0.0478465910536741,-0.12437465407937463,0.008187697196236682,0.018353901344410766,0.019697649458755934,-0.14209041572144404,-0.05844548295365846,-0.2762643196436982,0.06212594377799698,0.1937611622760424,0.007996660121631083,0.07630651352978501,0.10671222563570808,-0.056639452679513036,0.013839409173158457,0.02775677251584953,-0.0172234965343096,-0.20431167489837732,0.06513062075182166,-0.22489649501719447,0.11508081337075492,0.05511076277543195,-0.03928389116243677,-0.09469768330523261,-0.08900655601207628,0.07592135600190501,0.025386283099115232,0.0038661296919961074,-0.10237464438864118,0.08826587334219256,-0.01815240270659584,0.011710795509421081,0.06366428566394654,-0.05811781441470292,-0.22215444922641495,0.008169158909886464,0.024151535992322972,-0.15149975329092297,-0.08009915328868247,0.027578868740122428,-0.007265997697838483,0.08238057569320333,0.1021843419850653
GH31,0.002416088067907861,8.92575921655316e-05,-0.005710807699246049,0.0029184569414438186,-0.00389775757146112,0.003287731013522005,-0.023588070506877917,-0.00477767284107926,0.004358912537619007,0.0022722464881112007,-0.015095413913358911,0.004540234604128703,0.01345536839668341,-5.010198385911738e-05,0.01556902332990815,-0.007035750849727532,0.0012905812771878212,-0.025491568198284326,-0.003611740732333816,-0.008363408922384167,0.01730570747583968,0.00916052524915299,-0.008070214759671044,0.022626401170448708,0.005915555624121443,-0.0023707045188523608,-0.007180955294757782,0.008331046499000822,0.0017954455667455213,-0.025014014858300692,-0.010327326857627493,-0.0013923942923633552,-0.018699218662048822,0.004101649118742019,0.03047095467238341,-0.002070953218909566,-0.014001326638821993,-0.008039893725565884,-0.010855029318118738,0.0006360993144627434,-0.014515014590508916,-0.004972008884327356,-0.010510000564650715,-0.0033231201192432873,-0.0010948547219912321,0.03782706511001006,-0.021164350183441274,0.001640510999095976,0.001502464041945697,0.02816927272684274,-0.025414434018560004,-0.0033225771210700825,0.003481123665161827,0.022482615346724143,0.012855830685563724,-0.00016354136343080825,-0.003456053110377444,-0.010378500077921422,0.0019837842623794105,0.0040115674400262565,-0.008681280654001727,-0.009244484896950345,-0.030556816021610797,-0.003725582767956573,-0.0033050567641711385,-0.000403593137273493,-0.02335580727465021,-0.019827977700520406,-0.008421082055933357,0.006047515154605444,0.0022657116470148125,0.02097848542393577,0.02626373558602507,0.003039811193920508,0.0016198159304997865,0.022296982578755193,0.0005330917042791986,0.0013533620238604712,-0.022668019483367025,-0.0024428413082170945,0.01917208354890446,0.010333363376630331,-0.008630620759664323,0.03168728430289253,0.030531616499629842,-0.03901472515187616,-0.014782795371362688,-0.005333694236178272,0.02880774520301937,-0.04581751017895507,-0.03321754439015259,-0.009770985181940198,0.012295631062600149,-0.013997772900990144,-0.015151986866344124,0.015246875836406118,0.01063420205090266,0.005644597381081678,-0.0035189128845108234,-0.0021682417800739442,-0.03251310704905725,0.0009195345128865438,0.05353068214808706,-0.003977817354378347,0.0029525966129903525,-0.01915701904626628,-0.015576375097005763,0.007522692768849668,0.046354190293874,-0.024245983337613956,0.037700417577104066,0.046489361293452734,0.00850364718670779,-0.001985686959407981,0.007366641586119115,-0.011970569482391325,-0.004533861594793022,0.031389980305753976,-0.01323843685691567,-0.012484191811475425,0.025682299068746833,-0.019934190270734325,-0.007748411353127891,0.0005061764372921328,-0.008197678850718815,0.017443739565477248,-0.01616417394191305,-0.019555160394300115,-0.010554822611862011,0.008404578467967763,-0.017041557730516903,-0.0071895542075454955,0.0189139333197712,0.0005314747045519772,-0.014619315850083529,-0.0022147548342797345,-0.002795231523547109,-0.022708449697293517,-0.0019896375965742083
GH32,-0.02130107507582397,-0.013547654495908163,-0.0225998033907587,-0.007939892613807386,0.008312744945504595,0.017673672804705755,-0.011114597610096323,0.007330883536427171,-0.010932777373512228,0.010046102593915928,-0.014247646606312885,-0.0038659441334329466,0.02534864322393157,-0.004338611175184995,0.011571493084848977,-0.0011682911844868372,-0.006154171182979659,-0.014399424062707975,-0.001741999078785947,-0.029771189705097935,-0.01280698262245156,-0.0011830636362664896,0.022701729031823752,-0.02324627800827492,4.373818032010974e-05,-0.005623744270776087,-0.007608130000689418,0.016716740541839276,-0.003606786519667143,-0.02047300508183404,0.008844689564663133,-0.011861192902062409,-0.007629720481574717,-0.014437306140081799,0.001039152779344527,0.02119053831252053,0.014940148197165309,0.005591321126235515,-0.02066034748268326,-0.01633995235789337,0.013307722958904289,0.004369158025084824,-0.0027773781882898534,-0.009960358533212924,0.003525782389736787,-0.00911282478559157,-0.029414611881670678,0.0076402796985933046,-0.0024714858784857783,0.02477785602991872,0.008366775505209765,-0.004486738540024929,-0.008530307119894455,0.004083040955120638,0.016655174057494216,-0.0134627593241593,-0.015947571214509234,0.030496954041958464,0.014014899996973754,-0.0050263166010242775,-0.01643326692918989,0.004478112033609108,0.0043715882919705944,-0.0008575142335973281,-0.02414238358757153,-0.009248251751035247,-0.020107052914829365,0.007558825573723088,-0.001994950909127908,-0.021747428428043836,-0.006812949181959494,-0.0004478263748662338,-0.003798594963295598,0.0021609439485648367,-0.01148526243825801,-0.010943822491927385,-0.007685358129938366,-0.001432025483625816,-0.0038928310771432456,-0.024628095745072257,-0.0034755712847857603,0.0012186206465237372,0.016813998976698857,0.011322313863512812,-0.015388257439633655,-0.018164742644999694,0.017978615488842397,0.014438409203128364,0.0002152832802927775,-0.02170378630702591,-0.012160850671649943,0.011524030688167292,-0.002160344382873597,-0.0004893277809856556,0.02235322938620624,0.0031923666776691793,-0.0008909890918653674,0.015510286228064872,-0.011100572009423021,0.011335065659470523,0.009250611979253894,0.004257184704913986,-0.014019827267392244,-0.032926081198147474,-0.008366638619185268,-0.0036709828624588076,-0.004569299495265581,-0.017936632803606842,0.013594647885908267,0.00897868302919976,-0.013412755709717283,0.010601255328879207,-0.00951212090498973,-0.004445468586558438,0.008590634586721985,-0.011186820813681726,-0.007412549436389704,-0.008221704912384175,0.0010815708409108726,-0.03440008597239927,0.015284869526927954,0.017687448804336897,0.005125903892614138,-0.003700541549069231,-0.008270705108335398,0.007747520156312725,-0.024053089369310103,0.017661591733112016,0.03400937454063805,0.006825954002220051,0.02210218614998329,0.00328577318455296,-0.009719229781888165,0.0006325910128056346,-0.009724908495460972,-0.027294632406611667,-0.020895066221061253,0.005639910703144676,-0.02127474781980831
GH33,0.013672589345953463,-0.0024202702408890084,0.02601321925823736,0.007494261038564569,0.016287024982917668,-0.018008945322864515,0.011608649367339071,0.0023422774598549924,0.018266005545781352,-0.0027230687360079446,-0.007735092676320124,-0.010154997566995795,-0.003906724946965059,0.020311170022279872,-0.0006378558864397891,-0.002437880557185665,-0.006134190742327271,0.016211555888455003,0.005827466334148729,0.023202719539256744,-0.0006938319335097619,0.004122102816009978,0.01257001264203949,0.012841706905980837,-0.009944942106888167,0.014342259853632808,-0.010827151848527856,-0.0307682764523641,-0.004160302575383949,0.031084602022554277,0.020305714794297606,0.01594176918611496,0.008140409443773622,0.011463484138273996,0.0016726269089840334,-0.027683201897533604,-0.015378410717860018,-0.023114780494669432,0.019671055603719567,0.022096757814511245,-0.004487193042838467,0.0013402937500677557,0.024149925801196917,0.011720765397118403,-0.01149315418057617,-0.008292376765805002,0.03026267893424071,-0.0022975223105797114,0.014802805507961305,-0.013356541092644498,-0.015372621370967652,0.015973636252998222,0.016406212417565087,-0.007629321509841098,-0.026536840822193104,-0.005181193135485748,0.013718226979290012,-0.026891414694254583,-0.015154231396175364,0.0003954429933040583,0.014473187839218339,-0.0016238969756822788,-0.008169550414303004,-0.009149689237184181,0.007241854342092902,0.00787264793062197,-0.0018137103087359598,0.002700714159514826,-0.007308852334757673,0.015201543761682059,0.014710887048696985,0.009670344621408113,-0.0022926265808752046,0.009416000498885692,0.004729095010951363,0.006124077138329381,0.00020695406846217,0.011650920004474208,0.0005788986231341104,-0.027608772828590054,0.020554430875820203,0.0006997545332840151,-0.000646114822000555,-0.02612825160656711,0.013275945977513028,0.01631216350161712,-0.004613566876066136,-0.00016615853504154207,-0.01134466598672139,0.0416154585454857,0.024646485665242305,-0.019707279536813532,-0.004432677097390082,0.012762868411434716,-0.016233184788491426,-0.009586103081786635,-0.011476454488398466,-0.03008391721770688,0.02291177740098856,-0.014845726361765144,0.0008908877009694198,-0.007842522165596225,0.012149399815221833,0.015799298011771653,0.008004707479277218,0.0030177092449203222,-0.017929236647486715,0.002798194880830077,-0.01774923281005918,-0.012144964955256963,0.029313635338696558,-0.012148352206947523,0.0007734462564697712,0.01471727168465024,0.0021021985996843716,0.008189408550317958,0.02533621954956152,0.0023126460066724757,-0.000715039823573231,0.004761564924039227,-0.01246139289275226,-0.005695949459275022,-0.005905810930811654,0.008965367752021499,-0.0006401500286069812,-0.003787733569934426,0.015374885371896022,-0.0021216505830878737,-0.014598853295756655,-0.01717302862014609,0.0067745957932851,-0.007304072691221768,0.007363042363032012,0.0042104888771577285,0.003114892872790788,0.01599511092096227,0.004775068846893463,-0.018467922991314688,-0.01358406672510612
GH35,-0.0024640387954568545,-0.0042764715877606435,0.004099531976467875,0.007245312565510598,-0.0010096071285040662,0.0073448736508814096,-0.01745065632362472,0.00048372740283709456,0.006730620310253698,0.005532818315528128,-0.003640426424233292,0.0004459646784211826,0.015033895710567865,-0.003042434946536773,0.013338260184192116,-0.003731589262667778,-0.004490158652730472,-0.004355516138078478,0.006287118135336477,-0.0028645724651483336,0.012991975275465263,0.021289947399650795,0.010708671426951576,0.0038418167359396105,0.005401310513154296,-0.004855149981251296,0.0019425724928685806,-0.0001607341370769732,-0.007913757541728735,0.00557644511880422,0.00828387339228721,0.0007383743224202423,0.005201105529087312,0.00405719799286368,0.014058755842473897,-0.005140161690816787,0.0005159957775876875,-0.011372539147964145,0.0031083798197073273,0.0036645404910425985,-0.00845096432143294,-0.004629442452503127,-0.003270069906663571,-0.001297042733067018,-0.0003408951301374669,0.027916518730727584,0.0005747245456003326,0.0005022347803096776,0.0028654346689170307,0.0031239772711276017,-0.021795916884078042,-0.0013510383745977336,0.00694836873278917,0.0053520474755780045,0.004759842946997978,-0.003592116128206788,0.0004295980940653358,-0.013496729166278854,-0.0037097965989218093,-0.002355032212374165,-0.005165287448943178,-0.007025159124943962,-0.010997703492534393,-0.008693101909972335,0.009620606989292107,0.001337006130287087,0.006700034267154765,-0.014154486517399334,-0.0014012622768512716,0.015064774188413125,-0.0036323488830806113,0.0052684720094770075,0.021936735560392766,0.008850371457998411,0.0034129390409174563,0.00968170358246407,0.0028291374277959274,-0.009659378073398318,0.002090252945223176,-0.019486116361819312,0.006775606978920975,0.006523993672002261,-0.003571685038316115,0.005667248487301682,0.028549520912745156,-0.021189202060465935,-0.01127512585499166,-0.005476501318356608,0.008352152649513384,-0.008154768605596534,-0.004771252058777069,-0.00778698310845494,-0.0060390436078586705,-0.0013621809959588809,-0.009843664500209556,-0.0001968415238304611,-0.0019600450377249535,-0.015021664059053445,0.006100898890066284,-0.007969828649434709,-0.01219266825909206,-0.009318814749662088,0.024848101818491272,0.01829132580219094,0.007328677691130428,0.0001773607855825066,-0.011995172670815913,0.003747190638776655,0.009681427631676058,0.0033844003715229666,0.022803609766852896,0.015957392003768636,-0.0006019488079791395,0.004810292826382813,0.014322027244767764,-0.0005663035201619454,0.0015215506904908468,0.009636533172361733,0.003928934138919228,0.004169620288595675,0.0060526273386381805,-0.01719751948794501,0.003662040244203238,-0.0023651224183151042,-0.009126270395191512,0.008698451770686058,0.002438522605505253,0.001792408108488259,0.0023030291988179745,0.004747552084695423,0.008505227987378485,-0.01190934506407478,0.015357812389326634,-0.0002552489905176078,-0.001980164861874571,0.006636361168636268,0.002120101951475554,-0.005491050764677627,0.001616029086982602
GH36,-0.0014361339086208296,-0.0021081760927777276,0.012374145574704811,-0.0007287774039288823,0.005540805640702844,-0.00705120174500316,0.010507745168097948,0.006936569665816291,0.0005942088980738264,0.000553057363798563,-0.003786220458280018,0.0036406292638325056,-0.0009739528565423332,0.003919126989825864,-0.00193146719460092,-0.0038920847701551515,0.006167847383988346,0.011773556792738987,-0.003710282565009135,0.005158732797927362,0.008438654886676444,0.003976009849937434,0.0019354718329690432,0.0005360608905782625,-0.009048355383077083,-0.001128757438326054,-0.006830476302012819,-0.009950174362626135,-0.00015299876615557068,0.0013327583154041877,0.00377797361775297,0.004009161155355486,0.0019156315537588078,0.007344513261794207,-0.002863315078051777,-0.005676141330375209,-0.004790093585814289,-0.0021569406604711665,0.0012507462475339155,-0.0009110913286765166,0.00780304463032226,0.0027520153226828228,0.00684600145274462,0.004458542092805823,-0.019117739909719107,-0.011553940145989443,0.014538429098024061,-0.002379546963799847,0.005694632813990082,-0.004421768526175704,0.005572064548400604,0.007077498607240986,-0.0061465981013015415,-0.006068710570651448,-0.007661934080991378,0.0026196763554917272,0.0045793989893914274,0.001998979328911507,-0.0045013108962852055,-0.0017600393695181263,0.004425771908069781,0.002168662791319779,0.001324413828407074,-0.001121110627548808,-0.005727059883263123,0.0024044674146188405,0.008328178954249107,0.004805674019159891,-0.007448798582378428,-0.0042912215889712715,0.0011186401984806854,0.0019451103519613395,-0.006769186909686499,0.0012856992122387432,-0.003690743588221586,0.012596973490031296,-0.0031795718474211996,-0.0012095229505159361,0.004464658003246949,-0.013973722673683955,-0.0013145121324666636,0.0010958287603154565,0.004571295115379935,-0.006336774510695568,-0.0005761447647223311,0.013342335189729135,0.0009532852124262415,0.007054277929950146,-0.006516840500050115,0.014483827480985152,0.01048022994625592,0.004385998014443873,0.0022932848289002462,0.0024340992458843115,-6.231428286691392e-05,-0.0036842698027260822,0.004197865752126588,-0.008701462375828067,0.006044828459285417,-0.0005282571415546933,-0.00347823235106185,0.0022756592804745487,-0.0038676262831233545,0.0005708151412793578,9.112809194573184e-05,0.002018565921089817,0.0037495072753182665,0.006699078003705313,-0.008383277689975198,-0.0043984544279176046,0.00588447390871065,-0.005577700720636141,-0.0015635168082930265,0.002332871289475755,-0.003092392808204363,-0.0059833289687420115,0.0003702938769043697,-0.0031079949835591423,-0.010647231452606131,-0.0015667967770846304,0.0011086342030268191,0.005173713676656784,-0.002733642928485718,-0.004683168197799753,0.005421007609235254,-0.007200469166611348,0.0027499404585758667,0.007092213638592202,-0.005244958263354194,-0.013093038986387287,-0.002022994729209306,0.0011983227920094853,0.005986584857771285,-0.004122772083388889,-0.0013831727133308952,0.0023777526809566083,0.001860806928509665,-0.0047518225873587686,-0.006327679548708852
GH37,-0.001558526398811229,0.21113725071385572,-0.08492643402945303,0.04291795656733276,0.12058665832243853,0.07879617054217705,0.09917447772931284,-0.023933108030987565,0.12995570422505665,0.048811953452699355,-0.13642994469310182,-0.094472528660438,-0.1690560044298687,-0.07085398395810087,-0.036616499191282625,0.05066322685955137,0.037505042782603,-0.01133297299882183,-0.08657688332665214,-0.09156802919632642,0.03540442681200787,0.09264104027828125,-0.017200880958164067,-0.1199605895794181,-0.12981769935225557,-0.17705208075240403,-0.030237987912074386,0.0657568234748981,-0.02873448979764904,-0.11975202668263528,0.014141822327609722,-0.0005333462338838873,-0.034589419668092466,-0.08242132322618123,0.02963672437544865,0.10179642093234437,0.02587927982207044,-0.07258401493748418,0.010079319899440789,-0.009910175579338501,-0.03657828583011362,0.08684181389671258,-0.001233463668553583,0.0571731460132738,0.0375550486718175,0.07224798681048296,0.07662675453027093,-0.09191230366897554,0.0883050313467716,-0.088614680755525,-0.01650349229812572,0.0287146529965129,0.01239699205040994,0.025145489391545817,0.11814684200469168,-0.12451157518889758,-0.030085781761213248,0.15647070411211011,0.16965252927086988,-0.015775808525016335,-0.07888483523852724,-0.12429354182253492,-0.09685116818278147,-0.07280669699652641,0.050686811651171775,0.0351445250092509,-0.13149502176859243,-0.023116283847553716,0.18267210437071796,0.04045498994574239,0.012019101663077817,0.12707726950046652,-0.05043650749030368,0.14017341988368878,-0.003055240113582188,-0.05181041350969016,-0.007076954552958952,-0.09751354638663529,-0.050517723998940056,-0.10660622727699551,0.12829297702036802,-0.025510556768522725,-0.08259087076965953,-0.13005100293210556,-0.08604962402478246,-0.19039776009709447,-0.11291839830319446,-0.16106253617901078,0.015383594405383477,-0.005225950844580771,-0.07137340487309174,0.01252349776918761,0.028219412698316404,-0.07679465606000224,0.060721633664753506,-0.10270377493510674,-0.007620644605203967,0.023088001482964186,0.040828116391518295,-0.0607736609815624,-0.11926791045985308,-0.000992583899820726,-0.03100763663529237,0.002627447912230077,-0.11583864547119878,-0.020111637257409856,-0.034255405068263516,-0.0637187678215182,0.02623462463764382,0.027155315588385572,-0.03273624102381256,-0.054883655287856645,0.061105510288978926,0.11086348046910428,-0.11640740909346578,0.04277771927148381,-0.036920265902696175,-0.001944255691052665,0.05121205253128558,0.057745333616055924,0.023838637776456475,0.00896911645912185,0.1690927740910386,0.09704065736986421,0.020535754605504674,0.015214332087647843,0.014180918289427991,-0.07097172961183405,0.031574055799287015,0.04154754953669656,-0.0934916780558747,-0.04940196497054677,-0.1259514175387804,-0.031262048730714545,-0.02974775520565181,-0.0440309198719711,0.048068628361736504,-0.034223515934923225,0.0552152066891606
GH38,-0.014374407455622277,0.01084807225727592,-0.03909379052110717,-0.12214288755643755,0.018347297826112018,0.02420877169784896,0.03705972050577604,0.00517255029622923,-0.018199692860280937,0.050880226446956084,0.026832866038581975,-0.009684589375240221,-0.03562474171113573,0.010655207456995757,-0.03403228940480078,0.012790230563118307,0.04853653917349508,-0.042241804781031476,-0.1094765294555404,-0.016672296683857755,-0.025912010417041196,-0.03516931425220959,0.053764840836754854,-0.08200218219082106,-0.020838538200663538,-0.028426704136816718,-0.01998808891884686,-0.025461835933197313,-0.008597997589397612,0.010397460377569709,-0.06783898395736489,-0.05158806057937077,0.015605768928711355,-0.0018485340107374571,0.007752869828347131,0.045872310206915956,-0.021356913487433234,0.042417844812689634,-0.008984419661826398,-0.09506387122158454,0.08972812384850495,-0.023985986295227368,0.005647362777161653,-0.024183296226766796,-0.0057555484430736785,-0.06468137307916762,-0.00623591685535513,0.05898963022383555,0.011981969817817923,-0.008912087933555793,0.015337786298270555,0.02724313367388273,-0.025530539239142468,-0.058559150048930225,0.003046492414084766,0.0711969364954412,0.035338895389114944,0.042646274451902715,0.04996099311304258,-0.07502393096621164,-0.030927769617526663,0.005316567457192466,0.0054857590609362775,0.025480927481463172,0.015330645402274934,0.06601199304613571,0.0009045936674309811,0.06405975936564862,0.0025655876739496416,-0.03708219309367584,-0.033225385794249926,-0.03705365993375984,0.005294966253076753,0.0166964280682861,0.018238364162714463,0.06077354840226303,-0.008806156553743762,0.009833693460463984,0.03741376214934472,0.010134469827589657,-0.010490664425060577,-0.016638265776691606,-0.011093037130533964,0.06501923781990712,-0.010670941594128446,0.0007577093289727397,0.031822879750820814,0.020166010469433,0.06349253836533393,0.02960952104568627,-0.01735448485698271,0.059362818389250484,0.0009782269308965712,-0.00432523576107668,0.037338097924969296,0.031019899041725547,0.09095228708108596,0.0024227966276031214,0.0855647548835597,-0.04978941435087088,0.07025558050522042,-0.01275783846078774,-0.045011757010241835,-0.10495449781684119,-0.02640926879062507,-0.01115110040850967,0.014167320608410153,0.030901135206659852,-0.021495723508533165,0.014708124436564229,0.09302143778619312,0.02072648069693305,-0.02700010905204877,0.022621757656216806,0.04395433367602946,0.08193107924268099,0.021720486846565544,-0.03412074478507987,-0.02786747437510301,-0.04218199080126555,-0.020828737946933656,0.017720475248838484,-0.007575156014887287,0.06963002878586363,0.05156229417306811,-0.05030300427363587,-0.03691834766398085,0.06347852018463884,0.033898199171806725,0.0575139948972429,-0.012830067994944301,-0.10983354474466382,-0.05359158254143012,-0.017467371428414407,-0.01107245599002655,-0.024700006849137087,0.01877800318810958,0.06933529350950998,-0.066812078828655
GH4,0.10807018696976493,-0.09492308240749572,-0.004633007255275319,-0.037542389143346684,0.006441651516949194,-0.03152483877092916,0.05985683710444745,0.02245053496233722,-0.05524158228637094,-0.07692458886086186,0.02248487557248265,0.027804494978007598,0.004731217926065625,-0.054743473105511954,-0.07784760386703868,-0.013072571002854997,0.050664173625356655,-0.036994468788315756,0.020141903755382468,-0.04797780748275314,-0.09469647703443188,-0.06899015402257838,0.015527916044012031,0.08578921106012052,0.04259903154832917,-0.09044845356082305,0.046093913256506254,0.02538173367520155,-0.05741603034637075,0.01595274321666215,-0.03627730826620641,0.0002978013609968063,0.05857218234339246,-0.00927964207695555,0.0649976120147211,0.038998539919249765,0.04672014138532792,0.038580853146058795,-0.05018689065050194,0.040678169936510265,-0.007618713793199574,-0.004844710694151155,0.10080341746117295,-0.04262344005503589,-0.019398351429014762,-0.025824905509095136,0.009723422858934148,0.04011425738476368,0.007176177779860828,-0.0045199934393081,-0.0026565068076561883,0.009773280500062119,-0.05422915312653064,-0.012164379285496563,-0.011945594952883642,0.039698126053368844,0.03868308113249432,-0.07526994105552531,-0.023475398636615272,-0.0375437971941512,0.07818034137009837,0.059595687316417414,-0.01926066273407251,-0.015906282651104154,-0.038837688649088736,-0.08576831183954088,0.016705083384945668,-0.03688641699245886,-0.04583750927398317,0.00851996940652153,-0.06371445275039452,0.026625819986524992,-0.02891922371907783,0.09445482745009161,-0.015649254288793834,-0.03328097020710453,-0.0022724855563056776,0.005938500683237696,0.02872591817082874,-0.01374150227832376,0.04349502874322751,-0.12032876545127572,-0.017643011699314634,0.07790948606064954,-0.1270993108996377,-0.08347141602651817,0.03458588758629109,0.026163443993038344,-0.03142379627994755,-0.023478551674715385,0.07454467238573892,-0.055316390246584746,0.013090379983854981,0.024735460995722085,0.02865465631387318,0.04427524632866809,-0.0322510510539307,0.008869353930239918,-0.056369181960354925,0.021597663164042526,0.07489029492170494,0.007832939201962005,0.03473849438960463,0.011418581300131184,-0.032568179402858374,-0.02197176085263695,-0.057722530285177674,0.008817504306088058,0.011307010679443053,0.03138576359931598,-0.03159296582719264,0.025874448402243053,-0.015581337718788812,0.050364802548798375,0.013453327092781036,-0.03848030013524928,0.06001787044754343,-0.004403064573468403,-0.016878352822825748,-0.03853855790114844,-0.019488561629802833,0.007887244965436467,-0.03743585118730349,-0.021411146516753344,-0.006111709490565481,0.033298327007833306,0.00547257940135912,-0.03593796033096731,0.00413413991001317,0.05981262539406481,-0.05235282694279219,-0.009860267619063756,-0.029432966339695523,0.007405367425592539,0.00996375770999817,0.0031313049299242805,0.023729331740580267,0.027954234806677795,0.0318857665346053
GH42,-0.004892482844422794,-0.0025508335587343255,-0.0025056528110653227,-0.010392833812028974,-0.00352431472590287,0.01845550472103558,0.014558332801921032,0.021974914082255517,-0.002679624705592769,-0.013438773463303726,0.013692541092276621,0.03024334766803755,0.010154933439483203,-0.0027678002324413374,-0.0060916495105102775,0.014298256812117209,0.018100584689187262,-0.013332210494274166,-0.011578290026313581,-0.029330668598200372,-0.0044036591472214155,-0.021340749444884313,-0.00604371671622443,-0.021851771408268685,-0.03352400131832385,-0.026845341560101443,0.03070376981395129,0.030155149569139773,-0.0012900735830035643,-0.008078818490474237,-0.015591932595604652,-0.027697096247855674,0.0008648351277776667,-0.01019279885493865,-0.021788433908274386,-0.012095132933037154,0.021197501792958772,0.012911692695782143,-0.03495304513121687,-0.02929703538412978,0.0025304608042245394,0.004389252331515918,-0.005243376681975696,-0.015482602548510293,-0.002165553373787629,-0.04811150488014799,-0.00219093804276964,-0.00330694927139652,-0.000591786862273484,-0.03882060874434759,0.027937064980825415,-0.010627908620163811,-0.0343554233915497,0.011039243584227755,-0.00859319810011743,0.0005867633507847671,-0.004691882675338373,0.03696402770074452,0.050333040084800974,-0.0059947378324142885,0.020750602612488237,0.003388626349011596,0.03044354584719705,0.01931396241496398,-0.013278056556039898,-0.015360482987033644,-0.0059057047148879235,-0.01733563920358476,-0.00884077845907731,-0.011359958342319568,-0.008368022305661294,-0.023133229855418505,-0.019155373281981435,0.02253210782206221,-0.021325953462317526,-0.03160840284830824,-0.005773512099838022,-0.011747854595111086,0.035000408264174734,0.016174337097985048,-0.014831826803537507,0.007601191633002855,0.004976662058713822,0.03655838898858929,-0.029246802074326107,0.037788258784854804,0.008573723199564448,0.014696457932628783,0.028163810000266666,0.008568488716896111,-0.003604477450717744,0.0025772577535892794,0.013764471634747501,0.0031969128339903456,0.002167779081739504,0.006158041580654834,-0.013903934842134655,0.03656717178959293,-0.03926195004227297,0.015978001370079747,0.02462662501236672,0.0027208621273330795,0.004098535400676836,-0.007328019200583619,-0.02238274849444109,-0.01294219061452214,0.029385356884264958,0.023374503877526993,0.014884327761756792,0.012799057438071573,-0.03465179717146745,0.039048323282493184,-0.01401986369771748,-0.02540487553849372,0.004688324527427431,0.003415432082663931,-0.015394867909150404,-0.017152470951969728,-0.01997198021428986,0.020056588162820896,-0.0008275974876941373,-0.03999207777932403,0.020781500874576163,-0.002292352455399567,0.026079005078868962,-0.003545864925320412,-0.0020451718123614235,0.012285194868818516,0.031405852271974205,-0.0019648909460801525,-0.010457002379636924,0.018483756794728076,0.0007529254757388912,0.0005500765913693289,0.01506148544373002,-0.0016863382623134285,0.005862615285021981,-0.0007203008358394823,-0.0006589212449103012
GH43,-0.015995119594429064,-0.005086196234067473,-0.02261206175953994,-0.0017310793240889145,-0.006152841051963172,0.010573424404046138,-0.02550980652829585,-0.009842828914151893,-0.00354987523680553,0.009852330625383645,0.005344213336377024,0.0026626424689886784,0.015334592193483976,-0.014462113579675025,0.007380026073593757,0.01432157855193601,-0.009092032182708114,-0.0145114941529056,0.0035529258225787384,-0.01622823882881053,-0.01887354263813266,0.002859914118102338,-0.0010509280461001552,-0.01503730191841863,0.01088114057422466,-0.004330848990678607,0.014238422006939859,0.022643421215567394,0.00956985863242026,0.0007481402562418846,0.00937418138015234,-0.02874441594156456,-0.006062751516995041,-0.01592865723869412,0.007329269704940117,0.013426558574967067,0.021883128869247166,0.005668414893741595,-0.019398957890882657,-0.018172491852485647,-0.01887802681820585,0.0020098567023408877,-0.020770807366064497,-0.006451285685196641,0.021753455533086937,0.0046845227964637534,-0.014385645538323562,0.010916668596392837,-0.01151975659732276,0.00774950626388179,-0.01240398597342812,-0.006379556939054331,0.00021523490145169543,0.012043756787152474,0.026422032667323,-0.006999995461902951,-0.012066809652089467,0.009835340349177697,0.005506009735938036,0.007836494921447747,-0.009906922510590633,-0.016514969597316614,0.0008203706066046511,0.0033914881456463828,0.005096112657905758,-0.0060485113096879674,-0.0050319634536224395,0.01067710759482725,0.012686146362430113,0.008272350138199039,-0.014523313415804229,0.0001825358968810444,0.015891420871558183,0.006724119494670019,0.006433286779536259,-0.027924480104972733,-0.005057325152380747,-0.0019628699161756444,-0.006510341416241969,-0.0032281752256616888,-0.012229255093917816,-0.0036170739709601744,0.00226374532298196,-0.00025188109063225417,-0.00757605547293335,-0.0052995962387926586,0.00466842215784024,0.0006137383449664568,0.0019056302735993996,-0.015108758078382791,-0.008503111641174873,0.006125804321794615,-0.011049999315974963,-0.009196772158220888,0.01444902437703975,-0.00043710185261711386,-0.008258553246927446,0.004858063061186955,-0.00578498244504514,0.014743128264418405,0.019947728303998144,-0.00992873326589888,0.006533705101888247,0.01943549958448008,-0.0028602666182571705,-0.0026377890755463593,-0.0031322356555712463,-0.02546162981690854,0.01571464905412157,0.019022188079360708,-0.007842000206487749,-0.0008053195037783958,-0.012303854469246108,-0.018622086502990992,0.005531172509836587,0.0042563726441862005,-0.019515804578083898,0.005930897497818505,0.025257005526706507,0.005989178921487105,0.010017609313296032,-0.003175458273353704,0.003562054696876378,-0.0035484355794781516,-0.002379741301435964,0.02140731657121457,-0.009656663893511244,-0.003859905860868784,0.029142655057187866,0.027629893806600102,0.018619351714916924,-0.006643969778244149,-0.0015032666641194253,0.006229896996365618,0.000726100077923657,-0.004960882581549296,-0.0022151295688146886,-0.004905608644621901,0.004924601460183766
GH43_1,0.019272916977164163,-0.012015436657062882,-0.028556751740828338,0.007321501832737897,-0.014635226520176159,0.027208139787003673,-0.02479279110360463,-0.0028137954759206007,-0.02257439964884515,-0.0048559282346002305,0.002878033248489052,0.0038384428392328664,0.013486432697167785,-0.0204600658593619,0.005057373273631252,0.010189653723146988,0.004600464729351459,-0.030323888206442003,0.004893039876319064,-0.02291647046885943,-0.023960957223354215,0.022006989230583005,-0.004117656248351959,0.017875107554213655,0.02064179248942955,-0.011836423917376526,0.0564943773324957,0.04254874863275651,0.004760741668474317,-0.006434132676098672,0.009061903704711455,-0.020623711145314253,0.022240953368823393,-0.021380164248494374,0.0026406641388778203,0.007554803490658497,0.032169392855404225,0.00540246913295143,-0.01152084374206265,0.004277126584494716,-0.01456381148111182,0.015008130937964635,-0.011542300203687458,-0.018023780915044578,0.015721052538665688,0.0011066864031171527,-0.013836591861786,0.015332983476154872,-0.015379330331352943,0.023234886895967113,-0.0036782476282134157,-0.023155632562835572,0.014394540898874009,-0.0022550859454350857,0.023547985840894032,-0.016662604679884074,-0.02422158694181877,0.015499978688066662,0.0006697600658951633,0.0051407134563315445,0.011080405021474992,-0.016071111040641198,-0.01224126714308338,-0.00024372125769750943,0.007340521724586599,0.000946393804689652,-0.013622327974531065,-0.01995049034783022,0.019782963254862944,0.018341252129453905,-0.02210343752026308,0.010200368913640623,0.028212691787615856,0.00928763896704172,0.01675667368130602,-0.025354622137381728,0.009514748237319072,0.008450301633158035,-0.0069863281113808256,-0.01172781952046701,-0.0038314662555734365,-0.009563268252037719,0.023334805240294482,0.01818036971886468,-0.02845663924947125,-0.015817251813684728,0.0042901005792798964,0.0018743298928573762,0.004937111953120195,-0.030358441935362496,-0.02364061250619412,-0.005579147192887195,0.02152689804242437,-0.022729201143773838,0.011612443741033006,-0.006451673866016197,0.011648357070509912,0.03267220616741058,-0.016299607470156074,0.02114846151025454,0.0053999732310164375,0.006762246223838129,0.022321246382063814,0.053214210135566826,-0.012557138946250303,-0.018529849595223507,-0.011075717610006143,-0.008436179000567786,0.043584616999600694,0.014306073087234784,0.017026543197912077,0.018330016246155968,-0.013784397448700508,-0.016271537386053934,-0.0011162090671493331,-0.004403592912655324,-0.009342004108764403,0.020532778108810514,0.018894608447571216,-0.005951000426419823,0.006959880845931056,0.003219972464275884,-0.038192811963382936,-0.006001860961858442,-0.0033029930713337837,0.03360889854544166,-0.01121959745393829,-0.018595989254803946,-0.01206028389403104,0.012617632044768887,-0.005898094324070418,-0.012476226752208872,0.0015832859440002508,0.005347659309877558,-0.005472230748976375,0.0029661296513881223,0.003563892950181272,-0.005455623861424281,-0.026049171277360353
GH43_10,0.017558360676217778,0.029422969124610825,-0.032190772812843334,-0.0005553744852336143,-0.042747762132083277,-0.00856429077549351,-0.006017119879955284,-0.003400190548439962,-0.0476718024364944,-0.002853967484085299,-0.01881028367327144,0.009157834808933799,-0.0504515972427543,0.00019481162176118502,-0.003283508860084045,0.007622492278022528,0.011411528299641425,-0.02506739878234116,-0.008896243748134814,-0.024761085180204315,-0.0005597774101137435,-0.0017580813257952327,-0.020842040528945418,0.0590915043769542,0.01636206233503024,-0.013990227961858389,0.0446206562338269,0.024124363787887824,-0.0008740656564025774,-0.05697098225257569,-0.013596900281094173,-0.037713579900697985,0.0006688045095250601,-0.007274287924529638,-0.006875899809379995,0.0023883968642013547,0.020585259537840912,0.022839983535531995,-0.010067303274213646,-0.011969804309405052,-0.009700522163789596,0.002234909233220336,-0.01474617380934133,-0.01627164186355678,0.05144400293360242,-0.004270848324872717,-0.026273835480696117,0.0016677211687528796,-0.00729638730959735,0.005102409917422779,0.0006051026046254678,-0.022569957966516768,0.0017097036855578264,0.006257233798203613,0.019137223168056595,-0.004340646256677581,-0.033415490991533375,0.007020835195612542,0.02342934969819961,0.011478841069125693,0.01942831255975738,0.0075795896400158375,0.013775685374981335,0.01800178497948077,-0.004364250545707434,-0.000595952370965629,-0.00631305283878798,0.012751480326345403,0.017069420758554745,0.001707071125202484,-0.0040719465406077165,0.012602234691591493,-0.003847986554224829,0.00341805791511126,0.00806887274745879,-0.00025447166826601987,-0.007091051045979233,-0.01517792961320154,0.005242658426909651,0.05230765394198471,0.005864051340166212,-0.003037885142406616,0.013116521885104721,0.008152865448567553,-0.00048660218785614144,-0.033397239222108854,0.01001990150148962,0.001681081197027971,0.024946666431100776,-0.02037160495543921,0.021562333876455606,0.0016352589011358414,0.00039505883579773115,-0.007331063122757492,0.014446348875790866,0.008418055289249743,-0.008937421680147198,0.015650067335300773,-0.015380385251190721,0.019169045803755214,0.009448873108618675,0.0029237141274631975,0.007789225648315137,-0.00818636989383047,-0.016814364164947762,0.011273887110998719,0.00893503115132783,-0.00038638191924823096,0.011108886443645284,0.023497726012179813,-0.013238967606256443,0.005839546293693497,-0.0035280978009593154,0.012529818848582225,0.0074357330340954955,-0.001065889211371448,0.0021400625244577193,-0.005969425766714426,0.016888916590469732,-0.04489718096117817,0.004898482784462237,-0.012548541440577361,0.00882566083207894,-0.00021405693406330824,0.0006852179202399275,-0.004636919609988954,0.005473917219435909,0.09464822642942158,0.01112320702901251,0.01000069058246502,-0.05514400405203654,0.09309124847726029,0.09052205395821486,0.023684092811369583,0.02114819186132629,-0.014647928743390968,0.009221496994805562,0.003704629668434257,0.012858762774751717
GH43_11,-0.0735532881024895,-0.07419672452871076,-0.12331973894780508,-0.10820432584391376,0.02166089961318426,-0.0858973599188776,-0.08923814067938676,0.09960762654747334,-0.02187839608579376,0.047428943089210786,-0.03370067176813851,-0.023112905078996944,0.11711624593888069,-0.14122871566104808,0.0992099500048163,-0.143818253395938,-0.08907499894732247,-0.03323641591814631,0.05262893431705577,-0.06674599780549292,0.014976199720518002,-0.02965440992947523,0.08598422874155458,0.05850951295754855,0.10833668893062176,0.014554720318950064,-0.06930596749958413,-0.03726812144423824,-0.06178515865364327,0.0006594923374125036,0.08602789750902991,-0.017636780995554664,-0.025310337277932513,0.010715363706657672,0.1269353749741104,0.06833249686375932,0.15199520915272272,0.07487255676943148,-0.13714856575549095,0.06698924169826329,-0.04436700535448458,-0.007159182141464573,-0.010253494539814115,0.06361090709393569,0.05589665565466979,0.03868350985363181,-0.052318168059692687,0.052398280154293875,0.04977163570484672,0.07754890083761082,-0.04226854630776585,0.05726780052896053,-0.06747979323976061,-0.0261686829131635,0.14247631136778333,0.09403898608964971,-0.03506084340025024,0.1077432172431801,0.06563925044979896,-0.05990627823009542,-0.007604828382610705,0.005000798105935896,-0.09901290719320754,-0.04303448912296473,0.0008335689676134505,-0.008984144755248846,0.018609781494042528,0.02301833172743062,-0.0720603499467218,-0.018426056139855835,-0.03408642735434056,0.036394568803253896,0.015948055048064576,0.03039890307750223,0.06618386184039089,-0.08419203083329357,-0.05105951240976362,0.05434282021183128,0.06105952210130791,-0.09434507213967014,0.10745655355081941,0.18993427393363999,-0.061397382425525296,0.011980111491397223,-0.12595726412220878,0.05965539855749239,0.0173027223700813,0.045780255711624064,0.0022215234514259123,-0.18443378682843703,0.09966864795953627,0.1233429691464159,-0.02701320404252624,0.08481577915965391,-0.06775616872201894,-0.12110542542745663,0.033803924447483036,0.16796333554850126,-0.03215273392539913,-0.03681085432949101,0.24985136574240036,0.1443178323793535,-0.12839502704467315,-0.025998150958106873,-0.15740537660187146,-0.1292798314749637,-0.05287271538036868,-0.062265203044646764,-0.22393380739490312,0.21488740058594208,0.06383020490959267,0.01726268895910091,-0.12333280046864159,-0.056220039386371434,0.10015563934853193,-0.029903814723280474,-0.14969366432114192,0.14826236363687703,0.01999578087538486,-0.029231117512827094,0.11249270886952772,0.22327844961713048,0.06189861589569515,0.019316436230064446,0.02479106282606543,-0.11391365317673872,0.10366118879971138,-0.015711050095501174,-0.09443068245212613,-0.03710391073540677,0.04770006728789823,-0.022806470550722747,-0.12494212591466934,0.052257045657899834,0.012094211673790742,-0.03944410571534024,-0.008567926591098939,0.08588058180348648,-0.02152534988418201
GH43_12,0.017161960907841625,0.025534599940109898,-0.019466033902534083,0.01655013176433534,-0.024611308296383874,0.0028878052370692503,0.009924692830915885,-0.016738761051920886,-0.010006816911609952,0.00565094319034805,-0.008134580687298162,-0.004070663939326651,-0.033429626587699046,-0.00027295966094318096,-0.014684674857158218,-0.019082321912587207,0.01171799093593042,-0.008020461416266748,-0.016064830295206466,0.007781556815251423,0.016312435552699633,0.018764635715518074,0.007812353443704419,0.03744663388508232,0.018557489306439447,-0.029897708053955887,0.07337450285520088,0.025723669497390828,-0.022027684048459853,-0.027590350510560753,0.02885809760921138,-0.05456802627583964,0.006864925988853598,-0.01905248372480428,-0.01021148534199891,-0.008208436129113383,0.015970006674272143,-0.016096035574756636,-0.001165271820684883,-0.005144272888161832,-0.008327634433123995,-0.006014534916211284,-0.017785369632047052,-0.0044054192166171685,0.05019033285597091,0.00990777616330674,0.021399923519811143,0.013818732269709581,-0.009526903384399895,-0.05888050325478769,-0.04707219883233789,-0.005681550490921787,0.007552991988676704,0.015942557486724972,0.03566334092399856,-0.02039803854572052,-0.009662060281689405,-0.030643281329399325,0.012951144286685664,0.008004229073096353,0.009356027217757022,-0.018489500298536767,0.021300249230504477,-0.0005083978291663108,0.002678288095565496,-0.016248856768075103,0.052179224387083945,0.015058214795955621,-0.0045914053806850276,0.023130413579238014,-0.01735249152141369,-0.014630699468403402,0.03133059314405553,0.015016495791727829,-0.013583997436219547,-0.004203793546504741,0.0005512588263486635,-0.022950619934757898,0.01166365126700497,0.0002817793640641281,0.001057010858819525,0.01708659100568966,0.0324395994336309,-0.012887330989407647,0.014519206855168382,-0.03542482255866535,0.009424041632495996,0.019227574033597622,0.02484303937178492,0.011034710242716553,0.03356554052966447,-0.011652942641493068,-0.00605859545252426,0.007403197491056104,0.019252711105043018,0.03812345311343876,0.0108407626663333,0.0019731097098662034,-0.025784624491891093,0.012009495354135653,0.030695096158188682,-0.03978979248656635,0.013650709209069932,0.023034330067277946,-0.006419409368777485,0.005540854068267263,0.03087225998316891,-0.006649534338437945,-0.011747511175217794,0.04081782155851397,-0.03657785111357689,-0.004532850531047184,-0.00597324802280876,0.039599062256092825,0.006719339966349908,0.005019722099738484,-0.04155239039936464,-0.010634155540973694,0.017421236635048565,0.014059813501401262,-0.05332749219909848,-0.04298649827127462,0.016925810113021092,-0.02137545984265486,0.009149519593743268,0.0160853050878412,0.014966082354905196,-0.005098036034889029,0.03491404246058196,0.009383815514682044,0.026015834117218833,-0.0515267590861436,0.05549111072419403,-0.007810899057014312,0.020653943460337047,0.02052447450098746,0.003363226221323609,0.003328306093162314,0.007712202984913572
GH43_17,-0.021525067656210796,0.019696261865885436,-0.03796885656275479,0.014291693865922508,0.013938362150459823,0.016746923717537006,-0.009936467799168918,-0.03259065170989078,-0.017251010020336886,-0.0018267934664300402,-0.015445386661690456,0.014789567951330818,0.011445325507619383,-0.03949931484928142,0.02282338831492377,-0.011699278215805796,-0.02239251294015744,-0.005305600401127437,0.017716412687478013,-0.033774099667762694,-0.026552566826432852,0.0067994042018529625,0.01766184970770325,-0.009712835037097392,0.05024312577182986,-0.007959979378397965,0.028640307142420513,0.038571083457858035,-0.02525010130818454,-0.02522443170589683,0.02648186280303237,-0.030549568825466642,-0.028225260207260953,-0.016287379986400556,-0.009558059262100441,0.022941518834079477,0.015231433473199819,0.01233172357739034,-0.017846098919175334,-0.029123420451076226,-0.008350038508598792,0.004353072399548708,-0.01729066025328876,-0.01967968071155273,0.0025772383615855323,0.020237470395188577,-0.03465699402737272,0.03719974729492824,-0.013201700874383661,0.03012641298868124,-0.01889014121092813,-0.021276545899540755,0.013655201113815135,-0.013059461493518896,0.03535473019320271,0.011004189991651916,-0.01921473026481034,0.032878887671945904,0.02061280824682391,0.009176102276744908,0.00522789576921318,-0.01553387584273601,-0.015080969642491799,0.006909509619806149,-0.003623678930579168,-0.016141819169656693,-0.026386260422199964,0.0006858013814046599,0.0038406829561373657,-0.010490427819752334,-0.009815358705455688,-0.014804713534602559,-0.011479971436900684,0.022982160921988723,0.014312181865359526,-0.08333857838636105,-0.003100224166461289,-0.02247598806057679,-0.04722705766501508,-0.017592534898815,-0.01836057910839727,-0.024278476165523543,-0.003378351266099959,0.002834456192687691,-0.06547167842573673,0.009074449035295355,0.004302680084285235,0.015471886571481236,-0.004795156566936621,-0.04330084621893435,-0.011402987051446548,-0.00505446974955197,0.0018850831113371525,-0.01791719855817834,0.01132275994376996,0.003386909843193967,0.02814938699678934,0.059414117988447424,0.008646015171202167,0.03572516813202185,0.004557877922053004,-0.007131917307165098,0.024358210714724632,0.014819805804626201,0.03424993954183033,-0.007558242584771189,0.01988154404442916,-0.026895252031071248,0.025888181490588115,0.021082021728448072,-0.02056186657627954,-0.017437782520835936,-0.021899856820358447,-0.0168705295644778,-0.049195741762848584,-0.03388248357049775,-0.025680314591599567,-0.024071596899611938,-0.007123734346422994,-0.01673752079323278,0.008372043635165005,0.03934282178991158,0.052602647682277605,-0.01475622013020878,0.04011674278472322,0.0345107360091195,-0.010921695324258773,-0.020762999167368054,0.003765152121246334,-0.0031515284251793416,-0.023722465843470923,-0.009374333843722315,0.010636667517676095,0.003368281938161705,-0.021594107852721138,0.0026159227626329183,-0.01026819594200822,0.007106275722088258,0.008767995500682276
GH43_18,0.13936761512758666,-0.062089549680871145,0.015554392610701606,0.0548985542306696,-0.004541856071654377,0.01378342892261793,0.07295971448227505,0.025348983061882217,0.02447541589572333,-0.05037687686374295,0.05285382243259634,0.041515382327818214,0.0005491055574318923,-0.021417698766793083,-0.08212086801599644,0.07146371740490778,0.0980127896731086,-0.02676601540928281,-0.03726457778638004,-0.11165310687989188,0.0012848821242257536,-0.057479297937657804,-0.019492518316806172,0.06340016385771416,-0.05424316296817574,-0.11438457930580204,0.08868836305517179,0.0986692934632873,0.008780678965003166,-0.03924666885404791,-0.05412628998137876,-0.011077476934724105,0.09492351824330546,-0.036057796006752914,0.03732028133073713,-0.05292601670210807,0.05687999206390433,-0.03440838570664131,-0.037853271184453675,0.03337983780917639,-0.007339039235680309,0.022467258488762763,0.049687561068581944,-0.07747284267092013,-0.04706757309536042,-0.06834549692346294,0.004899670905338243,-0.016590141405662888,-0.014000474983163156,-0.0015513856803793015,0.005224517378613157,-0.017577597468549262,0.02080220871111326,0.02791781901351359,-0.026463247105188988,-0.07871471311654228,0.01887100186236825,0.024682400819755236,0.03643715792821992,0.010685533415572412,0.04374426945894132,-0.022104351206422342,-0.03798016500977336,-0.019369296553392278,-0.009802056634051997,-0.07574564041563603,-0.007912035781882727,-0.02122677730426008,0.014358238799364379,-0.019887529456996626,-0.06939833178013492,0.04316471543151031,-0.01659184122300217,0.04931246362769362,-0.05178968394297026,-0.007237669939516256,0.002045219895993826,-0.007684853636744142,0.06660255410568644,0.03951979562814884,0.01868610343035349,-0.03693741737230132,-0.03367023954688116,0.016103170782812568,-0.029484265200974923,-0.005085271710547727,-0.027635266840838495,-0.01201666105792011,-0.031696741181905234,0.0010467579096468448,-0.018468858856579985,-0.07152653172444251,0.025726005052201243,0.007710066315715935,-0.008654772327050555,0.000935021713265497,0.023899465390727286,0.07886661331572575,-0.04115913395107957,0.07232585653521229,-0.05185883005839903,-0.0622196502989578,0.054500378935610876,0.02886699072033846,-0.026196251442000693,-0.04082501102585816,-0.038048535163175204,0.025231341079619902,-0.04393578317974738,-0.05166753254239788,-0.038852820982735486,0.017211857598808902,-0.056436466857207664,0.03968270382349272,0.03263105017891866,0.005591189020224361,0.05787719658136579,-0.0047467578176799636,0.0019704630076894216,0.021169575433481035,-0.012153066620522082,-0.030198498747865204,-0.03332055386196762,-0.07664393749318169,-0.0075841063751974505,-0.020849268115322526,0.02065768263814735,0.09866848146760167,0.0027698925052090256,0.004323456330769924,-0.027134270222399497,0.03781631653065025,0.1459931696049211,0.04570941775980393,-0.03219985225778418,0.05986918804483505,0.07297871087463027,-0.05010083887695506,0.03251005263132637
GH43_19,-0.03134334505167435,-0.005431136427872787,-0.03112619828993654,0.006440919782395685,-0.014757440814138672,0.01890508584316091,-0.02830965508540056,-0.02304913475823395,0.0027405404576355784,0.015677112741865482,0.02463297568252695,0.0077954060909793035,0.024007762278847922,-0.032939485841223866,-0.0006066671992615753,0.031571952120395236,-0.008060957265712765,0.001335434647049145,0.0004095521964449573,-0.028879466524110897,-0.041409362461997216,-0.007366301385419223,-0.0008466802798547736,-0.02822236391286357,0.005714216002501656,-0.011140502563705964,0.021081050688474257,0.04034001070665837,0.0263947834984701,-0.0074413119243679614,0.008822840742861658,-0.049667850333071105,-0.027802053110451558,-0.029241717101293252,0.006007133063979372,0.009407571449153643,0.03264226752990816,0.006110334524202733,-0.03854563802413137,-0.021973197412709755,-0.017883072982892163,0.008473346629059726,-0.030105866824821352,-0.009851349796490128,0.02014349125904396,0.00759896299126219,-0.02896463655530003,0.00488368717092416,-0.02778479618628907,0.011428895550848688,0.003952034334886664,-0.006910163183002506,0.011809197831704839,0.029085502551897027,0.05447488532978766,-0.013875802696867352,-0.007141595663786843,0.010838895580620308,0.004399428763569442,0.011115218613539599,-0.018739756524232484,-0.024411021179748187,-0.006707861389942119,0.006716982254503269,-0.0067167493046654736,-0.00851428209183833,-0.0048472143128396004,0.029879745568786666,0.02296708385902122,0.010671031557880649,-0.016042160146747034,-0.016752348472021925,0.02333288194203585,0.02504735715093568,0.02098522828460183,-0.04162767370183289,-0.013431888555836578,-0.000978316059846526,-0.022522648820154777,-0.00584640522759455,-0.0058369217221751,0.008232988546262206,0.01064172233476757,-0.01437945845157669,-0.016656493389086664,-0.015790344126322704,0.01007823530133451,-0.003225817312965474,0.024016735440458566,-0.032254860309510996,-0.03282525741022283,0.007993838563445748,-0.0010057022759694082,-0.0039762440509713715,0.01947380884193286,0.005881872075679825,-0.003577943601324214,0.02348404888115912,-0.022788310661299112,0.022975669620063935,0.0344842645025719,-0.020880097129737242,-0.0016887646561712425,0.013699287211232564,-0.010988156504242447,0.0021443947987556202,0.006309114975005718,-0.03313583988000791,0.053889505137947546,0.017687129739129483,0.009880915899765452,-0.020307216923912002,-0.031168955653933385,-0.031115098297351065,-0.013353269369483278,0.0009409034139886,-0.05816376804817662,0.008735063511933636,0.032977875335036856,0.00951350065048084,0.024691997652938655,0.002006612851957368,-0.008353660591958747,-0.019290700124701823,-0.009265888681584912,0.009283711149165702,-0.022472484518495667,-0.007805738494122949,0.03727383691094693,0.027015116333908015,0.017829766631721568,-0.017533077624068562,0.004742276760814021,0.0058607133658282904,-0.01724599696758269,-0.010800395345056873,0.006591740758893224,-0.0015960687249892348,-0.004111038652630108
GH43_2,-0.04375595410384581,-0.036627966277311685,-0.03892061506313908,0.017721566020075134,-0.00874661615431693,0.02109316527174442,-0.06770414269392296,-0.023200835548704384,0.019092439380670984,0.03790853075118861,-0.006509156155868829,0.010209374439152008,0.06440318761597817,-0.037520294121958474,0.019498979424235875,0.02258930257095188,-0.02519378265816193,-0.028706805846881903,0.018724064851197958,-0.0160301734802117,0.014134458572138672,0.0220571339664221,0.040410322843404206,-0.02131394057939173,0.0002057654581499559,0.013610079306868528,0.0019328657137532242,0.0499605934021647,0.021127730609625698,-0.03449028058266732,0.030401703649724617,-0.05397567462949126,-0.026277697364606223,-0.05958555563699457,0.01100303143497041,0.022010226940381707,0.04533568874669763,0.00588680866641873,-0.015100528409436789,-0.025137040921764664,-0.03904741916651653,0.034961319812594184,-0.032368519949542096,-0.022132610366825244,0.029697816755410323,0.02343396259223889,-0.03157724217662495,0.018963981902885816,-0.01756162254422085,0.04212889548481688,0.007750173179442061,0.002235536890101844,0.016615021366577762,0.04049080884900035,0.04922663364142316,-0.02257522138548278,-0.03277680362355942,0.012177924736728215,0.004575711324529661,0.023260801636787187,-0.037750452610320735,-0.033215708486965055,-0.02304001966558894,0.023620395088158306,-0.0018315371135990256,-0.023010298935439218,-0.025980231933237497,0.019264187472102394,0.03623322194546605,5.5735334329933415e-05,-0.024566529644309026,0.009260022349538422,0.006330396080902245,0.006927608496140647,0.02750652920845042,-0.0348955923486498,-0.0016612377224477645,0.015241117599144906,-0.03885878413474594,-0.038934098035184626,-0.002559426354265037,-0.03241583023929161,-0.004630649798315914,-0.009331464998865628,0.041922140551745264,-0.0010754882424423601,-0.008437902222302987,-0.01692356031610343,-0.021532451673746143,-0.022937585205851284,-0.07577630640783312,0.03457818793502766,-0.015227255490211474,0.019479646484576462,0.03486527791934671,-0.025458846669497555,0.027782700247238713,0.04732755382287187,0.0043615522027832115,0.05716594664478629,0.06087892625960223,-0.015787630628684282,0.0030788732008402305,-0.027663277239997675,-0.013375293294367652,-0.04379800758445792,0.003634110173674104,-0.03086243920688887,0.03655340557042156,0.007893853687330957,0.043324563142532024,-0.039104172318975255,-0.04916003491275792,-0.060688125442094815,-0.0022794672288387174,-0.02438664248434884,-0.06064237440628069,0.03874837043811816,0.037420502895530346,0.0101693313218792,0.010960682812126475,-0.01769602331662412,-0.0195673306809932,-0.008146390903209328,0.00919529273318513,0.042232292304563365,0.01792452223244256,0.008891248964211017,0.04770144522889118,0.07844147062426543,0.0871074675031211,-0.00014859352777449282,-0.06575375890542909,0.018627927985431714,0.012571426292752132,-0.03139098178799427,-0.0272640300943428,-0.017413705751118,-0.014663457290903903
GH43_24,-0.004062175370984147,0.00267996487979769,-0.01017780198637838,-0.0024329167064932327,-0.002113253055182728,0.003760119850844403,-0.01813868565955222,-0.010566463468848441,0.0028002944844890713,0.004792856943558662,0.005494463697861664,-0.006460190285231252,-0.0010106407851207119,-0.0016504207306263445,0.006101385861332831,0.008536544292741923,-0.01192655892618649,-0.010334555344215896,0.009531508432126249,-0.002404680614484166,-0.007487382237855715,-0.0032982556849703417,-0.005164776735881067,-0.005130609292049844,0.0027483448127507753,0.005850745693672755,-0.0018334797814019905,0.004089640587108291,0.01343015470812454,0.011096990894724027,-0.0036408374154759376,0.0022121864225468457,0.00270994302591647,-0.007194870334035542,-0.00014627453534885488,0.006061560531624427,0.01577389258893175,0.006362863409808103,-0.0020725305128854675,-0.0029561260624530595,-0.013640700012338322,-0.0022090389200456867,-0.004787897594154854,-0.0033602212529582347,0.02415054942518655,0.006835532512293303,-0.01041059391257322,0.004483894349374225,-0.006616860352580947,0.0025829014556650537,-0.00546920506478463,-0.0038946656950770834,0.002485851553991276,0.0034464663109179546,0.017627427275880157,-0.006222131636345854,-0.0038607836028830365,0.007421050722142261,-0.0010564868276330976,-0.0024640517638364204,-0.0032726662189761554,-0.0032790852032063165,-0.0013839236503573836,0.0032206014483067897,0.01022935468707107,0.002448898535969455,-0.015272406723518692,0.001961019686718145,0.012105149670526935,0.007610315080015496,-0.01047992643002623,0.0026482782696214627,0.004504124362919898,-0.0033571401209300067,0.006207358189683146,-0.021316382358847356,0.0025592721824962785,0.005638105999779009,-0.006857592782543063,0.00899984888888477,-0.01030933952102057,-0.005759701474624974,-0.007852088852323172,-0.002980264327724021,0.0009347408127659675,-0.004295429960064561,-0.0023689115494274944,-0.008857425023890428,-0.009779432641240452,-0.005608363844924146,-0.010069969534125253,0.0017210364429831762,-0.0025969158207807337,-0.0028032711964319536,0.008532185499980732,-0.00911356567436388,-0.013909970162290375,0.0045740849071113756,-0.0004997657381533091,0.005305667811157285,-0.0045549134268146755,-0.006164193265563766,0.005041551284194348,0.015863693092315476,-0.0013123225644903907,-0.0023241771192143074,-0.016573950477797608,-0.019414633396168845,0.014198983127363866,0.003947208626991569,0.0002904455681011478,-0.0005654270347728069,-0.0033489896890630494,-0.01140395923621276,-0.008928514161509995,-0.0009532999874064639,-0.01168328739841597,0.010110451239455151,0.010063674519515365,0.0001390119491192781,0.0029249115375816286,0.002815765713781072,-0.006060372210585099,0.01065356918261487,-0.009020988615352762,0.01680658419280133,0.006858493145764999,-0.0041793503258798995,-0.00572291582761874,0.01962585769801339,0.004924335659592188,-0.0076175888910009724,-0.0028695707809068393,0.006321364282224658,0.005242396852282615,-0.006789782946532521,-0.013620615463287217,-0.0033690937077626255,0.0035722255822038173
GH43_26,0.08145470937928909,-0.06419139632516967,-0.05612173897369667,0.012144271297309241,-0.0025125764505484643,-0.046428437897709264,0.08937952405690386,0.06593452977210809,0.04242808694376942,-0.017137495887559775,-0.018939486600566054,0.0833875983230911,0.0019532553866473353,-0.060845499735066255,-0.14730539264313944,0.06093595060308774,0.049298221629690164,-0.030802968930838764,-0.08143500757417672,-0.03151039252810745,-0.08689436058031437,-0.07363356756286546,0.0429760360460714,0.0100073153401612,-0.018270489891680862,-0.18862250953267518,-0.0036599042185349335,0.09586569105016397,-0.0040752742604071995,-0.06430121344721242,-0.038475111865653465,-0.019553716114123536,0.05967134849227879,-0.12253130348780049,0.059977270604125325,-0.03455830862239456,0.012457899951286912,-0.0013086538829744094,-0.0925357951628624,0.016451274660426007,0.05749687705823213,-0.022172801371315918,-0.038747969418632955,0.009394121904260408,0.018919146911397636,-0.02983174138150806,0.10263469982299238,-0.016685379794916338,0.028291878759321914,-0.032213967088982026,-0.03316133220608571,-0.06520830270573895,-0.03695470953583523,-0.06922882684591497,0.05137854640885177,0.027010268833072545,0.11602050085477177,-0.026229307818277585,0.030103101620237282,-0.0528235984152133,0.01833644976361045,-0.007159065404572111,0.031585711322936146,0.05157617072845772,-0.00996140152562619,0.03952125521950671,0.0609199775890082,-0.07815763379843506,-0.024896545063826384,0.06126451020658253,-0.04536515624273523,0.038735603223637345,-0.0934081661354201,0.021228848098836184,-0.023798723482705182,-0.07222654385808233,0.07085355962598355,-0.08324880411330286,-0.012603655980400455,0.08496684902071426,0.008346028734407967,-0.00036094874786029343,0.012414147196578348,-0.0054700089832393365,-0.021429616480270513,0.020375909407885088,-0.021833227682581613,-0.09719376167912114,0.028000409330177937,0.07806972910201312,0.057732378299702354,0.06097380100513302,-0.04145354388839638,0.049883764330589116,-0.0517537699687373,0.08134921307536921,0.017264162337458613,-0.06234705887209763,0.036294531927502864,-0.028477471605024954,0.06808798008365147,-0.023978346500571786,-0.11136190923738715,-0.05332446922565628,0.06140355143884366,0.09143737699508978,0.01803612782905653,0.10166483942761348,0.002705780781794285,0.07572142981604454,0.03492849698791356,0.1622196225811844,0.12866768965614947,0.047197121372940236,0.038946337921822914,0.06581841610961835,-0.022328377151340457,-0.04691737069278675,0.016629890436357018,0.018732224751788477,0.07535891992742048,-0.002892812280334249,-0.004005659120721614,-0.02594148506143598,-0.04174241316440938,-0.05321204324115295,0.04153976503612822,0.04677639730359452,-0.034907517481624045,0.06748176653602658,-0.03684256315704976,-0.08072736584462856,-0.07141375470564806,0.0439590332353835,0.024625713354461967,-0.08530416233447789,0.03572353712282221,0.10780992003624604,-0.06458942714929145
GH43_28,-0.002563064509317184,-0.004905389313014338,-0.012791228353085968,-0.021392229164567914,0.010159156563241432,0.005126614885371107,0.01010975542756702,0.019579225339765305,-0.007043369437226805,0.002010190043517586,-0.014970207758050864,0.010309792605773868,0.0013587768446113797,0.002337181929310559,-0.014627900340240495,-0.006015665901521758,0.029716399521693155,-0.03045369429120335,-0.02372056906552653,-0.0183022513092103,0.014286240354567374,0.00921825605523235,0.010311390047142014,-0.012603176715159408,-0.010837042632701346,-0.03010235617775086,-0.00010463709352931653,0.009651342059196773,0.003186697352488325,-0.015114315107140364,-0.0008175331850994551,-0.0282319677145825,-0.002710141745914452,-0.02445930471991302,0.027011867596184878,0.015644636673309394,0.02595292233916815,-0.005565061619652087,-0.01904245199918823,-0.03395640998141348,0.0018657520520332285,0.004891607142930843,-0.011918494176168089,-0.013872023529782609,-0.047250761406374416,-0.008255000851618175,-0.0075250014595317615,0.0202057262806437,-0.004381970757909652,0.014671855713831795,0.01892045130675258,-0.010340509396399128,-0.017123305875429047,-0.019469582181517685,-0.013912142341855487,-0.0046203848234279725,0.02059638149353246,0.026352727673703537,0.01741907867557292,-0.017042697898083953,-0.010881623796515407,-0.004167281147502308,0.030610359682318275,0.0009131288295860675,0.010055966803458789,0.003572908109379601,-0.010820528457965035,0.013564879885498704,0.010642873861993755,-0.0204212899007914,-0.019659728749840438,0.022020339187889603,-0.00213531833940178,0.008864798208659165,-0.03198532272290869,0.015561698559749388,-0.024739827668054864,-0.006645365371013752,0.01347534610752493,-0.013866396701693021,-0.011706265932326165,0.009421501142227668,0.014912906967809428,0.02215111134639821,-0.022797080277603368,0.019382702743227873,0.030185585263544885,0.025741280855620954,-0.00024069921178301913,-0.002375452030709515,-0.0028422300920764097,0.02809702627633278,-0.00493076144720538,-0.02716562759338719,0.018870543227865584,0.02789283997405,-0.02269441627514183,0.0053636203789410655,-0.014307997494376506,0.0017791079436388492,0.017956036893869754,0.006871106526495736,-0.004161020201392061,-0.02047357525550513,-0.007415943246574214,0.00019729073857048662,0.03230005427995232,0.005149364772345733,-0.011997819433958681,0.02002255798458299,-0.012529550091714567,0.03569967507818243,-0.004368792747960436,-0.00886077082772064,0.009612633543456704,-0.038797193140600456,-0.0023870199826560535,0.0015163466985981583,-1.006239733449047e-06,-0.012506372391741915,0.004458344425670641,0.040787120858587544,0.01504254768374075,-0.018331002842415785,-0.010495506083046568,0.013952255414993007,-0.03940286227797459,0.005343514829529034,0.029447690039940334,-0.021411884181446288,0.00442631085871605,0.02412824164595926,0.02425663821157306,0.00799341912348852,-0.02469332598320236,-0.009740773810502213,0.005257079468681818,0.00961877896629605,-0.0006946952296182197
GH43_29,-0.011907459544957009,-0.025985340075297927,-0.020483932837067446,0.01555585987923188,-0.014087240270411444,0.027822502436686374,-0.032185068039132646,-0.011752263818764614,-0.0065446105731127675,0.008768230131588122,-0.0007566423869221657,-0.0005505130511708664,0.036323797580998476,-0.013107313086471612,-0.0026102013892220673,0.023408502916835484,-0.008294646519944873,-0.00693926593030083,0.0056763649655425606,-0.0358960754658207,-0.023131540184948743,0.013887310975327267,0.004131772775020767,-0.011890617844691687,0.002162359981633201,-0.004420940932953164,0.050431690738674775,0.03870686169140416,0.010509809020136405,0.0028364290340795145,0.0020721118757777443,-0.04744629852335604,-0.00066721680734337,-0.024854762243132558,0.006868068070107954,0.007281349602421901,0.035070267505359576,-0.01354765301797564,-0.02046288022299872,-0.0035187960155801472,-0.02353878584952352,0.015937237840384897,-0.04265481419607977,-0.02821044385525165,0.014667065880380158,-0.0036797886279611894,-0.011331508830181775,0.005307084959547069,-0.020421918855701472,0.005352750817595639,-0.02051726496361806,-0.010396131450963153,0.015564161910517389,0.02060517118597459,0.03687215385453111,-0.0054578021226494,-0.025419286148709093,0.014634351364395094,0.004287406404920778,0.023914286288740618,-0.017759674454786798,-0.019739554695893273,0.010106938401213133,0.011134471001092373,0.002317429684496494,-0.00396827494545495,-0.024100254632916474,0.012364593085390362,0.01523185464840719,0.013284218402391973,-0.022704832702023534,0.009466775792244933,0.023543557340715775,0.015837406839904554,0.00824679926213316,-0.01443369531646463,-0.004878942277791139,0.017657710737349366,-0.0042193061320517635,-0.017632808606014946,-0.013266566342762937,-0.02563342479840526,0.036100434205590864,0.005467608865221922,-0.005475546872298562,-0.0004054952653439522,0.00212596099257766,0.00048158333190832103,-0.007848250661217549,-0.02775366975732337,-0.03517136526673656,0.013057925243458987,-0.0021631908069085883,-0.0001371306225257546,0.02844300127441629,-0.006314925327275575,0.0008422303506015943,0.02115816775518173,-0.0035837538302089435,0.03586681780048215,0.01464820258000991,-0.00037706329640042896,0.007112647504558538,0.05831486508932678,-0.023128348200448224,-0.02078209412273879,-0.03103132098504124,-0.010893391008276465,0.028057748897133042,0.00030357046078110183,-0.016511519246772008,0.0034488745086967763,-0.014802277260850172,-0.019621532615537875,0.026163543512879753,0.0003417503041136357,-0.028865238730364444,-0.0029213964407886804,-0.0010710025013652073,0.018605872215786502,0.0020495985207192964,0.017651075745314597,-0.016098489069153444,-0.014832104481399329,-0.012925071790856276,0.0405228471558918,-0.008999578491518053,0.023181099168141615,-0.005651080196685472,0.02708545309163432,0.017183697508241356,-0.009889967230287415,-0.005683303400736377,0.008495237322117677,-0.0006094941589677982,0.0023294762997415736,-0.0142446634334227,0.0025573597822534464,-0.013970761368459993
GH43_3,0.08848857258130058,-0.10514800160869513,-0.036283549557937056,0.04109521925457269,-0.016085728722552674,-0.011659559240460957,0.04112424515930426,0.015025515873739941,0.007081012126259595,-0.016582382912246642,0.010982160476933579,0.025931265144284198,0.021588961074825566,-0.008453650031885196,-0.037912102145820664,0.07243992068978472,0.10168143913302453,0.0018758680448055947,-0.049373018321200175,-0.022933746822942858,-0.06319301004626317,-0.04949996626858117,0.003929667520450319,0.03231917647148849,0.011656911460693201,-0.09877429049187637,0.04194299870248455,0.07807963001647376,0.03830912710371639,-0.0326555898839099,0.0536904681079578,0.001606055004302403,0.09994606459982638,-0.06145819717612569,0.033612327815841045,0.009587590563609704,0.05096133204806137,0.06659211479778002,-0.030593454857185023,0.005440428073946371,0.03851284497661927,0.043740650847620265,0.1035236626239038,-0.004160845245084913,0.015931665487451493,-0.05204438219896763,0.011116418130066379,0.025850242469218822,-0.01761735371166389,0.046735047911171106,-0.023914846380241748,0.0758492373447283,0.008259645414704028,0.026070089767164822,-0.011110406369367484,-0.09415237931301727,0.03049719052093362,0.02189796545072926,-0.01437278422812608,0.0002079565175098402,-0.005279505298542718,-0.10822419196588148,-0.010713356404808716,-0.09225784240675379,-0.006960076918329438,-0.0340763137515806,0.05374041613354081,-0.02560877701106483,-0.044784168858642434,-0.01516261052785703,-0.01641204267849831,0.0479757616852964,-0.03992046816783162,0.028790083742539708,-0.044505597998307236,-0.0394204747103865,0.011297497836096664,0.07090198561636425,0.007343296710325252,-0.08001270142488598,-0.052630861941835465,-0.06951011560720033,-0.03162326268661835,-0.03983530847189873,-0.010086957516944637,-0.018700762316032245,0.037599524961768556,3.0206581115076996e-05,-0.10690518665190335,-0.003742776821640562,-0.0034909212986075056,-0.051565943053093324,0.05312081365448826,-0.06815662231440185,0.001655722384320249,-0.040752875277099365,0.047766180719836335,-0.014682344595507595,-0.07341814033650415,0.06072927014847689,0.010274842912955546,0.033413883233607194,0.01612456840473997,0.0019712898800699715,0.007902650710393982,-0.027218094346040323,-0.021705417498390223,-0.013909577380433674,-0.043177268301425833,-0.03367150333648228,-0.019660302654128894,0.04003717305823117,-0.06454099768771109,0.022955429891835147,-0.007931894362180312,0.07890138241406629,0.0699321762759594,0.002718528268463022,0.031693907085430975,0.09220462947159709,0.03765343033710019,0.026678992389509076,-0.1480556953868884,-0.0027874378832457385,-0.09982853936276972,0.0068474417662257635,-0.09383267140001184,0.007654146543262264,0.007289726393610709,0.0518496396400681,0.011963841910739266,-0.008125494615268113,0.06691352610716414,-0.024900818377727382,0.023865087960634142,0.01936182667280156,-0.030743463446195194,-0.00436878327458639,-0.06418862088716776
GH43_31,-0.03454078086305088,-0.009671863359177784,-0.009054211344180359,-0.06389597563677744,0.017768293202866596,-0.027353914568229647,0.02227058364334552,0.03579755603627123,0.001610981891747625,0.020833618914916304,0.04041689812966188,0.012383510797055214,0.004064107078010606,-0.02909469975947234,-0.03818880140698362,0.008310661533965003,0.04408003581749576,-0.0005136259189615214,-0.0544987458766932,0.01893371513407603,-0.04322158086951658,-0.022721714462993262,0.029660008827143692,-0.04079942551245968,0.03168108818756476,-0.04875139877211294,-0.028945305605286985,0.0006981951838068046,0.02289634921932365,-0.009307784664336141,-0.05451399675432949,-0.04260128566993915,-0.046755244975259035,-0.00017427211110546137,-0.018906297862873296,-0.005891890321451695,-0.019175328834848293,0.050148177637754046,-0.07801469095188451,-0.05866737907882642,0.06568112343401858,-0.04549253405425476,0.022879393686699452,0.0007715927973358151,0.02105368151393037,-0.07952458395454172,0.032902655292798594,0.00019166565172664513,-0.005538666617634403,-0.00020724552453228677,-0.001845632997266094,0.006019521372447313,-0.04082066636023501,-0.020619514257640557,0.03308865532440944,0.010391023418485858,0.002364466654642724,0.029921383150942137,0.010764895276169808,0.025761665906105815,0.006615556420641787,0.02182888953312977,0.04367219759876675,0.03268560614963629,-0.08646160511975279,-0.0323986976142206,0.030602070348807967,0.01312540397312063,0.01469245390927882,-0.0024895311504256586,-0.004559975911078394,-0.010398974579488926,0.019544954486527877,0.003995097105351685,0.009828059758556875,-0.02651929501660312,-0.0011696769874703198,-0.019969386242234016,-0.021670210704617533,-0.017511394252834843,-0.06376097944383914,0.09200882658616151,-0.00391337409310881,-0.008836072678362205,-0.04255135656530857,0.09227534206360061,0.05185517575630233,0.03576003977818726,0.023717079231750694,-0.03476267610067382,-0.04515776191051375,0.029280238520453042,-0.07010291438217334,0.03691201541744287,0.04587545710901322,0.029883962336515947,0.058109205162111675,0.03566108459090299,-0.015916895316018757,-0.006380468393712751,0.03652470525459422,-0.03019663304314097,-0.012805411891546168,-0.006771168414231333,0.022121368447842293,0.00706728595079306,0.10283595940166324,-0.04270663629013729,0.03565801259145643,0.05314720570466323,-0.07060719866259947,0.02397152853531594,0.038951873215018216,-0.010918761759604337,0.0009133658391545308,-0.06012739063195362,-0.028516584291165995,0.08824178877186684,-0.07231670211111195,0.04172129186530266,-0.018908996394215005,0.016162586970951874,-0.0061213777040839456,-0.02294800513915411,0.006490775201143898,0.037476742891227904,-0.015814071367670112,0.041237202401873105,0.09503695813740942,0.07178858493725956,-0.031887616813795795,-0.014662237349175775,0.0006846009470756793,0.010064758663676772,-0.0199440861641888,0.000701823540267788,0.0175546327334004,0.003749285708753725,0.00738477983166953
GH43_33,0.006839417823455847,-0.017957778312273607,-0.020058739880305345,-0.006411863515539178,0.018740052818534594,-0.02776283677101981,0.02656564864266422,0.026579755509691345,0.013644106523901136,0.011696853517785667,0.005198532495249617,0.02086371392100271,0.0041116968355359345,0.04299471523006994,-0.03717941705000355,-0.006268362262001656,0.04723203640094631,-0.008298471679097367,-0.06206417043864674,-0.015314120950523268,0.00921994263130148,0.016098337215054805,-0.0039838065437488215,0.033904795293688526,-0.0018849712167415252,-0.029771503044260718,-0.019536944721383887,0.020900858533395406,0.05276543716450955,-0.002876543548386837,0.07653830525474867,-0.011886531492881127,-0.0394780183720602,-0.012323342352209422,0.0032552252287094707,-0.0028957917160993937,0.00013830366266656633,0.06015487166003724,-0.010635847905027826,-0.004581212951917672,0.043252116787880476,0.05769139391213772,-0.0001981462324656917,0.0669986439237701,-0.031207532339082824,0.0005083803639820222,-0.02112057925440064,0.017427536742364875,-0.022871576412046898,0.010602337438382532,0.011690500619411959,0.04584334977354075,0.004351178094120391,0.033502164427076826,-0.003250290809229188,-0.09409223072087283,-0.0008376559749695844,0.037090849098987584,0.011130735291821764,0.02069092554270512,0.006070783926598113,-0.11372423637887895,0.020795612854345717,-0.09802732877554715,-0.029508226722254068,0.025002494285746638,0.012781145905619342,0.01376495899348695,-0.06576564097126465,-0.040424698114234166,0.013282366714868621,0.030728063278664407,-0.00044706753446378664,0.014880479263245688,-0.027091248087850996,0.04087860252224429,0.022738883816017002,0.011150031046007867,0.0066913294104475165,-0.0891762059920358,-0.04466383611635045,0.03068818110043359,-0.0035459128674109604,-0.002882667550812547,-0.049720392632344915,0.007076715260057829,0.07628778942125243,0.010472124166205026,-0.08611398929553393,-0.04031068395315619,-0.0073538220521711965,0.047202393577764463,0.07758551831303942,-0.000617047272251647,0.060647670665440086,-0.027879764670074376,0.008278209045593172,0.017777277061293208,-0.021562277346316355,-0.008070909523111945,-0.0016864230112082518,0.05547997057474131,0.02667487686859202,-0.04496440825279713,-0.013674447420316312,-0.02080217570925951,-0.01676909046530667,-0.0023521258212265204,-0.0026581071215557336,-0.03124801732131657,0.0304340904608764,-0.023485001735433685,-0.011551381270562397,0.03139671924335602,0.0181145349007897,0.0625958452709841,-0.03320752942361807,0.008877209281729812,-0.03465647034847962,0.02570638988540177,0.028146882567796388,-0.0009911314357956252,-0.03209367267353553,0.04576388319683019,-0.019757296358849964,0.01065927995249191,-0.03131657862121673,0.03874735528632457,0.058624807876444154,-0.05679589997077132,0.0043380681209102085,0.01529825613612084,0.0052276090014593156,-0.010930314351232373,0.012955338243192185,-0.0014370254810399054,0.031158485925770675,-0.021939774502986696,-0.01494189584412087
GH43_34,-0.01794536761033582,-0.016528367754219793,-0.029530321467469697,-0.003743746936786622,-0.0021050174634979395,0.008592684560418147,-0.024266569009087236,0.014014471506312666,-0.012922262153788366,0.01082617076010384,-0.00012294760026037546,0.015370474187305505,0.029579826600121734,-0.012680085975684055,0.01359525965984227,-0.004210816138642071,-0.003125345765941827,-0.018311918501834057,0.0031738285188010213,-0.021404066712974724,-0.020640779948278613,0.0174839432651454,0.0033658758379090264,-0.01775448677876705,0.0083027221036817,0.0018825299661703644,0.015936793910039663,0.026254372767693494,-0.008929546435288855,-0.007526046602579239,0.02978206689218226,-0.019759192370390546,-0.0016183730791227025,-0.02831666534481311,0.01204646458948405,0.02385790244398808,0.018863456500896363,0.01774934784233245,-0.022333033889101513,-0.0016470658795877339,0.0032783650362876488,-0.00164381110035123,-0.01263342026185745,-3.541643473598703e-05,0.023539752547164706,-0.0039013934059353187,-0.008878467204503327,0.015749928993215853,-0.007512022640381531,0.01961879818841854,-0.0004886466138999562,-0.010255612862985217,-0.014355502127382696,0.012649882171943924,0.023972072257454295,-0.01130763700192058,-0.005891251975046269,0.024170319509603893,0.011549713332000382,0.009748127475429153,0.003310697932289396,-0.0034241248303250493,0.011077281303881047,0.013556422239787435,-0.018779484679208213,-0.0027523667492851305,0.0029271207496846265,-0.004991125121848253,0.012643946727730629,0.0037430748161348397,-0.014990312361830188,-0.006891168732872114,0.007569292955507568,0.01250632859474639,-0.0017977253085755662,-0.015779746131438167,0.005313379374092,0.007911795495775692,0.012414750755137715,8.346222178397395e-05,-0.0019162772544197566,0.004885775474301946,0.03249436103996194,0.006523896337716288,-0.022549284625800217,0.0005553677119111382,0.003120949831054917,-0.004779845881362429,-0.007926345098960204,-0.011491439207528542,-0.0016534722285106455,0.006517206052198593,-0.017572115286214995,0.0029639120242895894,0.017103301218953162,0.00699670824774679,0.007102688821920823,0.003783933358688012,-0.020578766384654952,0.00098827121776603,0.01037883029312433,-0.0012146887163543402,-0.0052672006297620755,0.0016621646384257479,-0.025382985720915942,-0.007666399977684479,-0.003713260719294602,-0.0035287781500969065,0.008000003194689652,0.022954053009768962,0.005270067874646119,0.001079182778660977,-0.011903393357399114,-0.02709315014335647,0.014458503785098959,0.0023217838146433415,-0.009854102782171494,0.0018123444713447673,0.015758037338493475,0.01758895701484629,0.01053489613988836,0.018381681400306403,-0.002641805456348221,0.01877621057988638,-0.0020585359580741094,0.03392489084880789,0.0007816572146776119,0.0056410860104601085,0.011416964378145504,0.02228877378205249,0.015255105759913604,0.002518314673997489,-0.0037850320743842017,0.014315229325359292,-0.006714469432708223,-0.012486774530061535,0.00524672446392525,-0.0006317530030384183,-0.001373740531862944
GH43_35,-0.029733753219978343,-0.04785589940269604,-0.04506849078357094,-0.014884063623208354,0.01095872235934066,0.028980254338287895,-0.0809125501870674,0.0006137085624516868,0.016478186674380727,0.029979129975982854,-0.012687579479776325,0.023844313927044135,0.07502829128365128,-0.008378743092290036,0.026853583868125384,-0.013665669307731625,-0.01514629673798974,-0.0816074954589278,0.011261046834507045,-0.053936787812042086,0.017974705977589718,0.05334096068216133,-0.014149534428104897,-0.004378967622889039,0.02975222754932442,0.013728864574917106,-0.01530901905775642,0.04030234503149474,-0.007339967286787086,-0.042052292541487374,-0.019543145719840314,-0.0468998692669473,-0.016149997826473937,-0.0557875024488559,0.0645259393431549,0.030337728954860085,0.056219050683662036,-0.003648076921496751,-0.04916150813924571,-0.024754729344360554,-0.025629005051541694,0.03374838524473834,-0.028983521768950457,-0.030816604234953106,0.0070770526936336,0.0555798366917064,-0.030507381882225234,0.011099535811775592,-0.04037338898436317,0.06480007539701764,-0.013100955687621893,0.0028356510671349307,-0.00016870955834212878,0.04585886875221172,0.03719134759224481,-0.020461094987797187,-0.019196984866348372,0.011047405674093014,-0.0047789072594005685,0.015165843852609018,-0.03641964898017446,-0.022693464359851506,-0.03647201061265319,0.04359768601906119,-0.021826284958038927,-0.03739367396011806,-0.06125342841765923,0.038938754173703016,0.050002188363947944,0.013410334330269722,-0.05565615556274859,0.017503897724838176,0.04897835578317425,0.00828959232033025,0.034919014500276575,0.021402171622419718,-0.012533323808171855,0.03036482262209664,-0.0458838352732367,-0.02466554045000487,-0.026579911073998295,-0.03522493762661679,0.001021852358778528,0.022636122319169973,0.028991577768985838,-0.02881645665955761,-0.001777904577696236,0.009536200055000025,-0.019656070127815763,-0.05844945539865983,-0.09052812412845924,0.04260530962315895,-0.048434967283473754,0.03133845605009658,0.061493656321525106,-0.042951130189589695,0.016670391276210107,0.017595226181285364,0.031713207660644935,0.04371545119492455,0.03784358493491549,-0.00027565419070637654,-0.022474702959584873,0.007877141959064521,-0.04085609437333091,-0.017430397160243163,-0.044147407289308056,-0.08001407774813747,0.02116118971606835,0.032798539809086695,0.04965587893696883,-0.06084665542216824,-0.02915797332795579,-0.0251174568207606,0.012500874189953937,-0.02345944691331513,-0.020743847317194034,0.0460827696545257,0.0350432056324491,0.01269825506940284,0.05558695635441648,-0.010951301770650249,-0.0179796731870467,-0.007466844172118022,0.02425450164345253,0.06999335059727241,0.002052049378225623,0.005689092770153954,0.05197128138227822,0.04041981391895205,0.049609477709324896,0.03334707540698087,-0.07313719386184783,-0.003863519569791185,-0.01511290676155927,-0.04740272877356708,-0.013767073144283222,-0.008777938152861675,-0.01243882292210738
GH43_4,-0.023614111996498054,-0.010115870732656096,-0.03661173788396467,-0.003359198438420847,-0.017642496602828742,0.01861737703430751,-0.034604321266879144,-0.012653863286111757,-0.010234061720913767,0.00777197464869399,-0.007424819594022822,0.0075897525243731195,0.01627376495633201,-0.03842467246224556,0.003331169766589486,0.04075157345224555,-0.021216904840209584,-0.020778324032085058,0.012867975649451312,-0.030315468139161944,-0.020067324934973756,-0.003447956398021927,0.02407968914938839,-0.027407139879075247,0.020138610078399014,-0.008370428465678674,0.019792879662497608,0.03466664899787349,0.022452730458193265,-0.0032066916819711647,0.032073736590019934,-0.0498050197505908,-0.004508237879233134,-0.009431179112111915,0.012889219308060945,0.026476117539197323,0.031514945464513694,0.008142405451982707,-0.021306576874239286,-0.03766557961916431,-0.023087461608719478,0.0027956503494332608,-0.03605651210436606,-0.026243204831965444,0.059451777381086555,0.009563196132785372,-0.017320165169728258,0.014784271164233278,-0.008191171728766449,-0.009865190017870791,-0.04192140757063383,-0.008886176108537128,0.022745844191340944,0.020791826386468405,0.0432788927599571,-0.007412517098132247,-0.03838778284558017,-0.0027590610963472892,0.0060037710495866895,0.029988514190325593,-0.01630581612846157,-0.04188610903370783,0.007769315574170156,-0.001041318917371363,0.010774100933795676,-0.010923886800611855,0.020731123747861502,0.015661919769881863,0.00832487994222999,0.034581803280181615,-0.010711973304418301,-0.021377603400545443,0.01570952001147474,0.007051061862536639,0.027494540829986834,-0.04395620628502264,-0.02838745206096785,-0.007965783686199733,-0.0007026792145071199,-0.05177760257469858,-0.0070087019750436266,-0.026997048998606245,-0.003196850553825307,-0.016450534803032657,0.01803531383009374,-0.04343827440204023,-0.008221049892030699,-0.0031576051834455356,0.001412445143184908,-0.016082888311780154,-0.0030033671203604636,0.001848138619630278,-0.008183752051141479,0.012884215500268751,0.009771067560347036,0.02294635401098459,-0.0378164471383029,-0.025199444916142004,0.012716487911028775,0.03845710157866428,0.034252798938845,-0.029025226524606,0.0007742302989094588,0.03546072673479698,-0.010140767527452337,0.015492103142719532,0.022069952171308818,-0.03376420152785397,0.0561781448566207,0.048788903559423856,-0.018305183696276768,0.008539494978462573,-0.028016349444812707,-0.02707620324029682,0.026384319242279654,0.00990496162476587,-0.007953780423699179,0.02149181478157412,0.07032235451983306,-0.006108142581111425,1.65011252500154e-05,0.011922559092553632,0.023907655226099722,-0.019170390000889447,0.0004992683146484761,0.03131081323041839,-0.019032344633792952,0.006412430796749071,0.0581436147680889,0.051782972565925595,0.05162611492098764,-0.045327291062373834,-0.0036271256087812257,0.025791317673703247,-0.012146993626892429,-0.03425363974103247,0.007913709652631341,0.00120988103101169,0.006594279397614041
GH43_5,-0.028783290820984908,-0.03787552209394588,-0.04100358427609488,-0.012030317738092794,-0.007102167416236817,0.03927276910874275,-0.11623024669498423,-0.030178341230578283,0.023229755884773915,0.046803515010901894,-0.024260965925740334,0.028137759849308466,0.08564245648221509,-0.02277778175855092,0.027299174016316707,-0.0075503700373282245,-0.01817179390453935,-0.11145526393552027,0.02752448997558347,-0.0691223662643592,0.0549766396312916,0.13689476453702146,-0.00594613750110481,0.006480436661572768,0.06280152083082412,0.029352462041393138,-0.009292838043242895,0.09303429165083837,-0.06736872030166158,-0.06015888752630393,0.04123802708243327,-0.0394694477192534,-0.013230848723032792,-0.12187520800837263,0.042411029231678485,-0.0031958174993893676,0.09855536317329382,-0.039043812634744865,-0.01772839020499755,0.012132328762068038,-0.056143089431459556,0.07872891038766504,-0.11269337079028381,-0.07593432608260844,0.03172360731017629,0.05576052645594775,-0.046958366640644233,-0.007365092756376993,-0.03414345712075699,0.06616776403424382,-0.032999625399649346,-0.05566077898020899,0.02803752760851563,0.03431203981558436,0.0904277293302285,-0.022406484701808293,-0.03359972964720293,0.0423725167953664,0.06056790479469497,0.0370767103651474,-0.026178536744567257,-0.03133109196537161,-0.04401371550871859,0.12494774258696009,-0.011741372720453207,-0.039846195183024624,-0.04705426342862032,0.03481737660163685,0.06537857737891613,0.013133411558086635,-0.04688235816564769,-0.01563469162928523,0.04332033223851378,0.0952803551549055,0.07114277084846678,0.06633649703302827,0.0049519394587711285,0.024725581739187576,-0.05875575826130827,-0.01443201803251025,-0.07332929380244826,-0.05041479884235736,0.05168074625138431,0.0890187105101353,-0.02118479333313104,-0.0085636767361334,-0.07015976065601175,-0.06274881357442107,0.020862751344999018,-0.08817522049584967,-0.11972627041347068,0.02107398183002312,-0.061289825916282265,0.059494983445374655,0.0868476049318531,-0.07311169446515743,0.1050396109947356,0.02333637354653069,0.02317036782983801,0.14234126627877217,0.01722320715088569,-0.04795393983542219,0.025940337161107323,0.029765278995178203,-0.05300096730440362,-0.03689612032464903,0.042536848113649404,-0.0848607222799403,0.02384691927763069,0.051613053095843645,0.0016459447359158446,-0.13628552785027992,-0.08220688422659816,-0.08983020781768433,-0.039824399048175786,0.017525849878285444,0.009135017598661971,0.030214448118482735,0.04456671420253802,0.01946758948350215,0.05762615618227866,0.025137385125279358,-0.03766211606725683,-0.007131986906723187,-0.0029277354722887163,0.03254612857434776,0.04535769189279244,0.05476018584935165,0.0002913426597038961,-0.023344748841793477,0.08151812352202213,0.013194212812742506,-0.04647086791175038,0.022140402261992275,-0.002579832463094243,0.027684441204894255,-0.01361221736799199,-0.01538807194828908,0.05189941676212054
GH43_7,-0.04902428520128578,-0.05274867362084475,-0.052501720960339664,0.04318419386867934,-0.11457895620149922,0.04395752965024098,-0.13844698836011846,-0.08593132333794902,0.017994554890138282,0.0445159700361616,-0.06705949969726001,-0.015337565671638326,0.08831743475884683,-0.039074802912317325,0.01638760085969029,0.0763315193951958,0.0016864591656025755,-0.08817311701406792,0.043238445066711484,0.06993244702393273,0.1527164940708089,0.1174632366353567,0.20628185591097245,0.022048773829535916,0.06101030298616363,0.0432192155818345,0.049021925663185056,0.056726549413040214,0.001683578994485305,-0.06407828192156081,0.09074366771184059,-0.03701378562422923,-0.005680120837762302,-0.12893383695315702,0.02527249896558453,-0.003167443613191534,0.12183689455266256,-0.11009194468448544,0.008957925121672794,-0.09319728167888823,-0.05373994260988845,0.10285522040844439,-0.15214530641439428,-0.06473914080778792,0.07142366896839905,0.13729363370407704,-0.00733622316329613,-0.007028836976925436,-0.02137779351057947,0.024408354936944508,-0.05431011644254069,-0.04411565802347986,0.014323273574711038,0.039738817174527194,0.12063100128968948,0.005301037875509092,-0.044261486249436266,-0.016272417721628192,0.06485123192977818,0.04435495448532124,-0.005250970662964549,-0.014485119100004695,-0.03247409472725051,0.05868972372298805,0.031754607773504105,-0.02404128446752272,0.048205581257531764,0.03529451349640259,0.05103954199044054,0.05958176227817232,-0.057005541400786855,0.020104419093664845,0.07250025739193768,0.0855357332233796,0.0888998039045813,0.059782095472900525,0.023931667797788467,0.04712722904769115,-0.05048544065023199,-0.19292664398045953,-0.008186391692478706,-0.050075836326417274,0.07345915740344405,-0.032899282182966005,0.07439891007230033,-0.04807729056954592,-0.05792881895685667,-0.060416879048956526,0.008720947888862556,-0.11922421618504944,-0.0608824593457946,0.06922156264746519,-0.03571760312051531,0.050460846005568695,0.1127225082456238,-0.08224752965233506,0.0879949741959735,-0.047893469416810414,0.019079467069190333,0.126916286827887,0.08319572328585659,-0.011185824642527004,0.020759383108669455,0.017699115461204177,-0.07112004406319435,-0.061786213546532645,0.07051857292362856,-0.0719119586274954,0.08395877111380272,0.014290822583836035,0.029248409435377244,-0.12136870844773165,-0.046480726383978724,-0.05959928394877019,-0.05852544405143199,-0.006153494313107147,-0.004691180978853013,-0.017864876355423547,0.02324105704143577,-0.01706297939575792,0.09494599443959752,-0.00037034246184450433,-0.06977005769955011,-0.09012869768516289,0.03386635519623814,0.025634023834961873,-0.011294726139716686,0.0036124374764503055,-0.031633708131053144,0.0052059368196075,-0.0018019153708219249,0.03568221854721138,-0.025169549652770934,-0.04655471311232516,-0.04884517274489735,0.017987813902395632,-0.03222549453584864,0.0006711943693539116,-0.010798315420320422
GH43_8,0.012460689670208686,-0.027174152978010666,0.0013424726297368995,-0.008890609813476875,0.015317254280681335,-0.02494857594665465,0.009064323100916698,0.01966294152637965,-0.010524578992311589,-0.030720026440701147,-0.023172325107328008,0.021916285028142142,0.020809854911881254,-0.002300763893925554,-0.01583958526835146,-0.019770880240880893,0.01780097340708454,-0.03565774462259411,-0.009809585607318986,-0.04718156347543536,0.028282310260717106,0.00780067001389395,0.004399541359582008,0.03061064862592684,0.024776188498982787,-0.007015189063748611,-0.035749000071166194,0.025934295326195587,-0.022322295735869104,-0.04271454359672569,0.006291622641190618,0.00045006581924253105,-0.01854648570516597,0.010258653606437795,0.012093783545530482,-0.005391086252437824,0.00317850626815761,0.013495972351143581,0.00962827458469912,-0.01345443868461052,0.025380670176386688,-0.013146537731290582,0.011299632420937967,-0.022329590927410096,-0.055796664021277795,0.004183386075131572,-0.022687809976243162,-0.0006458977913280169,-0.018219162659452715,0.07714715890486239,0.02196244034687685,-0.00984865174965422,-0.01974773113089969,-0.008800319535243161,-0.03678376480582043,-0.023525077347318214,0.0008564772398973892,0.02339546089871813,-0.003496712251020002,-0.006451361266991952,0.023628311244350882,-0.01079928298240688,0.03862562886613382,-0.012699188617688473,-0.03718477262597128,0.01837665536635598,0.003020041219277039,-0.008708439365200646,-0.028693288179824986,-0.0486696767981433,0.010324437466409696,-0.029667208269065482,-0.00883745698280753,0.009115339360668917,-0.01397087713079191,0.05132184794276668,-0.03674291282876907,0.0020008879630847493,-0.029138814890161662,-0.01609276957759543,0.0020773995282716146,0.0008975777411090176,0.0164648790227854,0.04801215606560399,-0.041292102785409596,-0.02332232696722976,0.029351367407891255,0.029121846060852042,-0.009285966420739549,-0.042348507214624555,-0.016127015783759267,0.014917400774446884,0.017394392940677336,0.02952269053639172,0.0022371927610254287,0.04162584398211981,0.003949114395280145,0.003685035296361921,0.007091454096227137,0.04254188780557574,-0.033274957283868874,0.04815946083359483,-0.02740771139242935,-0.055138946810532705,-0.016272328277502742,0.007123906200019735,0.02430242361760583,0.016277145229875303,-0.03242975764330887,0.015068954443681028,-0.05094750909996189,0.04331511113529102,0.012879728357830066,-0.03424791221253166,-0.008753370134523729,-0.02662041793910853,0.01708842381508447,0.010733501474425276,-0.006354030087033097,-0.019769550674577068,0.0492576300103386,-0.031037393117765863,-0.011443713539712401,-0.0073947719153872864,-0.05457079127773877,-0.02536766512050384,-0.014725190993634566,0.030964367223655424,0.028361242894268827,-0.057178137753949795,0.04607498494800205,0.004661484418806794,0.027322076992827366,-0.02129485695991171,-0.005446727957959972,-0.02291425370519829,0.014103419839482515,-0.003973023928042944,-0.025113598987409978
GH5,0.0182123642626608,0.03002826682130293,-0.01174364782061343,-0.03311500908506058,-0.012057820708537123,-0.0260904651827496,0.025314648260885062,0.010380502684114157,-0.010192982261819953,9.129827565450612e-05,0.006512250858362455,0.022480786462348325,-0.04307524471331301,0.00509154029091319,-0.024935852113064882,-0.004023429492339013,0.039390040056095005,-0.01838188367959806,-0.028832779122453477,-0.0006397479022164974,-0.012154061156216636,-0.006556855866058733,0.0012544498249719095,0.026427345704666316,-0.011747238449785155,-0.028816347810440998,-0.01328389989465485,-0.002872877545642846,-0.005186659996040709,0.007406540461685858,-0.0010725735886747182,-0.027701333447580474,-0.016250193321047015,0.0002628550949646084,0.004057101566665007,-0.016669936042628664,0.0033387644040700206,0.029466266442406085,0.01272517043913008,-0.004017064602002674,0.016782641273247963,0.0047750937330348795,0.007800738373620444,-0.003954971839324212,0.017610879725509298,-0.02143035049662755,-0.019131988928842464,-0.007223080162203901,0.0018657453615012105,-0.010831470235484485,0.016384477892702573,-0.004550342589475895,-0.029338238518499753,-0.01915209864688956,0.0023265029719414377,0.00722151066791657,0.003832340327628444,-0.013092897294784427,0.0006733947098628418,0.01258138515225822,0.012937289939117082,0.011334119334850746,-0.005502381001445616,0.016295302009420667,-0.0072090733596933375,-0.0036911554730134533,0.012582947733461277,0.011730168392137398,0.022856122722062625,0.006950094120782121,-0.03140780739437856,0.0010024512275321302,-0.0008009386134087213,0.010453845361680682,0.00938125254373548,-0.003779906772108558,-0.006374796540842131,-0.027396435319658213,0.01935631962551104,0.03453122936051025,-0.013440098993381479,0.03603811655976652,-0.002627599669933682,0.021261568731338384,-6.237947785505927e-05,0.044339174238171866,0.01638848576232936,-0.0016229229361981942,0.009978867559076897,-0.0031236733496228593,0.013501749837254527,0.016197687790281377,-0.03189089857804563,-0.01253365378254425,-0.02102630567450837,0.005241046511145914,0.01416698832445561,-0.009793698054800001,0.011878670751948685,-0.0008788970696007064,0.012358649328655503,0.00702769185617984,0.013157629899512234,-0.02593873287176345,0.027491915933364572,-0.0008894632567356422,-0.0054845925945257125,-0.019565421425824084,0.010153685176086617,0.010500032022794226,0.00631371143414421,-0.020753772731365194,0.005929060072239391,0.02256309635774532,-0.024237622177107065,-0.020564920840813794,0.0075336588709195304,-0.028246520388102794,-0.026134900584610626,0.0005487226616414002,-0.018706033106002582,-0.012669540182924217,-0.0033284455279584913,-0.012183243358650227,-0.002058170890675618,0.00037958405802226237,0.0032578444919670233,0.034318195596266025,0.008593890619427287,-0.008346725859778916,-0.03183909789027859,-0.0367616360224848,-0.04994942712473015,-0.00992236575767092,0.03637699325662924,-0.0017299735624850354,0.0030582247302350487,0.0022018630604419298,0.005833846915066111
GH51,-0.0031279275081326375,0.0006367752773526475,-0.02289409347392968,-0.0035051809177821043,-0.011640788948054766,0.010425291050127525,-0.008176660397721802,0.0036664435810786263,-0.015001604720931804,0.011367900169931121,-0.010245630052083258,0.008971316158658116,0.003051344272139628,-0.007935108807957234,-0.0059196291512340245,0.0038923627040130778,0.005951890682387621,-0.01861619078602504,-0.008506289188071765,-0.021100005810155392,-0.002069101204664587,0.0062049538564614565,-0.014226011008234583,0.0012320087811039412,0.00981143820491259,-0.01326631092846822,0.012339429161130918,0.02969029682026762,0.0006901124165587988,-0.028707629743796655,-0.00738919304044094,-0.02535645898859229,-0.010204662961379968,-0.015103119465564899,0.0028366404120519825,0.015418739500236978,0.013465095042478033,0.010562796618670194,-0.017003553210219107,-0.008316063069545514,-0.010222797114052643,0.003374908876718018,-0.020598863379767934,-0.013616309147130076,0.01816231481539232,-0.005705347309961185,-0.02210403066662174,0.0024397020720561364,-0.013298824152189467,0.017841847385585,-0.0005183760289731327,-0.016346708847046653,-0.008446365409454175,0.01063781477140566,0.011621856436647338,-0.006394282536944692,-0.010773823593715242,0.013538971707170283,0.013213089865428723,0.004198172667264143,-0.007532278400510752,-0.005635085586952834,0.011339959536367357,0.003754560531814414,-0.010112558945303598,-0.006368740742238151,-0.014248771512712498,0.005713399685146221,0.005440435024324262,-0.001774462458727424,-0.00936822500815577,0.005772087673187266,0.009162289364261127,-0.0005547892965236481,-0.005099525616665382,-0.0007782290416688786,-0.006158675511778193,-0.003281291245617642,-0.012559487822741522,0.008713992548845967,-0.0021988102694651926,0.0032372129876011373,0.01340412062546721,0.020363780980662473,-0.0028688310146809367,-0.01552745394487478,0.0020974957833929516,0.007255557938983855,0.012184485215007687,-0.03406695806715817,-0.009529766875916992,0.01388989594869277,-0.004674435749363306,0.0005388441874473664,0.018146648819398616,0.023761828940957436,-0.010293054839291882,0.02042668314441491,-0.015932473285204047,0.012684317125590643,-0.006178953689045129,0.00830148402046889,0.005810344336914794,0.003799123797491554,-0.019181572678815175,-0.0189170096368428,0.00464441287239825,-0.006589164033909653,0.01861470844003588,0.012185281407587557,-0.00898632583226789,0.018488211121168323,-0.0017450976967438587,-0.011296763262186876,0.006035762963286232,-0.0031437153221313355,-0.01252056014713266,0.011439694600813947,0.00027938489300933416,-0.014788438694750952,0.009143963935762668,-0.00853753034766626,0.009287418288668796,-0.007497271940233576,-0.007829369875379003,0.006903284217835526,-0.0029637243940880127,-0.006396343282174514,0.015896490998050572,0.014599537598555378,0.007727124820911335,0.0016812109226832005,-0.0033474843931001292,0.0009838766198221383,0.004633337064731276,-0.027862191778369655,0.013546361300812645,0.0015195784333769367,0.00807896878065258
GH53,-0.00017049990352620102,0.03377973985843483,-0.05123784770429028,-0.05739962740807803,0.027604036070662984,-0.02124290226308996,0.0505717519735721,-0.010106983389601285,0.047084512727214686,0.015718286918437147,0.005309587732523738,0.0521998066317936,-0.024963888224547183,0.04835779543898243,-0.01776833657567586,-0.06433396228621367,0.12927207283553346,-0.07712854985505657,-0.048098997815486454,-0.054986126566169434,0.0435435568688952,0.03402602405132445,-0.044776510473711395,0.04313331018605935,-0.022517888285039672,-0.04836391934265718,-0.040961787778526444,0.026836343475899704,-0.0693056513198574,-0.05409084459480004,-0.06260293295315768,-0.11335265760429312,-0.0778567879133187,-0.029681070513155994,-0.01935035808033922,0.03739265332691636,-0.05514558199343967,-0.02171477069503524,-0.10504048259628153,0.017808067695305376,0.08542196219164325,-0.07005220080407958,0.011495334143452425,-0.08496409493559678,0.047753409869111224,-0.041745647949495736,0.05413293379938695,0.10344916765738006,-0.14088766449218812,-0.0288180581316432,-0.0025432732981477894,-0.1070016575185128,-0.0743208778809173,0.030478079837614993,-0.007844379511037744,-0.020106232984144223,-0.08675768570359439,0.027518920296066497,-0.1155335788990311,0.06965072694818157,-0.01136142927179509,0.01881673191017274,0.05402957374024604,0.07946187455059711,0.029473480535103146,-0.07041191030734377,-0.0735614845181737,-0.18118469859073524,0.03686988351152621,-0.034555231773973266,-0.13601570356544285,-0.02646044673554708,0.16500859795577652,0.010177445756904624,-0.000604435427285375,0.05232580847070338,-0.16064964097112105,0.012617022514514263,0.037007534065450605,0.05351803461776249,0.01730426599018681,0.020785026406733808,-0.004600100828050831,0.09402496560424,0.043234483548055876,-0.03925018376481668,0.022627749535562548,0.004510718046482663,-0.028613932797105997,-0.017226882068147948,-0.028799059727223266,0.06340114230665088,0.015798537504942797,0.053184079016726296,0.041157341492657755,-0.0645297860544103,-0.023394817749039423,0.08562806443747022,-0.03316252658794012,0.05895856699155184,0.00421180017120281,0.07791191755061523,0.0685255687722371,-0.02380702239565273,-0.026041515199098357,-0.07935021678647698,-0.0529657410321266,-0.08149409961904451,-0.012002138425490975,0.054310268319466865,0.030230515045446774,0.03650833468161412,-0.2576881743957006,0.013162641499351152,0.040018077943674915,-0.07763485519643286,-0.006232591450737259,-0.10193085982598646,-0.07127364407250282,0.0014125603026569546,-0.07180558981525652,-0.015096739128693401,-0.035785311634964526,-0.04808471557459002,-0.005962171660688769,-0.10706085270539695,0.0018321244613298325,-0.03886577914740859,0.07193836489148744,-0.02503338318375563,-0.019706143523688442,0.04000693539857855,-0.03542240333165418,0.04395228714311889,-0.006703784946270234,-0.04492647320396389,0.09960646050502443,0.017699771789917704,-0.06403073824725597
GH57,0.008097026825084012,-0.014791415202741418,0.007467725692350054,0.012939664007803768,0.009256055895009658,0.004205649267147197,-0.0017731829115556405,-0.0024427615283256162,0.008491638310371365,-0.009799015011255569,-0.001101641367959779,-0.0005002424900950353,0.014628006449490551,-0.00060190360101741,0.007930320977540106,-0.00021958766125652643,-0.009100351352733767,0.012307149330727043,0.008684145379326432,-0.006286314898722364,-0.010982229925438784,0.013313905666414655,0.022968146958143684,-0.004503425897791116,0.008634419605389498,0.002733425995915393,0.013321828170639432,-0.0031794938889401774,-0.00854833863560431,0.01713364870875752,0.029153334732734428,0.007860540628999076,0.024686507884780776,0.005522109755282447,0.005982201264875655,-0.005973492955912555,-0.0013477523114194892,-0.016150852111096195,0.007708790853708416,0.005854581590171192,0.004233692575357928,-0.00759970996982181,0.020882019092310227,0.0034640719162062324,-0.0017112944923652524,0.010655390503926774,0.013687226882848036,-0.0011364897160223244,0.003956260642954283,-0.0005749825336378146,-0.019826172188773646,0.005636695906738779,0.022493355149567854,-0.008468445696699686,0.008804759005551303,-0.012442708341672801,0.008188182570008558,-0.014891014825728344,-0.02398070701020916,0.00662224087557498,0.0025427258049353745,-0.017766185098019128,-0.01707584407740863,-0.004333911519986339,0.0077365704887438075,0.007408052667589688,0.0003713485832016375,-0.012645004520620935,0.0036522783342963568,0.018084291332472042,0.0075931104129957966,-0.0006619597399018373,-0.00457983840596807,0.005831304494449687,-0.00018351269452637683,-0.01018846414977894,0.013996342081951739,-0.003087435676330028,0.013795847593369796,-0.02370716792760816,0.008283197861144748,-0.01253548290219078,-0.0007393155061522639,-0.00949840822141193,0.009391022528102255,-0.005503436735553307,-0.007832668413500192,-0.0025966139017872232,-0.008119693841279101,0.024549048936987308,0.010013863870627682,-0.019918373830187786,-0.0033216342044467473,0.017589927908374554,-0.013477620982599718,-0.002199215581156573,0.020725509995281662,-0.005928092671967297,-0.004242920770563688,-0.005137063029992339,0.014267166296740423,-0.015512644885924997,-0.00935791899369896,0.025011775181413263,0.006305532584221299,0.025268673521464457,-0.014902235060223803,0.004739746047562152,-0.010641532401738265,-0.003910012760571523,0.005295397373345216,-0.005713920579347894,0.0017729245172816847,0.0017196582104782427,0.011882432536621315,0.0006939431383244977,0.0016404148948067196,0.005072079138739367,0.009299940106600771,0.013007648843454227,-0.004917045384897287,0.0034900569978444807,-0.006116096789798924,-0.01150799065134199,-0.0021977480184172077,-0.010168637850358023,-0.009704547859486809,0.008010936284352765,-0.0028106616867969872,0.004872155381814249,0.004749514607480968,0.004747450577937251,0.008547098317921933,-0.0038480140959868308,-0.008248747709680917,0.007037696375291213,-0.006283408048353048,0.001644483308692102,-0.005575213531920803
GH5_13,0.03507969365461421,0.1273491887096092,-0.027060260729486762,-0.07877509650441046,-0.01618263146399864,0.08776817673010699,0.08176352223164889,-0.06025667807171509,0.1094754677283412,-0.031438922292533575,-0.09175029058592878,-0.055174732953760804,-0.11475484708247505,-0.04512293819467199,-0.07819825018397282,0.17303890660219223,0.0773778012460071,-0.0366544294506739,-0.03848886973755161,-0.10417810409728176,0.018568633687345414,-0.028935475796339538,0.036620686911870697,-0.010413570353658905,-0.040736830781046625,-0.175515821185362,-0.008473803056853359,0.008203298949779402,-0.10509443064912025,-0.020290737455726147,0.03928874469063372,-0.06456876443154527,-0.14425768096718408,0.01860006095042937,-0.13190562032292472,-0.042648359677671596,0.04877232073040398,-0.07065024549769075,-0.06611415192605341,0.03873313960241693,-0.062242862178031114,-0.04485014241305097,0.10097964332988735,0.04911628799975136,-0.030236343175962375,-0.06369417291154161,0.15401994685157097,0.027118785306728645,0.05041595097406996,0.052157293484384054,0.053792511338871266,0.015383545483095767,-0.07974777118893607,-0.13094426767199635,0.0136607987927472,-0.03562003625880366,0.09204739687809346,0.04715667109612048,0.142197014394027,0.004038662492973651,0.0455025445524962,0.10868180764351837,-0.12514564730945352,0.012141201798622613,-0.05104048311970824,0.013155617978430569,-0.02138641701951327,0.028100552075705516,0.11687225729374315,0.0005189689905396695,0.012727898888140493,0.15670296214576718,0.06913786435060822,-0.019576228468107235,-0.12047674659037767,0.03629017161752866,-0.023238405007725935,-0.15396439623638244,0.15054217297998923,-0.09153010714957853,0.037772320221858356,0.08678956938038632,-0.033482958210763525,0.0017302851439091017,0.07435048198566817,-0.270836434446847,-0.09660648147896998,0.10459965380581242,-0.08892156010587543,-0.06747942851427796,0.12863693329283704,0.07308152231302793,-0.007542798137083,0.180264986345996,-0.04693430918956583,0.04491020750047953,0.11365144385562348,0.15639277494218634,-0.07077569439039762,-0.07819905157804313,-0.0848375314054164,0.039601138792592944,0.11831230411888144,-0.0934999461372615,0.12632124226342722,-0.008256151086186526,0.0335602967604087,-0.11825992128929486,0.00489450063394403,-0.11132470038486768,0.05278611134828132,-0.0229181857671247,0.018872206559071156,0.018435431156597678,-0.18081969037516096,0.008375659980418625,-0.06759627141864337,-0.010894980404989959,0.014336093705545694,-0.0667175849595059,0.07233941917714987,0.2408331340642902,-0.00035181346538858344,-0.005337783311018693,0.00906150898888816,-0.05313850387996299,0.05859991798486872,-0.11893083334748131,0.25893237819610476,0.012328431202096377,-0.021240200980328788,-0.029166375093073058,0.03491927426429879,0.03943590344483385,-0.011673155347402186,-0.020411626539081303,-0.07879766034752253,-0.02539594993558546,0.09038424231268316
GH5_2,0.0041094467690454325,0.017521798912182744,0.02789882844011909,0.004243891021020801,-0.002310468238560933,-0.016420648452705838,0.01885822519831751,-0.00016519847749914195,0.00561958098471607,-0.023627001100082225,-0.006039215154165759,0.0029772453864758295,-0.01940813922458015,0.01952463809195821,-0.0013998270181850333,-0.031169251482707806,0.008968799886382979,0.03475074729899815,-0.0027480545178130045,0.013854940741160922,-0.023928075461127334,0.0007150687293529795,-0.011063146041767231,0.020813850445269615,-0.06666738716806084,-0.0030454354860532883,-0.007522033942390795,-0.05136266576472846,0.00040160080111769145,0.020174566234473047,0.02816139652234311,0.007976435847242449,0.00598797941523538,0.00950489046039955,0.021148042767628814,-0.026851524885408283,-0.01976468553519405,-0.02792123382439441,0.0030182092459676954,0.02716396928686159,0.005552025077258375,0.018326388483272046,0.010111593743387513,0.022083597709257725,-0.024314281343348846,0.008616390246290982,0.006990401509016262,-0.011317140434379347,0.010619275639396493,-0.0053673432650819634,-0.011138797460431858,0.0003934975600426016,-0.009976906580902441,-0.012113424624212141,-0.034485936542947036,0.012766748149085436,0.030739085363842993,-0.027201855011829163,-0.03031175801681042,0.012148360747075756,-0.006513804199408772,0.00645917897786089,-0.03151001077837326,-0.004020019185960936,-0.007250357722860493,-0.003735839591271715,-0.04142393320194244,0.007723904680837057,-0.010299724619090685,0.0256703725416229,-0.010111218592749884,0.007840514419364912,-0.03782863653719198,0.03410454000588503,0.006150897561749345,0.0003993211544735626,0.0005342898576535823,-0.030594832082347173,0.004025915676774003,0.019005294684796857,-0.0014698798324584092,0.005221202312292417,0.014707855465703296,-0.0028651280124927427,0.012264523027075726,0.008763478782912105,0.006757305094223658,0.019085497200187426,-0.006457886890001877,0.03308899040686468,0.022003016187665342,0.0024604663775639195,-0.06451084241768362,0.016407160773586886,-0.030947728799806583,-0.006459345948949176,0.00489558736016245,-0.04436788639364969,0.024338683192897347,-0.005262847439559354,-0.024726288823347202,-0.0067591020990365675,0.019379632737826873,-0.0029816331418817885,0.03699455500878722,0.002556136266944044,-0.0329005165078418,-0.006450629724587799,0.005078046512490736,-0.020379576289858908,0.01755314772885314,-0.030257836691484952,0.04510465839255846,0.06204034270767526,-0.021656191850631033,-0.04368554790151735,0.00664772866447566,-0.04011310964975275,-0.033771247620237616,0.038084452377528236,-0.049067195875582635,0.00623427520232642,0.021143748552437253,0.019494075296818313,0.01749513816352169,0.0072194513421431124,0.032621638550174574,0.0035582203439978835,-0.027136752384351672,-0.006319336826147423,-0.0041123245917260715,0.02676360961536314,0.0081442293701238,-0.0144200692554731,-0.0002687676473084625,0.014689555997724004,-0.032839550821180286,-0.0021405506887889336,0.0258588490681625
GH5_4,0.14437708279043754,-0.03658941876967125,-0.09633186945293282,-0.20287978168352944,-0.016294330336113015,-0.15121531326619853,0.024071665158646057,0.029827342048693573,-0.06436631362597355,-0.011669930474302674,0.006774955703875687,0.062348422774557696,-0.04998498563888778,0.09879533975778296,-0.11832370175658008,-0.10283107099195524,0.2322648750389009,-0.19829092822952676,-0.17400095303513916,-0.024915513586525502,0.12966758887825372,0.027587265746617455,0.01729115762000984,0.18276018774329014,0.10573814327134595,-0.16669283789271866,-0.16705220198975168,0.008145428924594201,0.012087247957194912,-0.09328960950671619,-0.0405067191132896,-0.13213132705551617,-0.020064262271646625,0.06899844843157565,0.11683168178826431,0.028592110473836817,0.13489823666797177,0.061435972557278715,0.057512251879494526,-0.020252183385741456,0.01081409439489853,0.007601785887086002,0.11715083096262635,-0.09726903081179089,0.04123820911562053,0.0924900085225204,-0.09440684642037468,0.08947974736302562,-0.05944471770591647,0.053449520187293105,-0.002049972582200455,-0.05398508806187662,-0.09027359404185742,-0.0039197942153154355,-0.040597686998611236,0.1694361902424282,-0.08529205531063971,-0.04616946298522791,-0.07183582933128732,-0.06812840286057677,0.15537676178228332,0.03955066919482207,-0.12839741894335538,0.06550471090984349,0.009436120076361578,0.056432507468695686,-0.03986417775320043,0.061757076367303966,0.04923687761529395,-0.02021013768492198,-0.061889512500800006,-0.04128269885555325,0.14566020834194635,0.015220093253210096,0.06307906669004527,0.08004121785002151,-0.09998414777937575,0.03374227093163785,0.07211702550985624,0.04519108343828766,-0.11574189793082093,-0.009156043327344252,-0.05926467403036749,0.0963920999594805,0.07052027747053037,0.19153940863775487,0.04655668914033212,0.008722939093671977,0.09614650124524908,-0.0027181192681365106,0.0658334879371669,0.018022629588862915,0.007597470552617578,-0.12868530114016563,0.021443704560791078,0.044184073765516974,0.20329176852113381,0.018344863454215963,0.042126744359460684,0.05215768988586042,0.010077566546411596,0.06190182480180181,-0.09393784520584429,-0.016048054818660007,-0.011233186561070975,0.03579169413988955,-0.08367645876343892,0.01978160308673065,-0.0031439860737965597,0.1432771998420766,-0.08195881668502014,0.006727600428973563,0.028271789508914184,-0.02259264806849645,0.03827583937435608,-0.1359797554850569,0.055675408542178194,0.05643607293332265,-0.014917953646924938,-0.1306227136380015,0.020107534838757563,0.03840126504548947,-0.0024918045062286833,-0.15263524498404932,-0.02031514652036672,-0.016009293899059227,0.05835172580637755,-0.06393456284803269,0.02012019313499987,0.06731084116576547,0.17612697992094634,0.06774379189527321,-0.05830529168683297,-0.0069356295700889565,-0.010803111478688534,0.13251894994031674,0.10863269979290303,0.032340780670633805,0.05576708577440646
GH5_44,0.03106774930118166,0.008545287973179019,0.179293245219004,-0.11305939500123507,0.01217227242818499,0.006719816907599462,0.07252923329970747,0.03644502846961553,-0.029375214183469278,0.05216580750773432,0.0555630125328815,-0.17657923498412306,-0.05544381274640662,0.02202603631267727,-0.11500959363270377,0.17097905204123173,0.0050410247638509684,-0.0033243490504536455,-0.037524196938952044,0.2588504401429477,0.03912150186529491,0.06897666385508572,-0.00484990735999715,-0.017740952579876994,0.11526668897959541,-0.03018606057427862,0.04636898007080668,-0.1421058804450158,-0.042488978319321156,0.05659144035268446,0.15146132398438938,0.10108673245344331,0.07047472146638616,0.01826807330751096,0.025983773240203713,-0.06600983266356243,-0.12768048207158508,-0.15868296420224468,-0.051611429544058535,-0.02312795431138652,-0.10896354104626242,-0.08641548838059974,-0.02972609103668465,-0.10202397276661473,0.009604530794713597,-0.08284363184617705,-0.007590217660197148,-0.025894813372411778,0.05281626020719502,-0.11006563362256072,0.12606557119238818,0.10152856929223061,0.08753814285725398,0.035714538798173226,0.03982994335784948,0.03652452192229526,-0.06308983688101293,-0.07876161203774137,0.16691680188631644,0.04149802643109988,-0.06421402021635023,-0.04099528092134121,0.03978767943094725,0.01119237026504848,-0.036321876589543056,-0.09810772417261737,0.24198683137588128,0.05007040390999565,-0.08244114856974509,-0.13289689471984348,0.019826240113903992,-0.04474309169218735,0.06860991905732336,0.23180209621031642,0.0569271787613106,0.2388182542416542,-0.20651929370954797,0.005005934587217294,0.0759078750042459,-0.16294123827216414,-0.14935340669076472,0.018378724606877107,0.12977662578818872,-0.045372084660867756,-0.0019896176737578637,-0.04932264514831035,0.07099588822774827,0.040773341024945176,0.17944428011751598,0.04123460569344299,0.1169166173090985,0.02572223756726812,0.2400941155166568,-0.025632161031054347,0.12017903004705141,-0.02040060390552895,0.07833237407985573,-0.09851583327557784,0.16374148337276243,-0.1275759577494446,0.09443743835804748,0.036498153716098915,0.07262788377455469,-0.0848668055209168,-0.08867544057579096,-0.035522761858683805,0.20357457317356706,0.009634024440850137,0.0375813627137614,0.08776865738755683,-0.2149609979760889,0.007408417958191358,0.1305093926590543,-0.04256416479300116,0.15061751199162943,0.1892891288438098,-0.1632492646105322,-0.08778536000571284,0.004834285003790781,-0.15095271603686725,0.10027174647856084,-0.06005530878563137,-0.10509451875408901,-0.10374626865039484,-0.10795512566771492,-0.14072274353619804,0.15602678794093985,0.0837207888100923,-0.08107455648128484,0.04273863973663087,-0.050210323976740565,-0.21871539696529402,-0.10162969788107476,-0.04610662970634989,0.05877207542371564,-0.01834659002635931,0.15955715242537521,0.1393211285294344,0.02608047618391026
GH5_7,0.08924643836983762,-0.07198276493104559,-0.01416099947717999,0.02038347349241374,0.1514405677838965,-0.10726344825263644,0.06072070972937282,0.040775671692164964,-0.11334647091762019,0.0044423583105703286,-0.059356932520079946,-0.005769339704894259,-0.0015992943373651035,0.08206893945705163,-0.0981671171846525,-0.052106192521870646,0.17065343249491383,-0.08204142570138048,-0.07689621581765357,-0.11149981038049224,0.07406061217477916,0.06078572354860919,0.1550588830302452,0.12070417393251792,-0.08437847878209723,-0.09043995061566464,-0.14557497069016742,0.26340066327675404,-0.2404236668016978,-0.0607321263183598,-0.09060836011042427,-0.1258049242959877,0.005464098142620967,0.0887833991877747,0.11064942005477754,0.0929706317525433,0.13651412592950612,-0.07086787952531207,0.1105184258855731,-0.017218158137362542,0.08912893584475878,-0.12899745586367306,-0.01609340058470021,0.09276998358091879,-0.05433705112242844,-0.15306583983497654,-0.06862691270268442,-0.046685196736106306,-0.22345412226460726,-0.07817741165304368,-0.0408219430282265,0.0902407438152367,-0.07380096330134515,0.07804900023661618,0.12288159098753444,0.09722834302517926,0.021830369375469637,0.023963811492912334,-0.0003908362010152137,0.05717443441449246,0.13163585608315323,-0.05808670076877881,0.126192450381727,0.0799511567381687,0.00897905097254161,-0.05581147295210774,0.0342289012397891,-0.18478264306030565,0.06490159835759449,-0.22270917167812926,-0.1736943825033942,0.06539143469739832,0.0299797893221442,-0.19875632094142523,0.18716991024291552,0.10772428536064299,0.2127350019692797,0.02609281014827743,0.09602872129925663,-0.14142483489201652,0.23900574635158942,0.05928357874284885,-0.14400554865753992,0.10576802300219935,-0.13800868506188968,0.0710287231937277,-0.0012940935340882591,0.13459052899427024,0.04775693128620499,0.02745684276727266,0.11086184414036439,0.045397409514929266,0.05590216725821202,0.06370361143716566,-0.015839860890467718,-0.07130993171971724,0.10571180828861074,0.004883305354569678,0.08388121480194274,0.007120677021179061,0.020911747435375494,-0.023659068367349993,0.11288152687755658,-0.052923469104121,0.06819907382236924,0.028139169802194667,-0.12320811128494957,-0.09696388587415561,0.17663792674619525,-0.02745836405963279,-0.01666857999404239,-0.17707962772346264,-0.17329307161739813,0.2606864765774249,-0.09635620216198164,-0.1541679572061764,0.018611381809535327,0.11161952256125661,0.037158913180660356,0.16406446736317487,-0.12164703000789993,-0.00474389979088575,-0.18849726674811698,-0.11132220772340548,0.10841424687044686,0.1389889948099113,0.11231072844858028,0.0666889837960848,0.00921039908618835,-0.02984660090205505,-0.17159555474802776,-0.012754071386323063,0.09083725785077333,-0.0465075768442969,0.019795405248870898,0.10864734116644494,0.10026499118587749,-0.05318966733344278,-0.003320044134555777
GH63,0.016732087056618897,-0.0012458468144164502,0.010891023365428338,-0.011940067327966134,0.023078472634445124,-0.009865473084742893,0.0180399670971821,0.014913188250579794,0.0009876312710293013,-0.012642330965320485,-0.005256111122953798,-0.010577322175725474,-0.0029612082680432264,0.013830376875555684,-0.012954677874922714,-0.016501970993581395,0.008665198216256621,-0.005272607288169137,-0.0024710215805184127,0.025478652094031218,0.006874408263322597,-0.0018162646317435103,0.010872265211258635,0.016057507547151652,-0.013041790028296772,0.008128616700916382,-0.02408039791649005,-0.02786175306478392,-0.0013596763405097142,0.015985321830991918,0.005215228573067937,0.010445055746920756,-0.009608708658906657,0.0015854939623345591,-0.011311062182089712,-0.013779602372158507,-0.021159380381320342,0.0033894117414332192,0.025072258789467033,0.019436095836692674,0.011161761548602784,0.0007305555226629839,0.0060373162602507585,0.00562010978526739,-0.016564681728574584,-0.026486177402452075,0.0023393110823082155,-0.005273211757049341,0.011217443092862068,-0.013290163401413455,0.004021329000823399,0.005685042263212816,0.010838703477100893,-0.004102526099081086,-0.027427976882043896,0.008029985443677418,0.014006410473800857,-0.01468237191419152,0.005170381143790556,0.002905705696564976,0.022512539546333536,0.004848999110189384,-0.01495002635296736,-0.0010914969350957046,-0.014524879443890366,0.00565213693034456,0.011757848194185119,-0.0021554409879403023,-0.011600246101313416,0.0066077439311352714,0.0017712137240165314,0.0016878854422903305,-0.010419554473762978,0.013427853018912004,0.0039597721589143655,0.028687601675928813,3.7417663820412536e-05,0.007184482148948852,-0.017108560467644,-0.009118561447637601,-0.0016912304587403343,0.011679319382995691,0.009141337929118323,-0.00042333944934721325,-0.023631120480208916,-0.002098840298183842,0.009600026564165733,0.004717338864334116,-0.021170086760860973,0.02180939983127925,0.007813276533200611,-0.007659849434294412,0.005773911711525087,0.009163351381745139,-0.006406294975164275,-0.0014493092283684515,0.01018568981945144,-0.01269023653339251,0.00833318409106527,-0.012227035025345584,-0.013489778495050965,0.0029399877350087793,-0.0009674244648714914,-0.019930798480872553,0.0003534884124106207,0.01691986664143653,0.006800951630194983,0.0016297315376452301,-0.023651499611825527,-0.010725544929220983,0.015987084502296467,-0.010812680854010893,0.0071203219133330565,0.02946953745374586,-0.028907904409031952,0.0006639792651021802,0.017591834977394114,0.014653371557722457,-0.009860114753082244,-0.019627569059641563,-0.009221135655376663,0.01636347281949766,-0.004495965382682582,0.016603821600180414,0.004355699267924232,-0.008702137831048834,0.013856466433109524,0.01204690369875502,-0.020365257730997264,-0.040416005650657116,-0.001309948175207713,-0.0014335466394158,0.018403443959700536,-0.00510090121054752,0.0004334840256079592,0.01447434734231367,-0.011624314179610608,-0.006086701244021204,-0.00589679532108429
GH65,0.02308971005042108,0.0009233223460380353,-0.010865338134003788,-0.002504147562067957,-0.005301820853819028,0.003974803129596172,0.0584577424538269,0.024542485202827192,-0.06214577275493545,0.030461038935629955,-0.011103970912393976,0.033382641655421715,-0.012796663144631593,0.022409958503076945,-0.03851095495261904,-0.025837897411677278,0.07920011022767318,0.004603987734193237,-0.026873537585001796,-0.03292881908636753,-0.00339444216520273,0.00901841505298541,-0.04394033033936835,0.04652747629702601,-0.025939958958323194,-0.10616999998588209,0.029326594603252393,0.006521071637354867,0.020748295616777625,-0.046026955187761315,-0.04318531435116418,-0.06535241430046053,0.01861953267705774,-0.056700395125642365,0.01716935871331728,0.029451286143903525,0.04026090672716837,0.021333386022912477,-0.032791839878666275,-0.0021813151972476866,0.025516842979103616,-0.0029693388202141654,0.03799800592643511,-0.01930381081208115,0.020992086388251868,-0.06963696467297086,0.002033660384300044,0.04968571879610798,-0.005889954190528329,-0.056301454708984774,0.03536963814545563,0.0071492319630484195,-0.05977101509391392,-0.00826596284195278,0.014066656926556873,0.0006834945102167728,0.020772400104894555,0.03076215091045277,0.060675289470516994,0.009253989424272937,0.02764413232585098,0.0209246838350639,-0.0009912406305755091,0.010243059520668524,-0.007370858936894482,-0.08412983983690828,0.016928752624687925,-0.05553059822357483,-0.022034463538121503,0.011299713333953186,-0.0713252949073784,-0.01864214938045342,0.019633235070399387,0.03882479643357084,-0.0503792262499236,0.030920749647630513,-0.043601234101584965,-0.029170157059198024,0.018441398041230316,0.01907526666295543,-0.009959971447209098,-0.011232157433743688,-0.0523157245398152,0.00824846699178078,0.033095011006768545,-0.006991005689228528,-0.0057374090405752235,-0.021047563202607908,0.013947637088199849,0.009873621061813926,0.033551641278674736,0.0038763310030123393,-0.00418809952895564,-0.05956743743219178,-0.01839069531258014,0.023120853905201307,-0.07312752269106239,-0.027105063511017415,-0.05225694522979733,-0.019738694451098753,0.025587083449227287,0.031807638531441536,0.024718947173950654,0.01018891979253686,-0.03143037121494608,-0.024748562837638467,0.024590473197885713,0.03592767813684422,-0.022203560827166548,0.010460355533342954,-0.042902409492541635,0.05020994036394483,-0.04784557904148006,0.06289804832944307,0.010981591955211392,-0.021758357201026028,0.0027313524753514655,-0.006784810352839699,-0.005357161437329372,-0.03533078894361609,-0.05576369376910961,-0.03561970923971831,-0.026927759199954087,-0.024684958465157062,0.00918001817441725,-0.029997080019417414,-0.03976827533438443,0.05681531253837087,0.0042908142532701865,0.008078306367635955,-0.0711055211487471,5.332618856067378e-05,0.05406402096369045,0.02658046058909072,0.010464835971346134,-0.018377794569820114,-0.014998201351732446,0.043666035238882496,0.05553752164164952
GH66,-0.003036846622151109,0.01894082161181358,-0.03374347223191217,-0.04139668765265059,0.003116622776819978,-0.002415848655520701,0.056939594332890336,-0.0014446366703038834,-0.014615825587745658,-0.018735463211298552,0.014743237273873397,0.05163528887715763,-0.033323368811065596,0.03010181786310679,-0.027586382867296956,0.017005177178281237,0.09226262163410433,-0.007333954902980548,-0.08796828064057692,-0.04660332834879169,-0.020104052398495574,-0.034035547369697876,-0.03807921588210458,0.00628519902225098,-0.02198219630986949,-0.10644135899477529,0.011924222359657451,0.05662266048983874,0.05131179019315084,-0.012702023204662493,-0.009484135258938872,-0.08574785210066567,-0.023630603694261978,-0.06863517204798684,0.02726050575383332,0.0026763692437823785,0.04563934039720575,0.07354661729633936,-0.039031476513688046,-0.04717741756591941,0.05826616488167606,0.05284590056932342,0.029998188878897592,0.03797956376468396,0.003356261841126903,-0.040583988481989734,-0.014412008792999047,0.05710949962672061,0.002835154848317248,-0.06090433255075221,0.029554578425168003,0.016593621796992662,-0.04457109266531329,0.00324008408031465,-0.012955759398648153,-0.06388665297668888,0.005640211341511762,0.04326529737135381,0.061775680776677895,-0.016051253339331627,0.03278063107229127,-0.034021363511792024,0.027865682979728718,-0.05420899066755608,0.01773197075071649,-0.05290717274218982,0.00509346147106033,-0.012866820406001072,-0.038424170574038546,-0.023953422545969497,-0.031744990565542884,-0.0266420832115471,-0.011811058125287942,0.05665821169158872,-0.019475591712768574,-0.011092677662252314,-0.03516168016881693,0.03739171109622625,0.04813778810496484,-0.057958518037153926,-0.10515702159446175,0.033134618593680394,-0.10395292708934124,-0.008058168852774206,-0.07396098225433513,0.045732421133667815,-0.02671500802159879,0.021085681449334634,-0.0704914511075084,-0.05078190004859529,0.0008641027806328637,0.060734096654499026,0.060594711145216945,-0.07388214366645852,-0.003316976962508424,-0.016979893444006963,0.04928807269355876,0.033434944280750535,0.005721238920618501,0.012381207305818338,0.05466578148748989,0.07421549186566255,0.04415541196265311,0.03971171070014484,0.03375887513123285,-0.037693407427526575,0.02670621990551458,-0.05293719146533061,0.04138027007466794,-0.0785588945858176,0.00594927357671914,-0.012352416310589906,-0.09397532443406313,0.08322222301041157,-0.012429590543966309,0.01988710894402081,-0.08739828922482593,-0.04860622865736302,-0.013328674947279025,0.06375546040220169,0.03891927150323137,-0.03310516779917397,-0.10039848257052142,-0.004075004521686611,-0.026280337234938885,-0.017065018702698345,-0.05851352030073392,0.021232729620800354,0.0670242003730488,-0.0803069641142956,-0.04450707816397625,-0.034972480253261495,0.005118667237661786,-0.010679800116726035,-0.03787463547688097,-0.03429602696609578,0.08619027848058011,0.034035882909714064,0.04539038578739553
GH67,0.00496183019663852,0.017153453502743193,-0.01348707117121064,0.003535820596815528,-0.028177673515057386,0.0022768182830245486,-0.009721051457608364,-0.007749272332981815,-0.019236491163884244,0.009346983093563436,-0.0019302803234976787,0.003149560604470089,-0.024719647412350776,-0.008621722923158914,-0.009626396900189273,0.008176122027397379,-0.004865355534714366,-0.011020377649191808,0.00040516029469216857,-0.008120565359997093,-0.00048109367427498105,0.0061666088212135265,-0.023676569861485253,0.026650459123255022,0.022823123566814332,-0.010105138434088059,0.045736690288205144,0.024130160162540937,-0.000787539953151826,-0.022632843795172625,-0.007748922488767984,-0.026945478793590813,-0.002665514589873939,-0.017708048587192455,-0.005161548557218677,0.004571871057049571,0.015735806671905148,0.018758982899354334,-0.015492328756859642,-0.006853581184942969,-0.01978501858394788,-0.0023422685744200183,-0.018574163504342357,-0.01473621616827695,0.04452564752085095,0.004479102218645166,0.004493158908362366,0.003339307759778397,-0.008891112427550796,-0.027557826936201388,-8.175951623957465e-05,-0.006168582270285285,0.0016108857964613704,0.003023438586767808,0.025772193993050727,0.002822555284840658,-0.015271112476599253,0.0026885055242827785,0.009961654366517454,0.014101617541331248,0.00811242634665601,0.009270389531946746,0.024075183871586636,0.0034767397149261486,0.01015734202952156,-0.00672486202083646,0.022107993021942718,0.005117940970760209,0.015464555448634601,0.003934240890140377,-0.0174445781353342,0.006823390127037129,0.013814124807156774,-0.0029872654258665207,-0.0010040302090249034,-0.0029035348127781167,-0.008579711129009208,-0.001337513230199314,-0.011151878168759628,0.035550329326132925,-0.006182081954153684,-0.009683746115753719,0.00868233257607645,0.005979443657092899,0.007787414307184634,-0.04052646438026135,-0.0007647321078068255,0.0018301607606354272,0.007367330957033057,-0.015075733527282743,0.016636283160916067,0.011719244039736195,0.003998871009982213,-0.00447573033447713,0.01851361777313615,0.007574083199239423,-0.026304089096529742,0.019519976358193115,-0.012493202276067346,0.015916775795951764,0.00869783801047419,-0.008091841244532907,-0.0006494230745766181,0.00048097578734860306,-0.012234051554182147,-0.0009962987138495921,0.008754261383808902,0.005328301299139331,0.0058400881403475515,0.014012428213336958,-0.02122260140819295,0.013704961429594343,0.0015344679715412338,0.015675618201841157,0.0022679428177455677,0.017719450053817542,-0.016760058250516786,-0.019772310734358218,0.003907870394991983,-0.023760247899938816,-0.039374501824282454,0.0003980736773352577,-0.003555004319400607,-0.0031037025109785393,0.004980177183394344,0.0028908109920414335,-0.0046595581974410325,-0.0734369157011559,-0.0070834536735896216,0.006162566808005433,-0.058760848138234845,0.012938602640846343,-0.10338135513424658,0.0017544860075984043,0.01153720564863584,-0.0002059850618569226,-0.004279612041468936,0.00907902976106058,-0.00944319494772934
GH73,-0.02173654519528537,-0.004804012697607471,-0.011900573249300921,-0.012324641917231653,-0.0038059417715928037,0.013998742988423001,-0.006024616774252123,0.007510018792808557,-0.01655948103125877,0.017097427983119324,0.007560223662037926,0.015709496229699027,0.015311386081568592,-0.008733059268051124,0.003278351993936835,0.002545342541894774,0.016760184381306064,-0.0014801118382821545,-0.016423649735441477,-0.02272376196885815,0.003145951844123364,0.0023612742541270987,0.0023892792763438317,-0.01661115621933741,-0.005501399459379321,-0.01230337306494263,0.013409121964097812,0.018687452252032527,0.0014748633989917098,-0.00928788621416618,-0.00988602931178241,-0.027971241153933527,-0.013043703265570606,-0.012691699483721744,-0.022786005317113164,0.01264585172121642,0.011066622573995625,0.020124170760712004,-0.029044321923079392,-0.017242359164751173,0.011736729132773639,0.0005101419666201502,-0.021142052731707384,0.00018366128486128804,-0.0018025902424265272,-0.03783060363089682,0.00180234949243287,0.018270769176779913,-0.0008795033902243693,-0.01213395198117038,0.018510908366547327,-0.011642561718815555,-0.022276501689858185,-0.016464426919417734,0.025190671263357067,0.0068599355884093535,-0.011008388654353584,0.0257609090228658,0.013609777089424489,-0.005483490303504272,-0.0009755727499470167,0.001304062476046091,0.03034069283168568,0.016471215864384377,-0.015670315054675376,-0.015325084752123108,0.0078051694040102634,0.023808628967911718,-0.009232837886385795,-0.004901333496298165,-0.002431592922486375,-0.00032623407159785,-0.01778757610570054,0.010236724833509998,-0.014632815736521802,-0.010227499577533767,-0.012994621281735761,-0.00865895897972496,0.027337001221308645,0.008153086701546255,-0.030013768072308992,0.0037213007255078104,0.006133672436242275,0.015842593288385366,-0.0054440197879798025,0.026552587982074917,0.025705221689116608,0.012185660317452236,0.012034697613223204,-0.006320310614238383,-0.004586557542094331,0.010546974442507866,-0.002699654178484043,-0.01699739494005617,0.025645357307459055,0.018615781232316782,0.004497916162838154,0.02993688774784586,-0.017526562568649255,-0.0024658718245219972,0.004747193077050454,0.0041192294569613415,-0.008054186252119637,-0.0009846880185379883,-0.006807971562137644,-0.01547286182304312,0.013351900733453229,0.00901181383829718,0.002346192828590575,0.03715686231663776,-0.032876384899085176,0.023794975759453697,-0.016912463070315423,-0.029582517123037447,0.005546202919869917,-0.008402302279603428,-0.012738554725698573,-0.005241713116263392,-0.02418445439307142,0.010670316801470413,-0.002505206668630399,0.0005678258215878912,0.021945355054886848,-0.0011612995331057201,-0.00812199195518403,0.012569494528432442,-0.009616177908426624,0.019915824435118953,0.031214832199165564,0.04149806578557559,-0.00890180450209802,0.004486870753176466,-2.622465906252813e-05,-0.0023718405948391866,-0.01813014386588438,-0.002014068877507086,0.027083417089314735,0.036695899941698064,-0.03562406269327221
GH76,-0.002454476266054165,0.028575928653580326,-0.017237479409153777,-0.00866677192945208,-0.014486067275561385,-0.004425974373483387,0.042985939480868596,0.012742600683839318,-0.04363949294046429,-0.01566171960435364,-0.0033436968906882685,0.03453338287391127,-0.028930911806213933,0.003008389501528296,-0.02923127327285235,0.017133646790475576,0.0252979137685193,0.030112257604336327,-0.02846718505478292,-0.047177573785994256,0.017493123224637083,-0.012466713096573896,0.011003128651085126,0.022948513742196575,0.0007958297959080962,-0.03906611581826635,0.011612618575086157,0.00985061040205223,0.02310460579739749,-0.04285024661302593,0.003177963662698346,-0.023040821153100254,-0.028532554632760047,-0.0015073481064156779,-0.0425591059571065,0.016112738806043515,0.003991591645333006,0.0541553360319783,-0.004489935032220693,-0.027779103226536626,0.056762026894144835,-0.016708406132905366,0.00985510313061251,0.018310319986286922,-0.007982277772822989,-0.04176246702312555,-0.019933767948369766,0.01204780011750249,0.005033277315019711,-0.02942830839456344,0.01064486004286304,0.004276787867198462,-0.002859410644755176,0.0014373169140175005,0.008396373500362823,0.0039516849318977955,-0.01807914169372652,0.013812234638044716,0.037256209303851116,0.023353335353823845,0.046050279767251734,0.005751448737463691,-0.020112502398645937,-0.0029744090632830575,-0.04771147805632291,-0.006940960819529623,0.015486310431263195,-0.010120004718760695,-0.0202454264924857,0.008812663379565794,-0.0020727228544215968,-0.02310350659439574,0.004071835560048038,0.015656126668499942,-0.007558451897537848,-0.013297815172368272,-0.023434348382365463,-0.045923864013653844,0.02899059328675995,0.022843200151977293,0.003903225384717803,0.03917916814791392,0.03084146929696404,0.03091502056081878,-0.016434532774679156,-0.04267846612838027,0.033915346449374696,0.03298081466333791,0.010840777379555971,-0.008651805200492005,0.052337175752234996,0.015405368557024538,0.009464844083691849,0.011275824033442164,-0.009025000200999953,0.03977918107318717,0.032279003218852444,0.03526954070669554,-0.0046202617663435915,-0.00010852567685623662,0.0015673617635013728,-0.019666341718721312,-0.058206410779308035,-0.03754847096935253,0.0006710960899038143,0.029946494835426805,0.05869067151678804,-0.007591023233774688,0.01175856171481895,-0.0019094094737295657,-0.008877403314638713,-0.01757158803757677,-0.023375892071158887,0.01773253846607077,-0.04771480033448377,-0.008427959489745084,-0.002586416225909763,-0.0006638913702681956,-0.039531134885585746,-0.046320460287133276,-0.0033189799370076712,0.021290514849022668,0.02704314048908173,-0.04949638187760369,0.011665472530154306,-0.05012932951195357,-0.010183545126773805,0.059545302270473784,-0.0041067221579823504,-0.02191481000462424,-0.03621898799915876,0.007301463542765642,0.038619763458388225,0.0013960690782757472,-0.0032832380996477006,0.008936453965927791,0.022369076454035776,-0.003142491923126726,0.02963354473656029
GH77,0.005480506823395644,0.003069833410931025,0.008852631544252483,-0.0013048243291406136,0.0005678843178484558,-0.0006237699389887898,0.0002190357306069841,0.004478280540841955,0.0052355304304181885,-0.01198498806552419,0.007599806196495972,-0.007017165288542898,-0.00796084743476207,0.010390098521815324,-0.0007435597422315024,-0.0008484557218929099,0.0010932469381171824,-0.0010179374614463443,0.0038313991978556434,0.007632159890645741,-0.0008097389752745434,0.005356286208845541,-0.00019996121838103945,-0.00024133460718800493,-0.004651336683306741,0.0013299403883020432,-0.004923634974224351,-0.005085449713485599,-0.002825421385741537,0.006575251186446354,0.0009522574124784227,0.013491394565840054,0.007686810707901943,0.00789404724651691,0.0002276961641862086,-0.007952753625892024,0.0042758635245312634,-0.009096764766855064,0.0060388644984293765,0.006832563117127183,-0.005172519143450934,0.0013429799597731262,0.005901357316179051,0.0006460703696875189,-0.0021340463655043092,0.00436201231068898,0.008244925437641255,-0.004622638059660609,0.0031362340897311877,-0.0038552099330470086,0.0016952107740457792,0.002454689821975167,0.006714832625789546,-0.0031639233338841433,-0.0077408923058579,-0.00097000500198776,0.0005321163395432872,-0.0022585603633120534,-0.012607560235304838,0.0012331266482625977,0.008225097322251027,0.0024219261215105573,-0.003578963793493063,0.001422016714546852,0.009240213335274956,0.005541710055949896,-0.008407720400702994,-0.006874365982957613,0.0014949417322767213,0.004678140001040727,0.003505353095013086,-0.004059317446351385,-0.004199304412676421,-0.0030835461213028427,0.005391061541157398,0.0075955537348684115,0.0032906391785601855,-0.002085542429755628,0.004246878330915127,-0.0031691788690294616,-0.0045131957315272244,6.434980528661575e-05,0.002110118008024823,-0.004517044956570448,-0.005919368069603147,0.0023775940358905273,-0.0017805354666507885,-0.00011751622946358684,-0.0007148604860347284,0.013668728619768864,0.0023297947354255677,-0.004996815028946499,0.003913971306880363,0.002859837229207727,-0.0023604445145171773,0.0012455290749172384,0.001766703556910472,-0.0059643197464016575,0.007859325304104802,-0.00621606953866341,-0.009031441785270763,-0.0021551850280466236,0.00510370327639903,0.004261324295107496,-0.003117336980716556,0.00012732922463931507,-0.010054178885085262,0.008065273840672599,-0.0002544264528386247,-0.00013847109580636188,-0.0021590403199857502,-0.0036968056006631755,0.0033319934562394153,0.008000827717419064,0.009139282686678121,0.0025456676207424667,-0.00678403200860738,0.005446112038501298,0.008723593502727901,0.003727762749423807,0.006110646593927807,-0.012555397204974948,-5.356425381169442e-05,-0.0024939766262511475,0.0011662266499767478,0.004422501792549006,0.007310996083846375,0.001354161305458205,0.001689441738377917,-0.0029334724213676906,-0.0038221695056982643,0.001040533564359612,0.00014807400227763345,-0.0023360614614108205,0.002280928456227659,0.007404824839087697,-0.00011827574729321354,0.00014113049547580093,-0.002863958513837643
GH78,0.010685630513651538,-0.00639727021028404,-0.010546118655523342,-0.00993229406779118,-0.007983846538194297,0.003549157817604049,0.02326174852213,0.02382104727491696,-0.023776307479294472,-0.005108278961406803,-0.01793226949213337,0.008488518723975425,-0.003906980421087555,0.006042774565332812,-0.027558574714159796,-0.013527297765911194,0.021720882569307275,-0.012780784855321907,-0.020086402188441387,-0.012186086345301026,-0.002368175009711963,-0.0002627135162787424,0.000486890503660775,0.008561669465224717,0.00016998886356819413,-0.0184257153520049,0.015859017965823057,0.015222019480488652,-0.0030244861970249097,-0.0270107786543518,0.013824692401382519,-0.017182301823857368,-0.006261399265533916,-0.0039252688789554475,-0.010858509641041642,0.007247879797911773,0.005682045842073104,0.012837051475081783,-0.005455257578218135,-0.009226417148240372,0.01636132967316462,-0.0010031449651087547,-0.003381881936119399,-0.00498876004262314,-0.0058814316461001295,-0.02693590055481492,-0.011487478562301067,0.0061425288715407774,0.0012805251420637865,0.00510842974932838,0.020288377336762413,-0.007440540802528496,-0.012675010539664293,-0.0074851031886424444,-0.018725780857558074,0.005891463417429326,-0.005223720553200895,0.018504183011405256,0.016184511688851218,0.002253123607122338,0.010231349542888275,0.002248665474942411,0.030580739000521977,-0.008430876427762472,-0.016864706999945224,0.007771919179099751,0.01281219157234273,0.008444535185330112,-0.008251282383884864,-0.019784585991925882,-0.01664893336698778,0.0075670869160758625,-0.015413060048714356,0.0016293386309333099,-0.02128243149357286,0.02483529370307476,-0.010309666760574982,-0.006582461430913059,0.0013488083917197768,0.003325130206216776,-0.00898756812445808,0.013493770046818265,0.025217201955386247,0.019850149944166416,-0.030884175808154873,-0.004049692994321903,0.02403980366334486,0.016534281619626532,7.657178385065488e-05,-0.0048667571524144155,0.016001678697100938,0.014696531166144845,0.008988528878585447,-0.009913436231353557,0.011888940836453546,0.017864126937539426,-0.011474759531777914,0.01241053777009413,-0.013936143241374058,0.00195480651889063,0.009166707381536016,0.02105377627004352,-0.016453383812334188,-0.026716361461759815,-0.01161329283343634,0.003978252712182583,0.02770134975414801,0.006703082223289289,-0.018396917533630985,0.01121500241681431,-0.01778473138008888,0.02665262916445208,-0.0009407307939257678,0.0033592492034715104,0.0009958693124292818,-0.01197089909197661,-0.0003496816816690842,-0.005500890599493536,-0.004707519371537115,-0.02650634693394565,-0.009869470409079577,0.02059125992245461,0.005324478772934588,-0.007132799606394295,0.003120364267501305,-0.006201269331676763,-0.025829642099709383,0.008067340877144275,0.02642889882598107,-0.021249680592402474,-0.008420432361912776,0.006313966163396404,-0.0037077953832090602,-0.007198280193809844,-0.014058917980156578,-0.0023373074954219997,0.007818834663526534,0.012673601418385194,0.002550590865639596
GH8,-0.007710247902148406,-0.01616694363378472,-0.006067132173639135,0.02060516681036239,0.011035016068178059,0.023983296570785524,-0.050606934321796554,-0.010607319865533595,-0.004201493347853452,0.01702305926918526,-0.01972159631102097,0.019853933551058314,0.0563613385404617,0.0013518869234728206,0.015997892271252104,-0.014984403515931347,-0.015326893172707278,-0.04164350897299856,0.022167538412961037,-0.037125046120347394,-0.01564379377711096,0.06162278805807579,0.039946299317039774,0.008388481161113844,0.026978263508922826,0.008879364306796606,0.0343025546526086,0.04538059616362548,-0.05011423323186845,-0.00013277394867918755,0.03680126068784323,-0.04239661929757185,-0.010210049638846572,-0.03905698435061635,0.01379635086790295,0.0038306441724911293,0.027702026772217815,-0.017289341333766254,-0.0028261598058202816,0.011812138502275747,-0.03490798111264198,0.011168680337095036,-0.028620753417957067,-0.01247406430248068,0.01819327697192959,0.03232157298029014,-0.005380369142014784,0.012072081357073034,-0.017974339766441538,0.01714914376358845,-0.01968397754347031,-0.0183161411987266,-0.016882063367927677,0.0035614783029343134,0.012247711083176198,-0.0202256829333437,0.006236544132160638,0.01782765047920584,0.011132409610783482,0.018049859188750777,0.006512611416847891,0.008707533622750296,0.003960131455566271,0.025462806876369367,0.003717502153911864,0.002966196152472092,-0.016289576934839286,-0.004367748566336873,0.03338708572121985,-0.0008308905900231269,-0.03007426438285596,0.007047060685225132,0.03960512016076241,0.005933210156024013,-0.0013201757948889936,0.0011070258720971408,0.021557439938836357,0.016149876473664986,-0.006339433452588351,-0.032857968292284115,-0.004242578814028913,-0.016695620438820728,-0.00860301868471814,0.017918655066920197,0.020476798696857815,-0.01784278830299622,0.0037666421896223913,-0.0007425395108193524,-0.017138111257500355,0.0006530082135021222,-0.007876109872921252,0.022238906090419543,-0.00504281534692376,0.005682126291034431,0.03737067356070021,-0.020031465413288208,0.003408023867733721,-0.010459498874090577,-0.005608286701150759,0.029348510468019267,0.008484087610371107,-0.010584871458691187,-0.014973605122312422,0.013607530055759307,-0.01861076409756879,-0.05201109335706112,-0.03831882604192552,0.000891216592094205,0.001727017907985801,0.017322570797947762,0.002315057866336672,-0.02187256518800487,-0.02093488887422231,-0.02247985509250706,-0.007583304018058436,0.02969968969423159,-0.03611026249834143,0.0016103421572857273,0.0003102195965189233,0.0386068704460489,0.036299442415397516,0.00642947092886231,-0.007391325580682939,0.02397632696253185,0.010478284921102657,0.056063671002797195,0.02303028489184473,0.013994025815524785,-0.027143974898936107,0.029806230927900596,0.0242446352431541,0.018252462317472348,0.002298673232421894,-2.574501088925353e-05,0.030837257424871967,-0.022977295996837965,-0.011007289370496144,-0.004612462969651035,-0.004250657571323924
GH84,0.005712402372359568,-0.001757321263549739,0.0211881847615935,0.009375684611454594,0.010047713217519665,-0.01714302134924927,0.012445729807745842,0.010369217707597429,0.009072273297643142,-0.011359765710672945,-0.006321683181034413,-0.00962342361208665,-0.004250374433714581,0.021170991605790536,-0.002006240740662016,0.002225043030049066,0.007858212495913518,0.015043682146743799,-0.0016081426440322948,0.026226424248987277,-0.0025350774566008675,0.003412804947985943,0.016845308584293655,0.003530515971157222,-0.010530012500194379,0.009609427978428798,-0.012938928427742377,-0.03389167879499221,-0.0004309513471633325,0.01475511445040978,0.01635442847412201,0.008339528574131352,0.0072080635405194805,0.02114122200954708,0.007243899838734668,-0.018503331885305452,-0.019551662392780535,-0.025566454517475044,0.026545364969141363,0.010457771500780413,0.0027170578524049133,0.000288053427307284,0.01249686673128659,-0.00011385029824916648,-0.017931924337983136,-0.005532526729185546,0.02892042782479604,-0.003411567691097188,0.015264943420932169,-0.0038923313738088773,0.002564059037799133,0.010837307718333128,0.00347379014995944,-0.0032551771744968707,-0.01749255673860655,0.004384010708925057,0.013534281220344321,-0.018115097451677657,-0.012368967478679977,0.00816810662700036,0.011825616298860394,-0.0035386775774691103,-0.002030705449208371,-0.0020953195498215386,0.005797831370800522,0.0005995198623786599,0.008524951030238332,0.004183749582656801,-0.012010154745507904,0.007736618852316211,0.009799487781548277,-0.0006173969389744653,-0.0069278070122609,0.004649552919638218,0.007230559271752718,0.026661888103409602,0.004390145526359794,0.0015640714824937062,-0.005363782037290673,-0.02532816361306562,0.004788949668461204,-0.00378784810561769,0.005175234294297358,-0.019123935707759405,0.006800287390567419,0.012041368026252369,-0.0011156336881819702,0.0006625562506568012,-0.013301169813892667,0.04429927959704612,0.02176559636987249,-0.0055578433072067425,-0.011417471213911129,0.0059636727173115614,-0.013650002545755872,0.0004690964654033807,-0.0035418981149690815,-0.03473862440916577,0.009369564244177595,-0.0033426529122386954,-0.0002006993290052699,0.006086633866855797,0.0007005426193260812,-0.009558213663128715,0.007924329585553624,0.0017876621754325365,-0.0034670261256246784,0.007418738273686854,-0.014755178561452576,-0.01028376292579105,0.0017491813129769062,-0.021650560260931002,0.014691676589400344,0.015418691043543138,0.004229489684891958,0.01198230125131929,0.019023543064346452,-0.0034581875417841923,-0.0025900538563881927,0.0040909794046088835,0.002442661812684038,-0.0025060794794533534,-0.003251962158637817,0.014722870191158673,-0.0032201184356137097,0.0025046343605738502,0.025241246601053546,0.005692933249462167,-0.00849629029765929,0.0024408096515384095,0.00673534568680347,-0.0034776698978007323,0.011083299354222378,0.0011449850653944451,0.0068716208703098304,0.01351515649725068,-0.007546383529470089,-0.013214073598048933,-0.015377721201786567
GH88,0.012028605575664382,0.02944525291722829,-0.02011026419132,-0.005307405156631939,-0.005033554621271972,0.012100040418964111,0.04091093156076571,0.02022967123817222,-0.02315518553354275,0.012642107269376073,0.0007235154863565166,0.02518015605854322,-0.029115044668393854,0.0019057927413129645,-0.03466763898326985,0.0036130884244594146,0.02984398157174079,-0.007269269936174075,-0.03880764000935726,-0.03636560666074474,0.012893932897026209,0.00040086919492481,-0.0027949448356575563,-0.0014813899728578401,-0.020557862770824678,-0.03685945211304709,0.015044746759560178,0.02008958972619416,0.006931529168389424,-0.034365469866342604,-0.011544524003291843,-0.040965936146666354,-0.012812310643263023,-0.01012518901174624,-0.015820268359782834,0.007281321253072594,0.004534742781979011,0.03784497691484278,0.0024834096931224668,-0.0206750530494749,0.02637532112219197,-0.01222430549127529,-0.01358708980356616,-0.008439592905337773,0.013555412713856978,-0.0417949465423923,0.003888547087953268,0.0067384927412516135,-0.004810703138061634,-0.03667299043473202,0.010161612439788343,-0.006378215772448002,-0.008716398671983084,-0.016981923036918267,0.006382555649784685,0.0021598759182041224,-0.004927662150709373,0.011637172090811828,0.03495933791479514,0.010874126682667826,0.016208760371875967,0.004071701875848844,-0.0006398634054899146,0.007098188972259522,0.006573977780543157,0.009131485262907104,0.029474584907501936,-0.0035636838951181,-0.0007424418109376653,0.00820872241273465,0.0036572060921844516,-0.00804020760464281,0.003650269326560909,-0.019371919932169118,-0.006434210745881716,-0.010763022676233244,-0.0027238648831411803,-0.025886533898729393,0.023325811397415557,0.01890828472330208,0.0001948130303041809,0.02190954586194158,0.0012925063682632722,0.007087572117569587,-0.0073644484917196615,-0.009863336465000616,0.0037042206220433633,0.03791122443337359,0.02169948769138503,-0.018563096933774014,0.03048500947801994,-0.00035291907132759025,0.009872453282337709,0.0033194422733904667,0.025156870606449395,0.015900405214361178,-0.016490353823840693,0.011984155682154973,-0.0026444025244887824,0.009632627092484877,-0.012864282236015058,-0.02484810829604277,-0.011654042979283285,-0.015507149081249295,-0.021873197880424845,0.002118105069019079,0.02834691844941578,0.034607615598143585,0.015370346296579577,-0.006190935423336429,-0.00840562322523605,0.013768031632751029,-0.04131086393190269,0.014526514137260936,-0.016541671577631138,-0.0007158549702437795,-0.039571973584638334,-0.001958063205407443,-0.00814995560601314,-0.01584637359142,-0.004204321797356133,-0.010969295301040629,-0.0024274979220201597,0.003491595634179066,0.02435707903317529,-0.02273153700020954,0.008320834323198977,0.027758211386925583,-0.001713848086441511,-0.007254753433501826,-0.05360127359108372,-0.0433224131197705,-0.04488262398861152,-0.00958880038550368,0.010475433461287447,-0.007176993434690695,0.010096625710335145,-0.001468494801978592,0.016563066980512048
GH89,0.007290872516443423,0.006207068907177861,0.02165988079388446,0.008175967356278497,0.014192279515140398,-0.021880263505205014,0.009283348792244935,-0.0030946472887879778,0.009782864559557087,-0.0030490664903769535,-0.0024371289988189726,-0.01163030481997722,-0.012843884701446396,0.02272361985432657,-0.0014199370178846647,0.006949949770626148,-0.01501727731217263,0.01641001110093433,0.013092042628380643,0.022242676979685717,0.00968854353913447,-0.003668450834716205,0.020220931778546957,0.01226529874796588,-0.007875788067388022,0.014856968080133221,-0.014123071651305621,-0.03258509292659859,-0.005026207532211323,0.028444357489662786,0.0141940572949969,0.014530851835184795,-0.0027116374833088073,0.009416339374475629,-0.000902664985394764,-0.016611541187091766,-0.01606498357560819,-0.019397999364818595,0.030535889089389427,0.016513751725004005,-6.908102782782456e-05,0.002057169554401131,0.030783719820064444,0.009155449563065077,-0.007904300394052353,-0.007498485319212995,0.026226179931068794,-0.005152382337543751,0.012552758483286896,-0.010023464884862722,-0.0075132820348957465,0.014946240505856813,0.016891203926488865,-0.017630072299792614,-0.023018135585391907,-0.00041456988642286615,0.01639458891266175,-0.028367573957503046,-0.012301977932772153,0.003908376243314762,0.021087323742297513,-0.00044158443256246314,0.0004697856893519926,-0.006034816175214502,0.016827412222216027,0.007409283359519828,-0.0008108016810465129,-0.00802535957597526,-0.00015287563873941752,0.0029410274266653386,0.016359150625986488,-0.0006016265988947176,-0.00504127151944983,0.0069004157229779805,0.009217163352137351,-0.001393838478126923,0.002489680342666211,0.004858003070857317,0.0017242210552149571,-0.02094649516926411,0.022206679553555764,0.0008487421729613145,-0.007044847895445737,-0.025622319504585444,0.01836061947833158,0.018444220318113415,-0.00839883925500719,-0.0060063527919907225,-0.01445001723896192,0.04366693911759794,0.018063429476791976,-0.01643230275690329,-0.01303961105095129,0.014081965160801862,-0.024027637008805676,-0.0101762190437988,-0.025583050153756927,-0.013012508453064776,0.02484325912105461,-0.014638228824975976,-0.0004931800783693994,-0.01741458492357386,0.00644330008090387,0.008911840442770129,0.014463879642991815,-0.0023191965611297225,-0.0067235306115423586,0.00825770460184125,-0.005731371349654862,-0.014253140994446436,0.035697267927772086,-0.011983799406038366,-0.0024658842580390404,0.016075161577059294,-0.004492804247783316,-0.005802500318992438,0.02500467604448719,0.002925364191180893,0.010419784131619128,-0.008174842521089227,-0.018897432485499202,-0.003253522252575501,-0.0047166180768495585,0.0063945870914707435,-0.0016191813188277523,-0.004056360775596823,0.014005161857537324,-0.00396359741987396,-0.01863891791524118,-0.006889653568733366,0.012761143899827266,-0.00195332743696045,0.005580152414996761,0.00606053580827779,-0.00036532353483893624,0.01962555003091004,-0.020466553879979553,-0.015227679953169631,-0.008015232682894696
GH9,-0.006877471140986028,0.020045377711929924,0.00537990488840043,-0.04571418242375468,0.04115894770016144,-0.028644095621772742,0.006214728377507476,-0.035995250541977004,0.036382711097037126,0.03029635262277902,0.02738150426042758,0.006606214263766863,-0.017688190083483123,0.02905695334099343,0.011301404374058592,-0.012802559963438494,0.03245425702557355,-0.012955814092962509,-0.01888334539372022,-0.0014777491161169364,0.009476847166830135,-0.010209155384494404,-0.015763326995757655,0.030002067637312863,-0.020192255108414162,0.0025558878713277384,-0.08165612928595974,-0.10253564453836007,-0.025358736774665682,0.0805700517576932,-0.033191884078283294,-0.05324056963369631,-0.032497689461459096,-0.02421999353224387,0.02954065662409958,0.0027253192161646816,-0.06799304556724722,-0.03185557431448519,-0.006981509524996056,0.09104554407948744,0.038759293947870636,0.04175662165213877,-0.005381655097986831,0.019536696474905482,-0.007273469632803462,0.03263012146121913,0.0024574515929217354,0.003944459359607679,0.12201643558232825,0.03968649137401941,-0.006035918094507601,0.09259501471736552,0.047054750451913895,0.028542727874324342,0.008618823855042663,-0.04998313162800895,0.10440130075554375,-0.04425145815917163,-0.0014758770991634635,0.01583882599360909,-0.06739276024132833,0.0858010914509513,-0.01916236690718805,0.05965509472127385,-0.002097105202711858,0.014164829229519635,-0.03583694701574368,0.01624326950187988,-0.04414698000590711,-0.016619906715256587,0.03278611876955254,0.022520519499904853,0.0227862215711812,0.06192247774326982,-0.03835507659060788,0.030465491993452415,-0.05694796491472733,-0.027180139813023696,0.05206834341671577,0.06387343391325831,0.00022425681646739563,-0.05227285435925186,-0.018530885009892126,0.05513474641325431,0.07456843425099435,-0.02006354709243364,-0.04403677381799415,0.08674351464077902,0.04455812613287625,0.09077881648361326,-0.08939815749490598,0.011054943055597228,-0.029365701266461864,-0.03877738777968117,-0.06252242047950213,0.04849517806031242,0.030399411213041072,0.03687039133093661,0.05794134928548608,0.08457480434249176,-0.012882920254437175,0.10428920619213936,0.07414319392239418,-0.049904420182144464,0.04267450550052655,-0.06196128433647164,-0.049106811959739004,0.022344189468437678,-0.06767745655094531,-0.04064681297402506,0.007619433801221873,-0.06822582032450317,0.0214466117720096,-0.014525403081468274,0.025904360804398792,0.035921613929098116,0.06518684985557865,0.015283465319243851,-0.04496316987066159,0.12619764008220574,-0.006792360015112552,-0.04342961312067604,0.028560631760372223,-0.0013308930461775892,0.03328354334765464,0.04588927667083577,0.09024561359283467,0.008976683957124408,0.023355620457434743,-0.04817654297628886,-0.05713446698311935,0.027579911475475963,-0.10104439178491545,-0.0035021756602665217,0.04121949111940738,-0.03797080478307493,-0.0036872186828963813,-0.003477480940511602,0.054807858681173015
GH92,0.006281816628721124,0.006626956567497988,-0.010754252694831035,-0.00582361260911659,-0.009204547990070177,-0.0018433320203396183,0.030752190149182363,0.01767744698257887,-0.02609478464272716,-0.0021667602550268644,-0.017083235009068942,0.0237856641566643,-0.015915184366614737,0.004549790428478362,-0.031515067622427784,-0.008142409468595254,0.020818499511926183,0.0021812945306493134,-0.021825482677595556,-0.021316579276349144,0.006023305584711801,-0.0018692998212104673,-0.002509301590462564,0.022215214953018373,-0.001447767867661509,-0.027201997916103556,0.007293755982208398,0.018371379788998193,0.0029875470462221365,-0.04127012888091381,0.0011734072893334986,-0.018168815820805154,-0.013413049357191021,0.0007550213879583036,-0.017977112782658195,0.0034507460729217483,0.006023304493701053,0.019169397034461855,-0.019943437589777086,-0.014398901663844273,0.03737991337887611,-0.00954408191554686,-0.003368695108392179,-0.0018794151089768893,-0.0006490782608884132,-0.030947204735618235,-0.0085716356914858,0.005317672893408817,-0.0019863052274294805,-0.009062907559710676,0.018436977108298707,-0.013893658592909888,-0.012006435132253258,-0.011160657874611988,-0.006826663666667306,0.006533951411187412,-0.008784785909900618,0.019307573409559183,0.01871899492312718,0.005519336149270455,0.015717239898461927,0.006826202076350511,0.016742574826246887,-0.004717195546528783,-0.02046283323347992,0.00015200899537191472,0.010222851815829609,0.0031083333651533086,-0.008348300531717229,-0.01905884379217603,-0.012132318850729157,-0.003864708930359889,-0.01968063171517776,0.00361019157004287,-0.010539240507548382,0.014441798738248005,-0.013541825937250809,-0.015636689865769098,0.001250812153137231,0.01779929159142805,-0.000853085476894343,0.025875026828285765,0.029816983957030887,0.02554428274289331,-0.020726457072718994,-0.022744231075802538,0.023726351848942225,0.01967980010596464,0.0008758204585197891,-0.009126976080290797,0.026500252252338364,0.009476878412105037,0.0064347591821361395,0.0018650646584800594,0.004988155795553976,0.027388833661075026,-0.002519640841429089,0.029553665708612203,-0.007871113782447769,0.006759707575537,-0.0038825864698630494,0.004691589281742993,-0.02449166302563862,-0.04171688720583515,-0.014778400940112941,0.012388582928705524,0.03628136891601409,0.01314393355109442,-0.013161989531886584,0.004655979842849025,-0.01568997481228065,0.015898023735095974,-0.015838811700877614,0.008325635340908228,-0.01603627622089145,-0.006121893261096929,-0.007550430618524169,-0.009692239210268513,-0.003137065336516886,-0.03642934883306196,-0.01821134789773142,0.014200065829099748,0.006373895685513454,-0.024708871550279163,0.0010268751796336094,-0.030657896697742295,-0.006241434060705566,-0.01397012122198245,0.022647509697183984,-0.01200975531960719,-0.03644566922650824,0.006114483199982046,-0.04181240970618707,-0.003801444871319204,0.013553846766426356,-0.015422402799387206,-0.005305551400407737,-0.0005346608005000214,-0.019729065530582984
GH94,-0.02503838921853163,-0.026672423046432883,-0.004903732743285245,-0.01955646475437806,-0.0008757436731759028,0.02906742747977576,-0.02603216796590023,0.015149748801767372,-0.022532629274500834,0.014942542155551535,0.006487846185503745,0.00084430918089371,0.035619712254006,-0.012050580802150634,0.015731949944495324,-0.02071672070590092,0.0068103831014123435,-0.02127692789217613,-0.0038005087238219605,0.0048501584698729975,-0.020741630591310248,0.01773571639375126,0.01301649820782158,-0.02954191101216849,0.007178628319580204,-0.005955855082309726,0.024112559442735788,0.0061280998099498924,-0.010324066886108773,-0.0021069522182944546,0.03139398765820409,-0.02075975322968167,0.009214306578915357,-0.014332875865523939,0.03125270253999749,0.016766263941066104,0.016508927031363474,-0.0012305306028478065,-0.041938116884798794,-0.020826115546645322,-0.012864397988450186,0.00422157621812086,-0.0031504166314883174,0.002592152507033769,-0.008638410647738156,-0.00355052603794553,-0.007360659798595305,0.029464559083035097,-0.0013074858625392973,0.004113539248726954,0.007697119724672295,0.0014326363786654655,-0.03744191558225696,-0.010609674570242991,0.02310470995261412,0.008765628774359565,0.003930923757117826,0.0002726223882355412,0.01939083853885151,0.0026809462480409454,-0.004444004990756697,0.02290831570814144,0.01897048471919883,0.021977461103571096,0.0006665817842498852,-0.006941023889879858,0.0008418785022564228,0.021399161543015834,0.01827239287951009,-0.0019041577808555762,-0.011368871214169086,-0.0010424978977136292,0.004335980470624767,0.001743036156635587,-0.01323714626278622,0.01384486596691698,0.00721202691516256,0.013650582760134084,0.012501561723510805,-0.014040846014891929,-0.006690218382633569,0.0029270999230766757,0.011058992283767673,0.00961564261232152,-0.012248607874556271,0.036820998127337475,0.0197650653750833,0.0039035701563187035,0.014224877197436255,-0.006265818873393607,-0.004557196346615323,-0.0012950155822724853,-0.003394716962431137,-0.0170647465355652,0.0244839050746116,-0.0019826751214056366,0.02211245020119655,0.019993974743837652,-0.006498539176658085,0.007269019193102866,0.04070163866170189,0.0023532115127532414,0.02523624234864068,-0.0013199894536796242,-0.020764412488744027,-0.026155262596447428,0.00010043737834853485,-0.027906762697904864,0.013530805748036466,0.024158063226731318,-0.014981210973000137,0.003850764016847723,0.001409726063504722,-0.03858359136352141,0.020181311297433637,-0.030984973539099816,-0.03897819754686271,-0.025326323328347305,-0.009217010834081888,0.01979680025053065,-0.008875120241890007,0.029711267652504824,-0.015476656864451812,0.030257878047283738,0.0033777245032138694,0.04929689096454138,-0.027815312887045945,0.03173167530039158,0.029122243436586263,0.027155067516235993,-0.014438034699664662,-0.0022600435766140865,-0.010627238327299629,-0.012961324377275998,-0.024358226044564217,0.012531928212685775,0.0047922374394961526,0.010209119084403058,0.0013994357447354585
GH95,0.0012700332623700895,0.0014301910607576781,0.0061669483885355095,0.003416305528870515,0.0035338182749387916,-0.0015362048855722611,-0.004752851973858338,-0.007174426703073157,0.0034770212298327785,-4.806176152342898e-05,0.0034365432617671004,-0.008801709477541615,0.0010989848973671735,0.002060939209115308,0.005819162425144068,0.0020373264340568173,-0.006101017496452449,0.0031160170799132266,0.005006664543672547,0.007187593484893226,0.0034327381593595536,0.004640115467259032,0.0057703988229681384,0.0019386172154793443,0.005324048241627083,0.005643034326757949,0.004810101066410778,-0.006322214477620113,-0.003613324433965219,0.014889022755841218,0.011497601141994,0.0007113369099318312,0.003877346627021296,0.00046207702672472814,0.0020760919532480143,-0.00379105243393274,-0.006155211225268139,-0.007468848753911119,0.01131628409110944,0.00395769228953595,-0.006824337075018283,-0.002236371910600599,0.0045845645718962024,0.0015563592580852014,0.0018844475464692245,0.009321784487115386,0.0010524291569513028,0.00030607660935965574,0.0036633675830068965,-0.006620122788642092,-0.008179064754011034,0.00660258108163348,0.01026563717819761,0.002416165431147932,-0.0016891256531441805,0.0004377212007377608,0.0033629310968410465,-0.00851615417501582,-0.007473873077207413,0.0015539697742030798,-0.0004727321041858553,-0.0047228695963351655,-0.0011169499013548554,-0.0028398601199345497,0.00681880483645993,0.00035778694664554436,0.007403625454483031,-0.00373668744338705,-0.0019165999511122312,0.007331117731220364,0.0029269512103599926,-0.0031374118072701484,0.01006034221525949,0.003776999847673096,0.0023594448804771704,-0.0016431936172204558,0.0028582881447428783,-0.0007655565603775254,-0.0005849317555228977,-0.006298802371289894,0.0050139173741815925,-0.004567354444438539,-0.0035601198116600396,-0.010948428008676932,0.01091414841166221,-0.0021160576246449137,-0.005249812513082558,-0.0038054087821420652,0.0045397637328530895,0.008176694996940225,0.0038168673502201,-0.002733629936806328,-0.000370178811009989,0.0011233249853204342,-0.006234289020257121,-0.002927617766353741,-0.0019212730402273389,-0.009721255526566832,0.0074254777968252575,-0.001729204769905479,0.00395869963753489,-0.009546885515626751,-0.0007467006128807364,0.008733716055561194,0.00456783577974198,0.004071229646801503,0.003023791946760369,0.0026150656031487785,-0.003977858526831936,0.005631871599173367,0.00555907957728784,-0.004768420582217298,0.0010131116328765107,0.0031050665784074787,0.006751275997316598,0.007874785343117217,0.00418159122226282,-0.00647622658328295,0.0076582038092554315,0.00670588746404917,-0.009497652234400987,-0.005574605067110437,-0.002605059725591279,0.0035719611583028433,0.00017984078615530924,0.0014411512981501945,0.0012707530360373228,-0.003478895059080577,-0.0020613887299898727,0.0020510830479455915,0.004091483225130523,-0.002063386634275013,0.0007889038302990723,-0.0008702440541160561,0.00596559057633292,-0.00014950316741184117,-0.0002576236324543671,-0.004105221281149777,0.005061971329086118
GH97,-0.004224507418322764,0.007930064282525283,-0.017567272801998768,-3.7448195583345036e-05,-0.011608600950592806,0.002210209594887752,-0.002734157388703088,0.0024815595048033267,-0.012481598400073258,0.007728321722486713,-0.0012363298792153646,0.0117868124371429,-0.006670694991981828,0.002309601898297514,-0.0028704568142138495,-0.0009989493013334066,0.0037642770607532808,-0.005347717704238584,-0.0072988417714758,-0.01135953161398654,-0.007725363015917917,0.0017062638998298514,-0.0066443619498388765,0.004036425781209892,0.00578570201639269,-0.007310873609508341,0.010434107463745845,0.01599334367732465,0.0029509470311080243,-0.018453931656715612,-0.0041360982323177115,-0.01789649703397588,-0.007630793720973069,-0.009974303634664863,-0.0022463353552733163,0.00782820962775698,0.008012023499148821,0.010101775498131712,-0.018875337592613284,-0.0075515287401379935,0.0037919871808478538,0.0010454129665845016,-0.008903577459363788,-0.0024663415235994524,0.023448259291176884,-0.006435654447216401,-0.01186306763056442,0.004138103355249802,-0.006509026672329391,0.0045078659245565015,0.0022841871864215557,-0.012250196788617409,-0.009910576789696193,0.007484170189838891,0.010062263545134634,-0.006346508113674078,-0.010671763429413455,0.01218489504400933,0.010093166204216682,0.004516033203217488,0.0021617401605266867,0.003563680567922053,0.00709564178346539,0.004967495412656047,-0.008939526687885425,-0.00039844583772547675,-0.004142569609389282,0.003481875690390987,0.006648240348986129,-0.003622941277314873,-0.002806823920065862,0.002579321497242148,-0.003509345985384834,-0.003673956725293295,0.0006494904411451678,-0.011378442044360578,-0.0021708241173900257,-0.009023321580868677,-0.001446118646601935,0.02271299861198813,-0.0016201581767375066,0.009037448357443965,0.013487789491491977,0.007676354914190936,-0.002086160021644154,-0.004183106371394747,0.006293865746901569,0.00662847572206132,0.005133221236238224,-0.015957312652797765,-0.0012441423374607299,0.0048803452881364725,-0.004045311741587601,-0.0024450376356808987,0.009183246274896016,0.008649609667438706,-0.0008329586104020245,0.012538412934597764,-0.008192373985661404,0.008530984453605818,-0.00538088060959171,0.00013326506996516488,-0.007173413701772634,-0.010558384615936464,-0.011827762640187983,0.000905629312701984,-0.0018509154084542744,-0.00269509983827438,0.009487056905036066,0.004471533396329108,-0.010018398625130152,0.006979011467355018,-0.0020758953051915807,8.412562461251254e-05,0.005119739299553918,0.0034066497649014684,-0.009705741541410838,-0.005413914669464516,0.0038928761876793425,-0.0027643263289668938,0.006675398685335543,-0.0019421552489868247,0.004982350166973196,0.001272844632080504,-0.0009182511071157578,0.009107864656995217,0.002345004728684243,-0.01574204997507151,0.008759172786118477,0.0070560753581957675,-0.01244375755367243,0.0027759264664284715,-0.02853938345896426,0.0007101242395276638,0.006762341770849251,-0.007831900527371894,0.0012522735945659955,-0.0051572326117199,0.0005115999308071136
GH99,0.01486358036070869,-0.00800260761241013,0.016165119496659535,-0.24004719172052288,0.006053092815308839,0.06519749541102199,0.14603966228737927,0.17468048211071696,-0.029211258317788095,0.017088353203669526,-0.2779910823268311,0.08329830590181637,-0.08252041986229812,0.2370446839827252,-0.05707907276334051,0.10330905697688737,0.17433442114990072,-0.06882686451625393,-0.17292218498339232,0.07852234343454717,0.0031091413446179632,-0.06538926000513884,-0.027783894891344463,-0.04045497821349781,0.2756631539982089,-0.06582462184801603,-0.08481086468976372,-0.1059296082636439,0.1552623019979788,0.07128676374526229,0.0027970603491091566,-0.04604683404006543,0.042156640981738276,0.14117781801330223,0.043004828638406184,-0.04637614267007645,0.039025199383795915,0.1329971790976907,-0.06948592132627378,-0.2403853545274308,0.15090237241634047,0.027258324209000796,0.12761933684470167,0.3993499076651484,0.12565757139950964,-0.006946427113219206,-0.18467881087431395,-0.1821561676082799,0.10737532519942196,-0.0008931810928665381,-0.1326831759767811,0.03634177247098124,0.0070151248980100285,0.024775789568143167,0.03810037082383767,-0.017073082497779443,-0.08488829328345815,-0.16297478704278437,0.11851326576329876,0.04135596526092136,-0.11416631489071086,0.19115253317412997,0.2510468831241553,0.013670973207384623,-0.06010713650773524,0.17559869583963425,-0.11070931169065078,0.031853464510313866,0.08501817466704832,0.04698290587228193,-0.16012566310755683,0.10587573529300004,-0.1415574243841828,-0.23817535113211338,-0.05419516575282712,0.007257812868143623,-0.051692556510924643,0.018940849487891834,0.053903368695041094,-0.0148931295104084,-0.1050314525843261,-0.08177744179151884,0.12622707041911166,0.04370180690890169,-0.05191170641539937,0.003662711727140086,-0.026239654646680953,0.03620347185675765,-0.06861771582692672,0.1241102218601421,0.13156655098370823,0.027793024353155185,-0.1892943725802803,-0.0695752463661036,-0.044886332167031126,-0.01168332761499355,0.12052080180696986,0.07668973040647535,0.10064345890019051,0.15091533935348644,-0.18401442938723692,0.24117232233337504,-0.1391666877545365,0.05577214693347205,-0.017398029982147817,0.06639062454937708,0.0759873958091712,-0.07824009442873603,-0.04527919390304736,-0.037389129824668896,-0.05167261576768899,0.06141589729198868,0.07242990829780847,-0.07894403356382738,0.14706093780642363,0.21600636448395313,0.05879291855402941,0.0969311828548531,-0.037158972785856545,-0.027757618439735253,-0.0387134703897301,-0.24164730111980529,-0.18222386305938507,0.08473548751870473,-0.3175549767837352,-0.1824226024552549,0.06367863186442728,0.038647253970964926,-0.10443666254877366,-0.12062517173096378,0.07213488756724178,0.02215997305323974,0.005575690327086559,0.02192680936610324,0.10971975706789687,-0.1739167861922188,-0.007215372176415825,0.008574956191027897,0.09555333194277692
GT1,0.013326587618194797,-0.0023620413898039786,0.023690449475562928,0.0010759012890499322,0.007379802901236429,-0.03098477313371107,0.009664754012654838,0.005737289877991477,0.017340709188600686,-0.0011975245765445176,-0.010404694024264801,0.0037131626775248317,-0.008933701949853018,0.03816882770724921,0.006955382032217379,-0.014840253943769782,0.0017472948031744655,0.006081791008801053,0.009432887032600892,0.010252695602275928,0.001960677421794243,0.011136711934617015,0.016692915481975372,0.0208501216430304,0.002700091107723837,0.010084653674877288,-0.02852963381426967,-0.02816987255517135,-0.011691694159552093,0.014460591305220608,0.017189774567153964,0.03530403925245819,0.0014011642010704596,0.02690429150769118,0.021086222717852987,-0.019201726135248006,-0.010380498674805052,-0.018072834484329225,0.022369074904659215,0.012484568991536427,0.01474447821418864,0.005550445053339748,0.036112174975444195,-0.0014230970812503315,-0.00585846906411499,0.019374653911596432,0.02613299898977517,-0.005299084429149596,0.010890866890303868,0.0202501536525036,-0.007460251137935743,0.008796756916124183,0.014255265331846467,-0.011447744647933225,-0.01693095362268166,0.004508352347438299,0.022741278454235306,-0.016984531335217413,-0.028458744331923462,-0.015801969743157934,0.03342751467997425,0.0013710122234873205,-0.005603808846768098,-0.010119753363932256,-0.0021837419808891467,0.006996535874086432,-0.015269809083439867,-0.016478263158915048,-0.012358837789557141,-0.005479445498493267,0.013742939853472504,-0.0029627899959824575,-0.003486151727878267,0.016353662180093227,0.005661869498161086,0.030387504955555533,0.0001341011184787051,-0.003327803106307055,0.0043573404087540075,-0.024911834658379095,0.015312016825583348,-0.017209124760776594,0.0022171809147082575,-0.002095875947894113,0.010925915338447303,0.0034217182940842546,-0.006710694838490351,-0.0022154269919861607,-0.007109133955673815,0.01751846070083987,0.012585348195709072,-0.01103117817807068,0.0049227490144837655,0.009077247865127563,-0.02456236673132695,-0.011650500881905468,-0.016381912953243954,-0.03242787790421224,0.016468466584395172,-0.007911451170542103,-0.017612889654622044,-0.004519074879236053,0.0023632744452333205,-0.012451209548731669,0.004433256255222852,-0.003980105386558323,-0.01905301580749023,0.013938391022549209,-0.008523890168076741,-0.019183785937059772,0.03171040208282041,-0.006015894844233998,0.009200342317082494,0.007907671884214908,0.0009443471240631644,-0.005832093359518013,0.009334414362555176,0.00832943998808592,0.005847308361254145,-0.028496188464853866,0.009000153188909007,-0.0037910554828549455,-0.011455512487677488,0.019600940931104042,-0.005985870786633087,0.0006431850097275894,0.03247879803852478,-0.0026433007386356742,-0.015129377675410859,-0.01451416919052846,0.00013696145510254954,-0.003796609873219957,0.02453300079326413,-0.014648397773716912,0.0119679909125685,0.022061774194919698,0.011139692360028295,-0.0016246579850394802,0.00898675915885085
GT10,0.010156277653521674,-0.001451460111176679,0.024608910905937177,0.007744544947750674,0.028215577199591977,-0.05029717589275726,0.009112369504641747,-0.01421336517603192,0.03077384908873854,-0.009895514412779137,-0.008130472845554564,-0.02133682006932803,-0.0061432798789919614,0.07259642493517511,-0.0001309051142121091,-0.00480929393592203,-0.014635431989197728,0.01838766523843023,0.01576806070732549,0.016910984924673134,-0.00596990928584708,0.013029006587070008,0.03492517843039886,0.022822399018069813,0.033350136357284295,0.022622980540452035,-0.028821991641680277,-0.03627617502363986,-0.028510361157770458,0.0470504563516584,0.03072560281878592,0.012789996596521679,-0.0038889002176684404,0.0022656845913479376,0.0034912929038920628,-0.03732202866595517,-0.03937885231585473,-0.0422948764271576,0.0494957452873362,0.015854795731344153,0.002486676717383295,-0.0034806220489867158,0.03206606626726248,0.015640039005976936,0.00814168622184277,0.008507273838261926,0.042590961894929814,-0.0009701014485540218,0.03742467025998785,-0.004954018437014757,-0.032946142420105455,0.022159335758692115,0.03636976142434774,-0.007599437317087685,-0.027619713231706398,-0.012973466457478381,0.02323072636387286,-0.02284692140298011,-0.008397787011412867,0.011051425176622288,0.039282000274185463,0.001606723728681582,-0.006582041930311634,0.000603110138070039,0.01293487191542207,0.007391704043024487,0.0061566782368972246,-0.00016595146365099955,-0.02546453030141799,0.01327508312549745,0.019993414524613055,0.003348460461120075,0.002597484608492444,0.015200100916809916,0.01159434784105929,0.038902076604793605,-0.008286441011045646,0.008010379991927503,0.0006177174157835748,-0.033533915682369436,-0.004937669313539592,-0.01737376298072848,-0.011257143392587389,-0.0032035011401736688,-0.002825782455468319,0.007495582015138392,0.009349446759804739,-0.010283061406847455,-0.03435614713357849,0.03156134289318086,0.03068955510244135,-0.02893696246008456,-0.02103404045512767,0.013809985136696444,-0.03497958295052153,-0.002952271501031232,-0.02872731511999121,-0.04258090422107562,0.03618312034514069,-0.013596975598596066,0.003021686486955838,-0.006745358023780649,0.029864746947847916,-0.004967835129223833,0.007585774244971353,-0.006157359010557406,-0.011528398776422892,0.018465194520507554,-0.04997408567796825,0.02292374556716356,0.015265019920493861,-0.012660648804371384,0.01865860108003449,0.01633915491239247,0.005759944325113614,0.05045880994012746,0.0474500484980354,0.004826772784671252,0.0445248007964126,-0.015264974033425163,-0.009410943527372777,-0.01094642867840069,0.00468265735398747,0.013163945912195895,-0.005292395248884163,0.012529607077879293,0.021674909421888062,0.007419685328648574,-0.013158489392528968,-0.028162232899798027,0.004538574693023518,0.003736648565161422,0.01473374296872955,-0.03810229563728123,-0.020018226682073578,0.021084736817432774,0.0054961219654480805,-0.007161764767602361,0.0586127333008921
GT11,0.015649446250297617,0.005701264910373597,0.02664203042540097,-0.0005419752799171819,0.023989953284155856,-0.024579736294654386,0.006897747814489521,-0.008103450563215674,0.0232458669612775,-0.013436237554701481,-0.00707864047067597,-0.030325958762541783,-0.00754849917158245,0.059057188713437986,0.0034597829523998944,-0.012449787278414268,-0.010693363905530766,0.00638075639750029,0.00659964804958053,0.0199193396267985,0.018923122784906155,0.007835872219925528,0.024726885690356755,0.023322802429852508,0.006004313597764459,0.020885368239116582,-0.01652471020410726,-0.03767596631765355,-0.011975689486593392,0.037701720098975836,0.02572012816188613,0.007797712173159564,-0.00819514226546477,0.008780388897716963,0.008328231038705156,-0.03545000631857725,-0.028654958776129492,-0.04229480178626849,0.034474126769330364,0.025510447349523194,-0.010102791482903571,-0.0005940188707673098,0.03546053193644965,0.013997643422650691,-0.013711618931614166,0.00042086171999409215,0.032716414589619505,-0.006407786362501474,0.026040683143809414,-0.023529479968696313,-0.021798617115825415,0.01973214619815663,0.022457654759691994,-0.005942407913721663,-0.029593439929392836,-0.0011926453921493928,0.02532379191569532,-0.036234306473974215,-0.013060320836597689,0.003310301855323973,0.028658498752218337,-0.006096218167790677,-0.015937295193667125,-0.006328779387693848,0.01577604000770999,-0.0008556801243559111,-0.0017748520141375177,0.0028828066255030494,-0.021892971752225127,0.024809647769315584,0.01767590164194436,-5.800308694105882e-05,0.013151885364123836,0.01258710267731839,0.0036307224554564923,0.04617854337455231,0.0004929016463506596,0.01371222283195019,-0.004702858290166935,-0.0366794380164259,0.01790796153205097,0.007130969861303948,-0.0006921964404399134,-0.03341418549994257,0.028104649079693046,0.022976227817159536,-0.0052995224042465105,-0.0016107933061737171,-0.019846586175529795,0.028097520865489983,0.036921288834770645,-0.01997063344908651,-0.014551878906836421,0.01246257625796752,-0.021086855544943224,0.002190277323824434,-0.01762143560317269,-0.05400656770103011,0.009176038884998568,-0.015651064705126325,-0.018827259122575983,-0.013512848941904305,0.009570630146193415,-0.009038436876788764,0.016925114143124073,0.008499171070731058,-0.03057540918778329,0.009619103357239159,-0.02494689766515998,0.0076468739681070635,0.021594139961115012,-0.008210189228035797,0.0015564366101354131,0.03061033143884691,0.0015995699186082753,0.012901733339705776,0.030079282413466912,0.002073550320918032,0.013598667865622537,-0.007422008316989799,-0.009079754524485001,-0.004563843096733258,-0.0021064347800648906,0.01059699893372631,-0.0048368638963695015,0.004825616067907997,0.029179765442460048,-0.0017436264893643401,-0.003992238757387916,-0.002578435918632195,-0.00010926298383534835,-0.0019132419711148263,0.009603393354732656,0.004475652652681483,-0.00010389515440050305,-0.011654252303369445,0.02068586892369286,0.009626808357340503,-0.020390702123612388
GT14,0.14199105976654502,0.025309360915009908,-0.06164494736313496,-0.02817999049309761,0.13558430651875192,-0.2209849020718735,0.11206696069224076,0.07520936124434187,-0.015426520619878292,0.21404783727954171,-0.06947533732480395,0.05878630614954049,-0.06611071875383326,-0.10679339454877615,-0.15301527846048055,-0.026482811792903516,0.1600888338869161,-0.04266140948005159,-0.13668628133955785,0.1490023673451099,0.06524398767534355,0.015212700638611881,-0.14501158786160898,0.1877709805715149,-0.07565087732213273,-0.16259268430418994,-0.07705284295077007,0.165011351980354,0.12728049345340292,-0.09469322805836573,-0.12614855556033752,-0.04931779948055576,-0.05011259531028869,0.03411446712702983,0.10923066226335919,0.06454545095274121,-0.058903494811161555,-0.02855171137470022,0.06251652848540702,-0.04674778646574055,0.049298082871576304,-0.1838558097789041,-0.08167740205551205,-0.07492951732218263,0.0896119224023184,-0.16694520974849297,0.03785619756734899,-0.01981348975175447,0.3088184247707812,-0.14035243440475376,-0.022386128364829602,-0.04980880571287627,-0.09636008811821022,-0.06520332786277777,0.12528275478200165,-0.09086775739444591,0.07096018207281146,-0.04339330952094866,-0.16595598171990297,-0.16458827557541827,0.02009157618925065,0.04453516441996894,-0.09429188087748627,-0.001548850369200255,-0.20244662938081726,-0.021913827185073936,0.02193774220308738,-0.09454534369833721,0.2789506858180883,0.16301301401345966,0.05557983912585697,0.038790066613588116,0.04272165762776241,-0.029908800649852227,0.0526381731504042,-0.004700943417839938,-0.11349877579020665,-0.13440692777879584,0.04613288127616162,0.016773237408278716,-0.08562579485683598,0.0983523321566745,0.07258149624323158,-0.23288645723751503,-0.1029717985413175,0.17741651182158696,-0.11702642586970353,-0.04939713282060374,0.11282372183164238,-0.02019834662485211,-0.1647330291279477,0.14928934376335964,-0.09535946166324857,0.05361759930503583,-0.10506480195219339,-0.02634862466630172,-0.05168593304068883,0.010230296826654444,0.0036820131959490253,-0.009338227160120612,0.05224358244965352,-0.1093917728723707,0.0017717065674786412,0.010817592045975946,-0.07169023797845499,0.029496343070946965,0.014499846341425444,-0.00527212438520963,-0.13300006901372624,0.07615302761382481,0.04460976364342939,-0.06976205304005977,0.006044413373380798,-0.23860492533614114,0.06613192654569408,-0.06683981125848937,0.1339044268841743,0.15059238136086556,-0.13840972546743002,-0.0007005563612658686,-0.22334898469789707,0.23495130315390614,0.16489232698436768,-0.015814618092754227,-0.10390308816916725,0.03255196920999587,0.1197744327267415,-0.1881652857475187,-0.14073054040307972,0.040483569113823344,0.15037151691761355,0.14357644973955835,0.047867296413431445,-0.011833424365728703,0.04095249962986724,-0.0018511367393441844,0.01732835199219163,-0.016879358863353008,0.10188816281499317
GT19,-0.0026590786190113756,-0.0015144667854225804,0.004579485766322066,0.005021660040018425,0.0033044218603263077,-0.004614948255159584,-0.018155054059826405,-0.005977044280885851,0.009320839692975588,0.003903996174461116,-0.00560460626127316,0.004290323125994448,0.008716624772494418,-0.004096891380617637,0.016463900563294696,-0.010272467621783715,-0.013745983892346506,-0.010297192651593862,0.011089992111656136,0.0018487476723346534,0.008603277803680845,0.013555224546509082,0.016276256379901533,0.00725186438691745,0.008805260510387299,0.007350581334011496,-0.007521982690393593,-0.00888433014280296,-0.0072895239661307995,0.012190128465058448,0.00905768816966063,0.0035749039301114414,-0.00048208850599871974,0.00889317770688619,0.019291512645044726,-0.006905293214234232,-0.010354370344993657,-0.009728102244132456,0.005272576094866712,0.006928765895648237,-0.00322397887823607,-0.0011074596950533808,0.010498052862873752,-0.0018501585506177298,0.0039700200882082206,0.03401687716578876,0.00958970594360979,-0.0004913402447784553,0.0020524461495232417,0.01039099576960838,-0.02459432165590508,0.001963606872108755,0.007254039182633344,-0.002913483232957822,-0.0004689343309235348,-0.002386875713252052,0.00991525238099965,-0.020148782313080732,-0.006207261202124461,0.0007934215593583605,0.0011806989593339792,-0.01024005031258137,-0.011156217242181844,-0.0041174901764257504,0.013516503332725766,0.009655662923836782,0.0011566784536634017,-0.016175043915475983,-0.007205374694849289,0.007413368055464271,0.004478731695609096,-0.004282387499133798,0.016532775227776794,0.013863033149600714,0.0001985349040174215,0.004696209599555842,0.004354759871460829,-0.007554495880081919,-0.003536187757888548,-0.030513334475852572,0.02379096726971257,-0.0026687876008606314,-0.019008280099767315,-0.0014044491857573183,0.030866110867867162,-0.00928573360313814,-0.012046495993436705,-0.006049216678619569,0.007515030429797429,-0.004551314825310159,-0.00972867524759055,-0.00884898798993674,-0.0015580043137104031,0.005340721769030586,-0.015334881297742128,0.00466354210110499,-0.01821115144411089,-0.020579044504404394,0.004155991567679734,-0.012195759937162582,-0.004024330905751713,-0.009530795101925497,0.03418230066376126,0.019266905153291214,0.008377613326422211,-0.009013250025378741,-0.015266001491283052,0.0045858438220686215,0.01677967552856789,-0.0075867130711189945,0.03791643646501653,0.0207896818403762,0.0022697913517742223,-0.002890010047198109,0.006640276930673544,-0.007778622497677768,-0.0014603474290942624,0.017619909340495538,0.015314479365792144,-0.008135364737207126,0.00802471178210011,-0.020995714945173286,-0.005733101734266734,0.014005533965220246,-0.010704816922509944,0.012872008000434596,0.001138267096693598,-0.004017873532161905,0.004416918023847703,0.006795759883379458,0.015982877000760235,-0.0067328301879304095,0.023214857782963002,-0.0014371606168227175,-0.011847234182529472,0.02094790017743649,0.014803023842022494,-0.02019765460196154,0.008294945432876457
GT2,0.0007785291967994031,0.0007311607697168173,0.007767627861844434,0.0016035896051620827,0.0075520248842918586,-0.0051918638685876884,0.00021702969555348892,-0.004469807109303419,0.00959432900798999,-0.0027151887981599334,0.0014017746946488774,-0.005910983270124833,-0.002064158633305137,0.011989184329552828,0.009659637798570112,-0.004043209503849149,-0.0015156305914892985,0.007867478567905253,0.005148425706631234,0.004335475363123648,0.00715106088930574,0.01003071900511739,0.0048325988643122255,0.0008323216536479031,0.0033139230663694137,0.0059182507920600945,-0.01701064864125694,-0.016068613935132266,-0.003989991190968497,0.010056641363234618,0.00821492926276041,0.016394818939176492,0.010835305980419496,0.012183705939876756,0.00844146344538721,-0.001893572041593004,-0.009312085503501055,-0.014070843344630457,0.014039504979011864,0.0009330759458141708,0.005662683252644194,-0.001902321484118762,0.012542381782788476,0.001572072899350635,-0.0037968151818296306,0.017359277875452186,0.010409240797170245,-0.004987427845379208,0.009470805141798991,0.002455446374173551,-0.008788305296909282,0.007343137830957546,0.014306695658956405,-8.826242063160064e-05,-0.0038473565033005238,0.0031041549163284155,0.006679482978112158,-0.01182910152982166,-0.013859325635657026,0.00037658055448026894,0.006794226797680139,-0.0018610208774704306,-0.01741972042732784,-0.0017698357322878076,0.00575813676982228,0.0014233771164478405,-0.003765842227226168,-0.007069748206103105,-0.012400328789092996,0.008542659191626209,0.008164772419358203,-0.007301308695911293,0.0060075470436254524,0.007454160474554184,0.004727588591386025,0.012776595072801523,0.004773157510719065,-0.0034601953359461464,-0.0006408870479036209,-0.010561907521588287,0.004874922374647356,-0.005905922112220803,-0.006149906368852941,-0.005330285469095458,0.009212948860896684,-0.015024503656722978,-0.006046246702745818,-0.0027324300484233436,-0.002905842682503347,0.006603980162827023,0.003928247872045593,-0.0010827769830651288,0.0009490086118825384,0.007154518118650232,-0.012594691735454938,-0.0014954708120932538,0.0025493361302993387,-0.018155312611787676,0.007281240298169135,-0.007178058503137485,-0.004421018669464461,-0.006872454915062497,0.0007884901123602821,0.001723869307356717,0.006709571863061993,0.0099593310464761,-0.00881350550615044,0.00272640035696481,-0.005317172232176647,-0.0021424264335663298,0.011116208177413527,-0.007440020364592459,0.004597177912080207,0.005632423604467449,-0.0007965957709533853,0.0046519452011740065,0.0010258379595341465,0.001107109553761558,0.0015571370829353655,-0.003125699484940871,0.00188544543818186,-0.0028497743882228404,-0.0018058856295534702,0.007446040434695794,-0.0030129452274541527,-0.0030633587383187633,0.009868096351319109,0.0015155547867386917,-0.006882772666031434,-0.006142842247496531,0.0039645162845806815,-0.0038683173241814933,0.011828314073741294,-0.004033973328526085,-0.009419149836453727,0.01021193867915998,0.006660582649101448,-0.0006932938812338478,-0.004889458083423818
GT20,0.004760791715298028,0.05061705127564573,-0.028958558668207963,0.001081103222883535,-0.007092358270344918,0.007421416966407457,0.0316294252941745,0.020756081608413537,0.024570209496594757,-0.02672603523383526,-0.03075426469371803,0.061975244145414554,-0.0230024095939723,0.05171136393334294,-0.04658079915259806,-0.04715431628563259,0.03723469696183317,-0.01806532730769146,-0.07466382146939989,-0.03249590196080274,0.019300321982325397,0.013631672069853891,0.05077618651554755,0.02041090387325825,-0.025979656486163405,-0.05517916677189246,-0.049953372401255455,0.03511668401971365,0.00157114712703867,-0.0919123336397231,-0.020962619193125684,-0.03132261031864261,-0.07161323099923785,0.007672264256001923,0.0013146277411620153,-0.027450893249342204,0.00028618325906142674,-0.051179988587404766,-0.03151324271977835,-0.0051544843166445335,0.08772452782868857,-0.00442041543049863,-0.05151645683799455,0.01921410259820286,-0.03551670259061574,0.04974631138275885,-0.03753579449210777,0.040604760145652036,-0.029041156057874218,0.00690112015515332,-0.029460836696507307,-0.0683864542004008,0.0038072693861123164,-0.07714626731501054,-0.0319559807718787,0.005440304888937323,0.0682057668472259,0.026740257829445373,0.036783344581375846,0.0013462241381828808,0.024174218316137874,0.04014792252868193,-0.05356525081326272,0.029533793212633344,0.05143013733607871,0.08134072075716126,-0.0030652280009833624,-0.016899831875091354,0.008658578820787544,0.0015354472101456065,-0.028633358749700934,0.02034763503737189,0.02079784761718011,-0.030155092278326197,0.020822277479740033,0.029604951510358257,-0.013910347235023369,-0.06932383606988048,0.016202304900941426,0.0591400175824035,0.052694054987258945,0.045404183318997184,0.0281624623441541,0.122584197994791,-0.02889591411337859,-0.02471822377180114,0.03903376164622638,0.03577807062367309,0.028663594043689358,-0.013602399625448375,0.024802386001942272,0.06796973262440985,0.018351266204404096,0.04628237577745446,-0.07110014920185159,0.036871626190740095,0.06829856391593635,-0.019428774696125275,0.08305571473887628,0.009219194952889198,-0.059818005998125943,-0.01843509811675949,-0.03634645397642006,-0.1665455975918379,-0.06493212885047088,0.03457164486016952,0.023651298541648665,0.0387098961009497,-0.03556246043645891,-0.03753660822796391,0.13227227770851893,0.0092341334584611,-0.048299581428099314,0.02654968304194555,0.009152964013969535,0.033431750264536014,-0.04433800069063163,0.07189448455477924,0.02461030793350628,0.007792108037309425,0.08133810828338343,-0.032261404530359715,-0.015452999885625056,-0.0434596166166924,-0.025760156808279182,-0.13520708441001475,0.05053216242393332,0.06216394779738083,0.006803217612975453,0.013013625961533812,-0.016974012174603904,-0.05639369842283231,-0.05390860680728831,-0.010619029718366134,0.015833412631281414,-0.046240468885192676,0.012957248216406012,0.029453269684526613,0.04563784496567003
GT23,0.12723584579639174,0.05379735439499181,0.013336543837945223,0.1886031353671123,0.03876174880535797,-0.036279576009234885,0.1103904203595494,0.028547801750933296,-0.15318603253231305,0.15665917950870697,-0.14976765093934996,0.008081730237173346,-0.13221869519764767,0.07090900676705401,-0.14834867775430002,-0.1056987096809421,0.13108566668185775,0.03951136315321766,-0.1533296515316765,0.12221217754445834,-0.041060345081146116,0.1957608602241651,-0.057394496171754114,0.13487085677857213,-0.07438906551988982,-0.2486014089763134,-0.0006546248117486178,0.090256437667422,0.06357033695654571,-0.2150340082499649,-0.10679378559040598,0.021475248626981018,0.15259524967529803,-0.08149129920450575,0.11280400515631606,0.0695529650260982,0.09030473078978289,-0.13102065753214637,0.1350339836912685,0.06054775765017402,0.09076137539197325,0.12076809705563689,-0.10613857256445039,0.025636067339925735,0.05915647705600091,-0.08393486758607893,0.013404811977232377,-0.11575118946496994,-0.07562664811815982,-0.040770568945257706,-0.03857999780651962,-0.029151879850771868,0.08360988489968384,-0.037090000633238016,-0.009312689133931398,0.020419877549958436,-0.06919070794179545,0.06998083594563982,0.026484916487920313,0.1273260364092274,-0.024907018830653806,-0.013727726652388507,-0.025388816894752378,-0.11076458931299527,0.052420261940578354,0.2076650276593953,-0.08763426984091714,0.08154385142587223,0.10464474183195045,-0.07135996674747201,0.00649698185078602,0.05648205095770641,0.06970628554053215,-0.03382462587537064,0.0075208292665251055,-0.005939923961096212,0.065777605727403,-0.05949444788016251,-0.041184843901875,-0.1037727106635662,0.01629509414262781,0.06853040001586609,-0.13085350196158407,-0.027722075737249472,-0.1645925151496019,0.12188843150829567,0.018786773830984736,-0.06509837689841341,-0.05875732927512947,0.11418908718211257,-0.09107794612139189,-0.13072301825620336,0.07085537246295437,-0.1810796279335572,-0.13747485637701054,0.023958660034914956,0.037281916968966065,-0.04178888613689237,0.008563257065412916,-0.1843714162729187,0.020320461861234863,-0.035535832282785194,0.07024354248901804,0.07487735141581886,-0.20331213529666597,-0.06206833253667613,0.008640645888278052,0.06607657059496899,0.07523311927530789,-0.017231407848922325,0.03557169369778027,0.030022589042385642,0.08406163787311735,-0.06728598462155425,-0.09047511979520964,0.09621974861071234,-0.15060562985455017,-0.06773611302251288,0.22627229285849443,0.0024556397646238,0.049417514433230184,-0.02303039156136603,0.018388909713535764,0.018256592149286925,0.11332458548966012,0.04797020006515412,0.12204192161440333,-0.001156955686645987,-0.16459527328837376,0.10377204799149406,0.16599241902230824,0.012390768813288303,-0.08394666041154521,0.07543011763353215,-0.0370146315824235,0.004920639483929858,0.06958734014265835,-0.0779552516045962,-0.03256594441036761
GT25,0.04707935784243673,-0.026090349492903384,0.15811242528134117,0.04891977046672017,-0.26957524408899397,-0.2064533773129169,0.08317314907667886,-0.03701148106242361,-0.0013371052819415286,-0.04103872389571351,-0.03888933704461066,0.08942459752598493,-0.04026214077978039,-0.17089875099046026,-0.16486633157580804,-0.05171331755504995,0.04491253153482798,0.13746840133721286,-0.06302850434612814,-0.01776516551782447,0.21795904589923512,-0.031944126515486185,-0.07674979757930366,0.21655694538621503,0.018505472654770372,-0.11070972752846829,-0.07074469663020704,0.023795236930344063,-0.18917493896949142,-0.13121619156514452,-0.031865887761230914,0.0271064996189461,-0.1065363568211853,-0.005659498706528892,-0.19292508359955765,-0.2383186020880139,0.20913206895086398,0.19055096416799575,-0.049354157440586875,-0.02917615940492171,-0.07151777940266206,0.07281642461609543,-0.03735423707172004,-0.017829899974395956,-0.021098593475057836,0.041026117239962384,-0.12495790667364243,0.0313449191748839,0.14679551624525095,0.04760783492434042,0.08529489077493423,0.029793244224477745,0.05700963010669307,0.1032556544949371,-0.019028811883990637,0.08502223869504075,-0.053021301856238795,0.0400913625557591,-0.23588521644434013,0.13229938676453099,0.005720869416848575,0.016068875205998957,-0.07873859831305127,-0.20373729246527014,-0.17251527412286882,-0.09919012411802532,0.09914516644009311,-0.08875972068363562,-0.07649028631858336,-0.09330721037801276,0.1114829730657458,-0.05945184126647132,-0.04051574879115139,0.14761826331512953,0.0077724381671145865,-0.00674560712929642,0.09585815444852279,-0.10161924890737095,-0.004690092292693274,-0.09214037542957533,0.1535530067002763,-0.02592952243251704,-0.12715063056643952,-0.0534308172460132,0.09268750400437713,0.19771612287536755,-0.0699359814642124,0.060638385768159095,-0.16495059610893725,-0.013602389460857045,0.09805489763678071,-0.09953126322199231,-0.08194288894800437,-0.14496331096222426,-0.018078541369802272,-0.003104838366444263,0.023009098943610758,-0.006575223149585559,-0.08630759113366684,-0.0419084225675622,-0.0016472799894003047,-0.07065422302653442,0.01212632012515731,0.05987175582439751,-0.02585879732252468,0.021832582185895795,-0.004784658637693904,0.132285529483927,-0.06406739973860553,-0.015626763566645427,-0.11063944301223363,0.10523129032703113,0.10065346018052486,0.09064013597620571,-0.04218936170662773,-0.012767168015654732,-0.10463449717561202,-0.01796677711275102,0.13579639225928697,0.19267679747338787,0.02859330657918144,-0.06525725077515893,0.005422184293396981,0.017706875594731088,0.03460867625824689,0.024519515643608394,-0.1342467464303546,-0.10263557984254393,0.07152836681153533,-0.10500560325196841,0.1315105847624599,0.2088284753152821,0.16659311152783585,-0.04073439164525807,0.05282774505640778,-0.09405918890014017,-0.010388689768933973,-0.006353787176658893,0.05943639169431327
GT26,0.008208871970532078,0.01667020282645337,0.015186373157580771,0.013748352974214896,0.005131198715116523,-0.019537823720916062,0.010723051518593242,-0.010278850642108223,0.03344577414269776,0.007897911571290687,-0.01920961125292406,-0.020319624928357104,-0.016304294815814316,0.00424860118204555,0.005640429846369081,0.0055222743589452,-0.00794956344405829,0.017646603090712882,0.003320054488351827,0.0094076988128256,0.02691780874931607,0.0019148348252815465,0.028984569848071014,0.005324741314274795,-0.035803353261450566,0.014958786549763986,-0.020249199796641502,-0.03740946428923658,-0.016710244444995997,0.020243606143699792,0.02321777601244575,0.019152125355366215,0.008901679703032347,0.007368524641553877,-0.017861717795530807,-0.02220103087999518,-0.016225415920605474,-0.025695930140167782,0.03805736108774728,0.017686282901085787,-0.005182218130134424,0.016307543932879177,0.016097094809774795,0.0014030678834453811,-0.01228994137739372,0.006208083992941872,0.03605724513640956,-0.004243536301776719,0.0138702750158217,0.0007230318617800238,-0.0061458757720464705,0.004848643705442985,0.011154296869146261,-0.007107520701059597,-0.03601137340085613,-0.006100050711228688,0.021841928232646055,-0.003616370734498453,0.005383099493187066,-0.005754049847581799,0.015323243631176198,0.0016088720646868068,-0.012253879180835306,-0.011338745124761667,0.004092543901674869,0.015991285058859488,-0.001933628041866337,0.012425357243604971,0.016436336652449195,0.011428765186452043,0.008253432737124726,0.021191868917499742,-0.007194820964207468,0.027399577320646077,0.006179821968679609,0.0030712027142620686,-0.014779276142318566,0.006298398062357245,-0.0013876530916311967,-0.022275328974238003,0.018331574875705747,0.01683768760041686,0.001021119419038749,-0.024384408842685133,0.0486585696915953,0.008212210712973228,-0.0052477076105724016,-0.011218650056250227,-0.018592466710771128,0.050408254726281944,0.039593315039008606,-0.017195345922025013,-0.01085646012271041,0.009078488655338278,-0.013361001192286134,-0.014668741212925208,0.007693358584323489,-0.017850908484593704,0.0167889373697103,-0.02488441674364965,-0.013821709017691763,-0.01169879515779765,0.017550925176655546,-0.0009429037492643415,-0.007436340605572777,0.0114336639979108,-0.032974364604785575,0.015315875254695003,-0.025726149747043382,-0.010748803115864595,0.02234479023147772,0.007683197851484712,0.03534116691853852,0.016496458976699914,-0.030526317385539136,-0.014505763833358819,0.010842137710052562,0.007227141066544056,-0.0056271413166090085,0.017226524815324513,-0.019558313532429296,0.0007477499425766048,0.004989842334062399,-0.0007888243036998781,0.01591868441183639,-0.016769521307719925,0.01450531980232077,-0.016861589166430376,-0.044303054492299584,-0.03390260936464638,-0.008693401081326784,0.012630384911907397,0.00702057123235359,0.012426891812276061,0.004406499395849616,0.012674072229290578,-0.0029106219676875563,0.0023805513644525773,0.006990199521698355
GT28,0.00892380459796126,-0.014571821436990259,0.022276084416808735,0.004287652581973846,0.014364315047546376,-0.0279561332666276,0.0034701992702797636,-0.0010052298916913402,0.015814430639065236,-0.001310497363777795,0.004634326474756986,-0.011292676775965139,0.01061326619840984,0.018450174360942845,0.006270482281498795,-0.00444792924588962,-0.009418781268534036,0.015066307241766944,0.010660711036761538,0.008769100879143477,0.008187730474466347,-0.0009582320731752384,0.013442753857910984,0.02505306016249466,0.004077006451841149,0.023324818141698733,-0.030700152096509677,-0.03210268240070313,-0.0015375815863245355,0.02974835511125956,0.015367215927374169,0.025426016440494,-0.003680123292618853,0.009553931353345965,0.005102953934010674,-0.011167249804910854,-0.02070004237056197,-0.004320785124342444,0.024734756591320944,0.016276185175228317,0.006654332904495023,0.0049929894949035806,0.029513457410379983,0.01497578387899152,-0.020214527188343483,0.011331913220830901,0.006559670201718104,-0.002299232540375492,0.021301011059103862,0.0032723649839624886,-0.009824796197559254,0.024207635512560572,0.023138374094741666,0.005533439825007942,-0.017976796870416437,0.001669964100748566,0.015529751414995187,-0.033973733647362295,-0.024065533931775934,0.00022972349314473662,0.021858735714836014,-0.006811116592741725,-0.01455028095020062,-0.01439037317952002,-0.015682131790557333,0.003040332912464094,0.009903891329494895,-0.006245037767944151,-0.01397962371243126,0.011867449036705896,0.018576295625952238,0.006917698683605656,0.009436629932248296,0.0212666290957971,0.010148630603110347,0.013025309941674806,-0.00027505130149932345,0.018788002098248498,0.00129401469099343,-0.011981042722692934,0.0205292486069996,-0.008928140885925305,-0.0013108489958324086,-0.027413698373013908,0.0046830984179285695,-0.008111684692474088,0.005407263290644526,-0.008091774526164656,-0.006989417992819125,0.018037091891568834,0.009798566003872203,-0.02140887398697783,-0.011508279435925485,0.016534803161398454,-0.020374470596661726,-0.011797512695531101,0.008980015829542309,-0.031368629934169154,0.024065810187034332,-0.010202858332537697,-0.0015762505414799483,-0.012660884723582386,-0.005408236513421315,-0.011084726310603187,0.007726644070257053,-0.005716499625560289,-0.01949006963141971,0.016190973897116875,0.00299384679685815,-0.029167821512017376,0.026363650487034592,-0.016136775058570682,0.003194865172152348,0.02781738609682905,-0.01642688600604009,0.0064812665605213935,0.030837845852755348,0.011188293884977324,-0.020147794192924687,-0.008133296459163305,-0.006943087433626324,0.002077255220552256,-0.02437179259020595,0.02432664433636068,-0.009567095095615874,0.0036047073826423106,0.015985129228458295,-0.0016039328164173666,-0.05772397809479145,0.004400996163999598,0.01410083921241215,-0.004250575421882188,0.014553459252297639,-0.013768284605743916,0.01384785363982718,0.009250792007933727,-0.007781292896139675,-0.019498000679358942,-0.0046560022973472165
GT3,-0.012962657037671086,-0.01364834249221929,-0.023368759666212338,-0.013819318525491519,0.006844289371290835,0.006250173703139719,-0.009474482731346982,0.010609491965199336,-0.013547941681492044,0.01268652224468721,0.0035776533587994377,0.007998387768281032,0.021842878730733775,-0.013667209041259258,-0.0069208579257143,-0.0019680105290155185,2.9046492173194743e-05,-0.02164330137871244,-0.0035020645785090432,-0.026296874103991643,-0.006441731726025772,-0.008390320057884438,-3.418748829227833e-05,-0.01823257750915677,-0.011016898927296244,-0.012534189708527745,-0.012921848159145316,0.02170752351715733,-0.0064920307020014615,-0.010053465114487087,0.00797415609969251,-0.026634982225224632,-0.01844766734605899,-0.018333386074129925,-0.0031762156693766782,0.01796220032561086,0.014360468684674197,0.029047306459938544,-0.0201104617224079,-0.012111616754938064,0.002197344041808708,-0.01005688784792979,-0.005795160495288758,-0.010878036782799486,0.016693143392642183,-0.016484680184946112,-0.02963653485796007,0.010049172961997543,-0.0049384651863268215,0.018784721832377598,0.010419959900527742,-0.005368626011795034,-0.003474076783166783,0.0006585665762332081,0.007709984149915004,-0.009445193517391233,-0.010804250130468741,0.022072373166344656,0.00859398808478116,-0.005836566326078755,-0.010357354068578389,0.007658267169369509,0.007432873457858871,-0.0055382009753270275,-0.013527012384388989,-0.005281375822011878,-0.006126125778813455,-0.009292944395413224,0.010502583985942643,-0.015029764759635602,-0.021010145522166804,0.0013624187468824016,-0.0014197734869397238,-0.003593025649078177,-0.015144895298329429,-0.008394602691600852,-0.010805925293969476,9.716084478127613e-05,0.0033231894169462334,0.011929963912077741,0.013287098424115436,-0.00021248030810145174,0.005915168740632595,0.017809996075900125,-0.016509185683013832,-0.00276047004061379,0.008988085620490078,0.014271938685037247,0.00682016579111247,-0.002407928227006355,-0.011551092869844815,0.015281512489937565,0.001625480206890141,-0.013017123375610493,0.017358643948968595,0.023081947231810184,-0.03649123724099313,0.04047711035611298,-0.023831450739676886,0.0023423306864535,-0.001946446503123308,0.0007469270920401152,-0.011039890633525281,-0.006983807521564344,-0.00554984993607651,-0.013055188397022698,-0.0038516508832853336,0.0036791189474416324,0.010220959028209313,0.014301923795830906,0.012662136748117156,0.01851633421613544,-0.01269186073900628,-0.01771007312682836,-0.0001951044586867948,-0.022399931873829212,-0.015331287167683557,-0.005773549388210396,0.0025058753070551906,-0.010315303737683199,-0.01190044568377227,0.009248899328643376,0.012207455032061942,-0.0014459319483188038,0.00025984051223340105,0.020471756541216787,-0.009739296570198678,0.019629322278835862,0.024628737943258556,0.020504163347902313,0.015899005855527393,-0.004575650586693861,0.011302728036706957,-0.006285624201839415,0.00029134410127990267,-0.014410500798666459,0.00522758555971912,-0.00475826801786714,-0.012670492555337474
GT30,-0.013701864378708172,-0.0025603464737644008,0.005253255245925337,0.009244947202675845,0.0026133238620264987,-0.0035317266219007624,-0.020606186139563675,-0.008837644377942976,0.011439200427162318,-0.001087381468328222,-0.0057295435569730095,0.006764494602474004,0.01906367939092415,0.009733282941279939,0.015898021345056412,-0.022661721572744698,-0.01241439060260736,0.005739671952574445,0.009451577627503524,0.014632100665761988,0.01130611224927753,0.009357899641395242,0.005195798754058578,0.01180327619358694,-0.0055936226939428445,0.0126898225104388,-0.01807109158425353,-0.0080955232046131,-0.004934581181743051,0.0013805892325033868,-0.008207856368559106,0.0002411078704222756,-0.019048439276380006,0.009770333363192241,0.017697931132651126,-0.005644185543453021,-0.01712835229916109,-0.023362979156964336,-0.006819269665003653,0.012361274518781579,-0.005585728656021306,-0.01070879717410941,-0.0018059312327214116,0.015617769887498401,-0.000868303610763789,0.04615142414298548,-0.005401342374626839,-0.008039673288305751,0.01670831487873594,0.014218917963901843,-0.02594363522917261,0.002734219278695424,0.0054419457155966584,0.011140249553831003,-0.0065502516993049716,-0.0038061278553260425,0.00817679668470075,-0.020294786300176698,-0.011766305322588043,-0.0023950599041714904,0.00039141251015618737,0.006484680373179201,-0.021863769032222036,0.0015249299640295178,0.0043648940307705105,0.004990323299667874,-0.017587031762989824,-0.01667711125074531,-0.014963094224437833,0.011061688387128676,0.013049331380877358,0.004210957956145425,0.02236071620704618,0.002157121363332662,0.012266297161411248,0.008612846355100191,0.008810598251447668,-0.008355465594562846,-0.009078811948044095,-0.01933941669011213,0.02559509595759878,0.009763329117266246,-0.002371100842234297,0.0155670150826248,0.024319557140481694,-0.015618856648534674,-0.013827963912847067,-0.014553184163540208,0.01499233107461333,-0.00800104682453142,-0.033281077336173935,-0.005765092774857836,-0.006213047000122091,0.010806887899367668,-0.03185524333770763,0.012396955844628146,-0.0077589472540754816,-0.012103399920202354,0.021499486138883268,-0.015132256066610917,-0.018155294491348437,-0.0019782937483899233,0.04342307911818778,0.019957617347816193,0.016399062626097888,-0.004041754881397611,-0.014713327006762391,0.00353777339708119,0.016627353237221306,-0.026558581227030115,0.040877545975052006,0.021391299345537573,0.010144268662648259,0.004229462153833639,0.0020782030133419346,-0.012910614340923231,0.003832989523346465,0.017903216739878786,-0.026565268926285003,-0.004030758817824469,0.000912178852374193,-0.018859346592388394,0.005927336248196584,0.011078996099015274,-0.016190287335018202,0.015568272126314672,0.0027464530670062797,-0.004882573667857292,-0.027969037085792476,-0.006780833606457337,0.0008882363839242,-0.010029864412282982,0.006463081604698565,0.005284771722227292,-0.014550397719026685,0.003940522290989053,-0.01593859214175679,-0.015813967297213846,0.014341234613524101
GT31,0.009068283477074387,-0.00740034703164576,0.04021456011407105,-0.0023832431893337823,0.017136794932864397,-0.05747609666272855,0.013406116169744098,-0.010130587184541988,0.042975499391905356,-0.011657578122921527,-0.018864946210585026,-0.036211728455048726,0.0052785485637290375,0.11518569348395481,0.0011002506679680547,0.0011273831835788087,-0.018754141574753014,0.027673795951203322,0.011177016859612372,0.015487426730062865,-0.009047683021125838,-0.006547918517401627,0.04007125950188345,0.027127661150060357,-0.004085809876713387,0.04021533973561396,-0.03339067204615052,-0.07186686206924815,-0.031158011644155426,0.04941336218776344,0.033524306924968814,0.01042234102740968,-0.018411844123876978,-0.0062700511277215916,0.02071865239515043,-0.04894636722041307,-0.03718328841162619,-0.04629568975249997,0.057813746600831245,0.02456479691119304,-0.006885853845355267,0.005306376790587761,0.057946544257240655,0.021002218164179343,-0.02126712107664905,0.004428541308632715,0.036056410980292865,-0.005135525019805462,0.02783328243623817,-0.006599388441346284,-0.020137336115215818,0.027644888870423323,0.0374319386256782,0.006384964290237906,-0.05581306822767167,-0.005961715533814821,0.018633580976948054,-0.03767928106421959,-0.019868758395131286,0.010960729558031134,0.028591580914152516,-0.0077866260794279335,-0.014918728132202304,0.0023730339226235033,0.011950574915106829,0.012920927905312669,-0.02747027564663007,0.005075365180214697,-0.029536268026234797,-0.002015572741768117,0.0368652274991313,0.02135876853781198,0.021687093280708288,0.013347116643920853,0.014335778818630752,0.05655433571432328,0.0018061020295515437,0.017803303140990996,0.008136204509246342,-0.03765088713180889,0.0027205247391063414,-0.014955750028170687,0.025192218803457483,-0.012821162987115792,0.0354772181046262,0.035760152337378996,0.0041703322716785205,-0.018173478582417333,-0.010244066447496866,0.047466805298707386,0.022701841143800798,-0.01977354511023727,-0.02754012666453213,0.025946079649628747,-0.04536671942131925,-0.008005446262028093,-0.000780110436994335,-0.058470177315255285,0.03241801215434377,-0.013870670166017358,0.002528062626244229,0.011296583933277099,-0.0022345957280065754,-0.029743449020986742,0.015771188801414406,-0.044059104172906045,-0.060904200447060935,0.009276399990640704,-0.003570795534062765,-0.03019701836484354,0.021346988576640056,-0.01708735734794256,0.02396278992692423,0.02585485371983558,-0.005997628258260646,0.02346797016511935,0.024784750787086435,-0.007551258292827157,-0.00408515973888894,0.017628678617886535,-0.005203468152288524,0.03696241726841641,-0.018112195716045634,0.06312849316455782,-0.026344976171697024,0.021614213569314665,0.0420380956598795,0.004801718548790163,-0.07202745778036741,-0.017144910125222994,0.004411116167260561,-0.011533321414898146,0.0362330669091548,-0.01052984166131829,0.015781364578137776,0.030012822340876502,-0.030216327624913056,-0.01912919848762089,0.025388094317515715
GT32,0.027284531415563296,-0.007410251495628103,0.029878046808300245,0.01753862378041981,0.013211034276628921,-0.034212938801122576,0.009861829162441046,-0.006563755686306909,0.017356626267395932,-0.016830336165737998,-0.010260692268109986,-0.018685407485177757,-0.005181138765952608,0.04178880727661942,-0.006520042142268915,0.007609192946906121,-0.010649810418495031,0.02515418163101135,0.004845228227221814,0.036545421180140904,0.0022189201882693633,0.0029202606614352955,0.034831763684317854,0.03678902545329691,-0.006000629001392852,0.020441362808249115,0.0020944872718350704,-0.03688820681720373,-0.006168101906563257,0.030486219121549682,0.02483365804372773,0.01820961501557805,0.02149379778118495,0.019837988785795412,0.018841585944049697,-0.04511480106807927,-0.0247714965308792,-0.054769865424230534,0.03307891899222207,0.022721991711194316,-0.0009689062285536171,0.0004835053677129738,0.01907799926122512,0.015443821085066464,-0.01134920664783825,0.009653803673952419,0.048935967035708995,-0.00449460884147725,0.014179115099269236,-0.013367960608285061,-0.03314098098177529,0.013272308411079436,0.018693095759367305,-0.010818189043408694,-0.0281441788189372,-0.008411318537366815,0.012217791097618558,-0.04660000131003026,-0.02292246948846196,0.004375863830157448,0.0345145365367079,-0.008784289443910232,-0.026846442044868992,-0.005412282777012646,0.019467839349318897,0.010870358407212528,-0.007054620428429265,-0.011558871015691634,-0.011466949423517689,0.023440832451958243,0.023487848186569907,0.009255736037076046,0.004673214202629775,0.021849623610269424,0.000416764352510615,0.023691953726337554,-0.001711723528862722,0.0051139246983517295,-0.0046482578050894945,-0.04432253384571775,0.004779590728954048,0.0051749244507764925,0.017743733189947933,-0.0180524014866896,0.028230542927188053,0.012111240544726625,0.007128822908047413,-0.007677352711778407,-0.0095869470311789,0.04585699255060628,0.03288334676081709,-0.04922346560037846,-0.00988780838524878,0.014772568155348123,-0.027433146451819074,-0.008288006699889224,0.00860712887770305,-0.03393778902481927,0.031239142476780307,-0.01222154121263664,-0.003741403005081143,-0.023577752550799237,0.010190506482510554,0.024855118627797858,0.01192067392090318,0.0216359582740677,-0.025910100892778898,-0.003246482100731365,-0.036680742702979205,-0.004542048334718839,0.009134313723867322,-0.01665637672474822,0.015932428767707296,0.010273403864935263,0.030716320616346326,0.011005729615189707,0.03415437930816599,-5.351591276785872e-05,0.007147221688822467,0.009346435854963865,-0.009290714538876721,-0.006921088344400219,0.0025081580966194975,0.01360898257565145,-0.02215596743017209,-0.009135828552882424,0.022003674323887792,0.006336655209567705,-0.0010780725918070496,0.0032831991355241155,-0.001238971066799653,-0.0002841709365057191,0.00039104320341102136,0.008116300907135584,0.013387676491519715,0.02667004138399886,0.0009955570723726905,0.016035839532808526,0.013119766941149259
GT35,-0.009222204323005514,-0.008803351864477175,0.010044203060347225,-0.00034303927735273367,0.0053323532399030685,0.009835436194622899,-0.026675148235284482,0.0015457569149802148,0.0011151509733236219,0.0006135779245810141,0.007970150178591838,0.007311063462596127,0.018885100256189512,-0.0010436426178574542,0.023591333278600652,-0.011413936782278086,-0.013612277141119506,-0.005147009231040742,0.01068025812671245,0.010897896749692836,0.0003865114667997323,0.02883482201290079,0.01860763739409179,-0.006038719138540602,0.02204534902352103,0.003681399847788117,0.010403774360430345,-0.0015674748329144081,-0.0041844201798527745,0.027207549553331517,0.02511621314241828,-0.0018262763039622232,0.016009686371381126,0.0020415778936322326,0.002749389205534764,-0.0012294987703128687,-0.0006367910306660184,-0.0009434910116120557,-0.00023237287807988054,0.008701476326018302,-0.0068819276967595,-0.008467997479490032,0.014743314843139533,0.007721616426576394,0.014978954170890417,0.02394353685545399,0.015163546434758816,0.004742142640747722,0.005242045997645097,-0.01813424503138418,-0.029618407263905664,0.009237148855991625,0.0070319206167003346,-0.010728490521469769,0.0017268393611420264,-0.009691060026822839,0.010618096851254824,-0.021467797855549735,-0.012565114257283232,-0.00015553611744112912,0.0012324831916442698,-0.004356155401625403,0.0008666614478705716,-0.01048264185690164,0.025527169458914763,-0.0009081080429635555,0.025152492693009634,-0.016195337044856768,-0.0009048812740915244,0.020885190340336354,0.004290788024991562,-0.007489212313451469,0.020816313890684283,0.007069309325548793,0.0015027532905693814,-0.005195383021505177,0.00788323982357707,-0.010392164471436927,0.028457027569981353,-0.028987851456251223,0.002089341755546925,0.002554161524485093,-0.010283279796027616,-0.005801957409290392,0.01879252965842093,-0.0020196538768540457,-0.012803268379793706,-0.0012065690385886457,0.0063978873349199465,0.03500630895988346,0.007992234278418017,-0.010049505470047786,-0.007506324775593125,0.008791130608229765,-0.01066535009593785,0.004472479027924877,-0.014428592805893134,-0.023685490520005074,0.00488900974801724,-0.006245575153511445,0.015191791675983286,-0.02845707773720277,0.021698892283641708,0.03901434483279186,0.01401414330199952,0.019557667502715592,0.006365919775735565,-0.008674452433334496,0.0021579018457861237,0.024505495257026284,0.02561061821176851,-0.0007750137143895053,-0.01753633313884803,-0.0007170612643548162,0.029184215710146625,0.011669197774408169,-0.003993750339144119,0.02133965994298401,0.03865052457114843,0.00042569883888252173,-0.006556273895280151,-0.030259892701980047,0.00026712038942506444,0.004011931180017527,-0.0063428698912370105,-0.0007088448642336993,-0.005147107266392427,0.006476476402846591,0.03868703496387074,0.00831534819947882,0.02027936906313964,-0.009199944908776589,0.004362696452420405,-0.006892226679542606,0.003459047917159149,0.00555364130780255,0.0157857749836,-0.004933024300214946,0.009865325074423574
GT4,0.004921268342495375,-0.0006123040696140872,0.013654711614700244,0.005739857012345096,0.009758982645143228,-0.010798419361707794,0.005440837446929036,-0.0014050964978048692,0.01114653748013288,-0.002515911178490179,-0.0008164478637292548,-0.006202787116349134,0.0004652695599226036,0.01451203913544214,0.0028970452133630195,-0.005531973167462312,-0.0032038177756662494,0.015571802782243403,0.006384293084349318,0.00817981726277969,0.007170002473042694,0.007088390692925362,0.011744618826933775,0.008314762749336853,-0.0031875919589649583,0.007859961323990559,-0.015665603801802912,-0.017638743277112356,-0.002101315765639818,0.014214043679001398,0.009863968713274702,0.020489996563184714,0.004047121546174623,0.011658153401989406,0.001244963249060984,-0.009045703529543609,-0.01122885515543049,-0.011649045482765512,0.021887814883188805,0.007415874875249846,0.01038174095385865,-0.0004202963136713162,0.015313131586896537,0.007308109324266751,-0.009856828008956441,0.00958293565884672,0.00774576544868984,-0.006015233859736682,0.008426184372650693,-0.003239954760408075,-0.008630823704734284,0.011702610862126246,0.015506094560610008,-0.0018294536094419684,-0.01105675080931931,-0.00023889798077189912,0.009584915554505307,-0.017239256039179935,-0.011127380342237871,-0.0015018227956104626,0.015156969871514934,-0.003470635335188174,-0.01619284745105127,-0.006333853780483363,-0.0011169711310656104,0.0034628884975925612,-0.006239732210353502,-0.00810573670202621,-0.011286362698683924,0.009211886462041062,0.008299322952894454,-0.0066304741607895006,0.002506812411355481,0.015117553180255493,0.00334655053489682,0.012694488247046054,0.003409614523612851,0.00035568668271331364,-0.000306379283587213,-0.013906420771726989,0.006951709860994718,-0.0019143512740879963,0.0023767506341285357,-0.007657673158790683,0.007845223445146984,-0.009833511233884807,-0.0029260772041184483,-0.003596154686018861,-0.011939277226454664,0.020063361517850428,0.005480847999121611,-0.009744481365692916,0.0012242784386544553,0.012430665957970502,-0.013026393172756816,-0.005014358372930349,0.0070044257952207225,-0.012030139669766524,0.008969747775888872,-0.00795255384918452,-0.0036797717535835663,-0.010608506891498622,0.0015570630133042455,0.007393835547748972,0.005356699210640557,0.0062736014148103425,-0.016116896146239682,0.004768261394064362,-0.01399078857033865,-0.011222157310049023,0.019666526653792833,-0.011246131784264039,0.0047639204769033255,0.014912702705724644,-0.011892790249549742,0.0005407169808322278,0.012238168699892554,0.010050366922557017,-0.0044490234503055445,-0.008349519291831748,-0.00936974242704167,0.0024327302203620473,-0.007323644531480471,0.0060612095347840405,-0.0032808272936926636,-0.0097668460890949,0.011144478967646249,0.004529761176236743,-0.020401839940691127,-0.011636112736582247,0.00778167798876894,-0.0038345017049610528,0.01920986112752814,-0.011947426769050869,0.0048694675725369325,0.011330459326649906,-0.003817487185716536,-0.0002600005400711275,0.00017557562219625372
GT5,0.014988916623726194,-0.005360711112932357,0.0045491218822807334,-0.011874247998425064,-0.02025981542067913,0.03335937036671994,0.017663505949155653,0.007895505834494897,-0.035381252555130534,-0.022329487852282785,-0.0016168836331579032,0.014981937925514582,-0.01778363698555444,0.016864055851264124,-0.01240190354436895,0.006084087589624829,0.024987882598812274,-0.00561572258472077,-0.015122316554967328,-0.006085505068570049,0.009846849325350963,0.0003052421707825262,-0.013838075149746592,0.001305435827834286,0.001715543675344359,-0.022820954167867922,0.045043861093407016,0.008821687453906345,-0.0163937023506234,-0.05213045417254578,-0.040661141240848866,0.007647312002433976,0.0457848298086676,-0.0008561790617946973,-0.0032245604423601416,0.008844929071951342,0.025807993532325713,-0.01466341863598439,-0.0465492259274925,-0.036172222233586654,0.014669433035451233,-0.0033387983617850984,-0.0068326711430706415,-0.02701967958231088,-0.021520837679513096,-0.027201535779200633,0.012458724571441322,0.010230865643873245,0.001898805051290973,-0.010919499084934014,0.02813392965863675,-0.006450988439275632,0.01732221230792696,-0.017014105956865852,-0.01698577917800828,0.0032522969530812515,-0.0022590021321457605,0.01996367422673329,-0.009406853632468725,-0.024907226828541042,-0.0014436616978829528,0.004375756795205695,0.00856150339783669,0.01627700058794415,0.025860311382268318,0.0056662924906576125,-0.031536227288932475,-0.004103961778727827,-0.00027030941589969895,-0.02368622185963344,-0.009194754761099547,-0.0012242719318608076,-0.013479106157068885,-0.03532884912996919,-0.016900289055680553,0.024732052104374524,-0.030369599152089994,-0.01418141988519157,0.008957955182158467,0.003346334077292892,-0.02179868080023866,-0.004193969066137085,0.006744701314006464,0.05818939625969751,-0.006687791037911403,0.005677042915538923,0.004351494625453995,0.024828718623193243,0.02875158484613444,-0.00897822580424134,0.019550993197235127,0.010745180577127015,0.026837021008975476,0.0008297613511049192,0.006887539243924038,0.012452428300193117,0.018150941551097335,0.027763183249413504,0.009482685845931513,0.02045601128807017,0.005176158766181454,-0.0014281416082003518,-0.021798315232385006,-0.020340797848947243,-0.03555825642875222,0.027769923461585883,0.04042506839376842,0.013526604487291644,0.03571865502554928,0.043132982025471056,-0.020330268469005222,0.01846925859944565,-0.02087877778504686,-0.022648050998679527,0.03341411635284559,0.012298273455706289,-0.03886086020727807,0.014743140960086835,0.015188352096854176,0.024583730621731793,0.009353998021761798,-0.0007185135260474857,0.009513704246213272,-0.03658189786552547,-0.006940766872566557,-0.012586871019740615,-0.0025642148652827235,-0.01616636826143044,0.027984640723627496,0.03857396275840446,-0.03065304903703831,0.020338278529073103,-0.016098896858760495,0.014337316656953425,-0.007632243712357317,-0.005137674198966095,-0.010742818515036607,0.02651556404102172,0.007299187210021144
GT51,0.0010561589724673414,-0.01160517845575711,0.017996277916255663,0.002388086111533287,-0.0018492005129832282,-0.012401888556331791,-0.001577433844486015,0.007837366439218944,0.008870368639672773,0.0021071362799051567,-0.0005143922528423005,0.005729818114013634,0.013001042195977062,0.022040673972673806,0.008464280526985583,-0.0018355975446614204,-0.0008809762762094437,0.01865567053488079,0.00796818955839426,0.005808233195441875,0.004901743407901565,0.012122616059801477,0.011788015724558879,0.011719923771419167,0.004038314251729873,0.007194505349162947,-0.01655755398005064,-0.017628217049659545,-0.00175368222932132,0.009729506742947125,0.005753924998377228,0.023672230680799468,0.0020101800637469655,0.015073498819223615,0.00850867712191427,-0.010313475800139296,-0.01303218416924428,-0.0022021553498146975,0.017411885923356393,0.0009162995387831199,0.009160551159433226,-0.003526373902796869,0.016145273306671943,0.01196231645898779,-0.004192556310927847,0.014737484232909447,0.006888609871290865,-0.004165295766532277,0.018721455972661196,0.00457819468038065,-0.012167047499621025,0.008656414307061005,0.020238348856863632,0.0080983252337177,-0.011690134327838542,0.0014239402698784215,0.0099058008966805,-0.023405640156724115,-0.01501781573579712,0.006007364611686204,0.0176513771559883,-0.0011945845878397364,-0.017242887271779736,-0.008117440181062039,-0.008335569753584423,-0.0034252867633728515,-0.0050250857759615054,-0.012319910947054279,-0.017835850367117687,0.01088557733593598,0.008777445527979258,-0.0018529189404651776,0.010317284212372891,0.016168825806565434,0.007770482041983482,0.023181983529793913,0.00047561073194264,-0.0023410192524729286,0.004428832178607893,-0.012666103953772255,-0.0025848822551593096,-2.04363271646041e-06,0.011294406535137537,0.006500213969845978,0.015052076501149694,-0.017093839942193628,-0.003611959128058654,-0.0030494516840341318,-0.002015694215912524,0.007454975029762042,-0.003904796927784215,-0.011503811378994684,0.0045808724184310656,0.012862761191780325,-0.017597496865484362,-0.00020140425507284433,0.014803569265197457,-0.017586167147483872,0.01553088187257373,-0.005813149091388652,-0.0044486371226799,-0.01745471221687346,0.007450397236107711,0.005333380388140188,0.004467921454107914,0.01105293879855196,-0.013765750618449603,0.004254361133078831,-0.0026253113988332685,-0.016095391128064133,0.03039935233308873,-0.003599687218312352,0.0034181484652225404,0.012116920346479274,-0.0034282151535699862,0.001531961926883391,0.015259053402471214,0.020177283347709546,-0.013736594619099634,-0.01960464713740243,0.005788310631288278,0.0019937495281981293,-0.0036494562015978935,-0.0038261231464350367,-0.006099928000866288,-0.009150218153339815,0.010185079680363104,0.00579984120489139,-0.02722831689724559,-0.013548970004748672,0.008012762252107807,-0.00943736292736372,0.026291926173751635,-0.011980014510432761,0.011577368467110811,0.007636019749298392,-0.010035360990277407,0.008980046358226766,0.01067036189003394
GT8,0.006827477761291889,-0.0021401161705290107,0.032014215150885775,0.0049715300817450925,0.01522378008155402,-0.027622158922844073,0.005385189149939328,0.007544491896513697,0.03204302957643391,-0.00024034480593183462,-0.006223514915530301,-0.021648337675487687,0.0020764183658154743,0.047077043422598525,0.010665672228245954,0.0056120067697954246,-0.014459331343123499,0.017400978070627113,0.013336566887990644,0.018142817935511247,0.003683637145720382,-0.0014930112238321675,0.01814722647998771,0.013620037251050087,0.004505426704339405,0.0297618026084741,-0.03751272263211055,-0.048116576258391414,-0.013065191796557447,0.03521791137653829,0.018001941858718423,0.027050868614185646,-0.005962133699889466,0.0029218585761979624,0.007628005333828377,-0.032033415607673865,-0.02784795317042705,-0.029722874101282024,0.023040883770887702,0.0286249143364263,-0.006651841430344397,-0.0002560141728960561,0.042512189443474256,0.014449483561933317,-0.01567604148962163,0.0007085418958301851,0.016427560393463544,-0.0031454316719443437,0.029502826229806548,-0.0005517409097971252,-0.004777834330054678,0.02193676324404434,0.030022561561830287,-0.006368475414193311,-0.02756823369801653,-0.009174241806873623,0.023974304633771662,-0.030961003725985394,-0.01700580948511477,0.011163580542761712,0.01504067173556385,0.005840599477170982,-0.007877427617133172,0.0010832178677326765,0.002772081272090229,0.0020802447779087753,-0.00490267919128435,0.004214785680480539,-0.01041327252727084,0.014734349906328426,0.01857636857994734,0.02115951613503343,0.0021865603813980236,0.006161363990492314,0.013310055805334127,0.022538405375634233,0.003586231012809401,0.013528491406995564,0.0044807913296787205,-0.012863926762724487,0.030244379254450646,-0.006909112239522489,0.002600707514855456,-0.03779629412544864,0.030156412225693357,0.014575907314143694,-0.0009194618918935073,-0.005318129047108394,-0.012771060282310114,0.03938000758902514,0.01841837015050117,-0.02240754131216568,-0.022062457170361115,0.016470197110828803,-0.022213370205228275,0.00037330736298515243,-0.01032539292173785,-0.047027400525011864,0.023280692301243616,-0.020165960715013358,-0.007100106719077462,-0.010790774379109611,0.005751291141919311,-0.020507275723145754,0.01742315764533452,-0.015174306297447433,-0.03281871335651241,0.011930768074709107,0.0007814090279636198,-0.02724541017321048,0.04002395621356247,-0.003595929664254073,0.007180945955916685,0.025030298049075198,-0.011558036573050101,0.023138407201707116,0.03867937100819402,0.012713252202423917,-0.018420518516881763,-0.0012385762501770634,0.0045937898914095035,0.011103847335289416,-0.009570520946876573,0.021728892278401826,-0.01457965980419669,0.010936508189466877,0.027742039165022256,-0.0074876420348074825,-0.0586035368909579,0.006245401452364395,0.010035084260575705,-0.004938755694493907,0.01520222895098685,-0.022172024660569674,0.01295056692057976,0.03142193329349243,-0.01820761621751294,-0.008789332612128145,0.02766423029202178
GT80,0.015473906629361028,0.051124485838243916,0.0666818165388172,-0.16379600602108468,0.07192428182839374,-0.18034165112817885,0.1049954041345764,0.0032010677021514465,0.2866465885462277,0.08359076308579332,-0.109527691925508,-0.09720506762542164,-0.10824238321897346,-0.0986438297546528,-0.08313943051732475,0.03431861916921803,0.07116758206017611,-0.1280314074746442,-0.12644549022201684,-0.12010316435442694,-0.02036977846879614,-0.02859725418378011,-0.1362291819333409,-0.01902054175760457,0.17866199674665337,-0.01888674994907965,-0.133472579781662,-0.004620963115902119,0.14042910199767242,0.04599902649333631,-0.057068340268301695,-0.05344664321414591,-0.1620094541543792,-0.05792175983674311,0.12305993316754062,-0.20523902184763798,0.03993614795972377,0.07431195215492196,0.06131304971090357,-0.1555732881197637,0.018864074127212655,-0.037176533663344516,0.1960399317462997,0.11370552481826565,-0.04382718962417434,0.06326801272971273,0.24691359962915796,0.032043034696165526,0.04779585303789717,0.03167648271555914,-0.03103245409353582,0.07122556259730119,0.0639256294404858,-0.18311194007072093,0.013224615842686298,-0.038563019497270666,-0.055090336391656405,0.08708973958451419,0.04834490525153838,-0.04233580956052887,-0.20980666222168048,0.0009154634855667489,0.13179205634193691,-0.028579561767549173,-0.054932341085017225,0.1311025788484398,0.08720837647057976,0.11901064055476945,0.06286026262976972,0.058476776515850926,0.0391849802298708,-0.04035037044454649,0.04141642531792026,0.16618917181171985,0.02510866863315741,0.03495803924295191,0.07641758234168027,0.14273982713461317,-0.09906644144381817,-0.06469961946588214,-0.059708898810805565,-0.06031714190798142,-0.09827453890186495,-0.17140253381864393,-0.14794453499659005,0.13598190193841375,-0.06673188747805023,-0.029539232415547616,0.1040949418282833,-0.03176076785018172,-0.12603883499023996,0.07593543567722487,-0.028443288662070687,0.05157739898631081,0.028155469346283123,0.06736997120851486,-0.1560540909725682,0.11911176113454576,-0.12143900983002051,-0.007239887800015629,0.074203349882388,-0.11494057481161413,-0.1259257249757675,0.28991603723553755,0.24551551715699685,-0.14061235424588692,0.21563955096396517,0.3381123658722395,0.0688393424227388,-0.025717538584765862,0.11341451744939102,0.02694726921457057,0.05186639929053197,-0.10982143961464376,0.05887422231023889,-0.2175921284032931,0.06414626211655584,0.11448970844859939,0.14015073069856163,0.013501606896141067,0.014838121960886215,0.07031675518328817,-0.003181371195489928,0.05020745473587529,0.049025018316760406,0.1265425134110392,0.25586587765437585,-0.04314662752946934,-0.04893128693054522,0.03883920559195707,0.08932769549476847,-0.0047996667047638195,0.060059290401694526,0.08050109907752742,0.04846081297279397,0.059617528518695,0.03375514080284659,-0.11832491523616413,-0.0011954585651868712
GT83,0.004782414695417402,0.021413398926745666,-0.03262371760696461,-0.00168382865833513,-0.020452353502560684,0.0060094615783366796,0.0023245353672294313,0.0056827950475321735,-0.04653614796846956,0.013013003819047325,-0.008962313961146424,0.01366180502653476,-0.0247542892228629,0.006323262462009396,-0.014755754476325848,-0.0007165457820958605,0.010709892832645982,-0.020228706312638442,-0.017350688832438677,-0.04646711599716496,0.010392217541168614,0.014673699898697592,-0.016379733927151145,0.017906415688640445,0.00617191498958856,-0.010365304870702282,0.02982764820147401,0.028756867729864213,-0.010255809638034545,-0.0420684866512021,0.006523754290402232,-0.054039135747993315,-0.010856038746835975,-0.009579917910614272,-0.012620231560283577,0.0194459192088127,0.02109676929289514,0.014100994923449184,-0.009451028525321963,-0.00581906133495545,-0.004094841779830957,-0.0014312813958710282,-0.028814854551657023,-0.013968776539771608,0.021904146184025163,-0.019980817145479265,-0.018442681086908233,-0.0031007963570366267,-0.011043326224364597,0.004107739097784034,0.003217725170499234,-0.012666225734416139,0.00040457001012816365,-0.003581142032532744,0.016346700273201155,-0.011519311707699804,-0.012753744664843737,0.009696490370565112,0.015640998016033286,0.004843132389946059,0.017886138012178684,-0.005247726731826316,0.019531396930572317,0.012994582076299046,-0.003991959954295723,0.0027426495361644997,0.006188389923910674,0.010391949570435965,0.014657374369105266,-0.004881205023789084,-0.0020309458413746233,-0.00319391852665689,0.004209329516132009,-0.009743365822374275,-4.147186572726517e-05,0.007188654262343536,-0.007196354888803073,-0.0127730902467422,0.020949736174205584,0.021659761641776906,-0.00548474212728156,0.013548843467779998,0.01821428705580532,0.00382826557401717,-0.0021686123553868635,-0.01878063400505642,0.01041117948135623,0.013031987990333454,0.024859950542673433,-0.020463056946267915,0.03840149096202433,0.014895166129227566,-0.0052095542749802486,-0.003999199972264198,0.021213478504648754,0.019257011790715935,-0.03278779527902882,0.00345320305478602,-0.019519275370740725,0.016556881723749948,-0.0018923927666480264,-0.010767285517709679,-0.013453108371323378,0.006026916455746739,-0.00860413651195273,-0.009303007587488822,0.003694429472319288,-0.004700335174356524,0.0026200340789529594,0.02325434049039235,-0.010146171207769877,0.0142518260256734,0.002645479500219029,0.005443510708009473,0.013869057344419896,0.0032427450411616748,-0.021969232938431487,-0.0007280228724980104,0.016068703880251375,-0.02544370698411294,0.014620404090649235,-0.008754379638061511,0.0035667266093824153,-0.0017100326949630752,-0.007010204183186246,-0.0005477698360262782,-0.009420267377971402,0.03626956101553788,0.022047903466806636,0.013489161915155538,-0.02403123646829155,0.032843098102726065,0.012445821063056106,0.004396716841393711,0.013571831979913568,-0.017658532612164907,0.015722643587600383,0.009485908918487832,-0.011783984893993803
GT9,-0.0056569745464128025,-4.216909559687565e-05,0.014157669441704554,-0.004543415722665327,0.0023740377338476643,-0.015600049366137134,-0.0037646271988943437,-0.0035984438991972442,0.011447613904762682,0.002079746135617483,0.0002760199890264556,-0.003265261826560359,-0.0035948568337839733,0.02431655328328717,0.014508966591765102,-0.0142372441714585,-0.00879066236257052,0.01747546047893982,0.016414225429313575,0.025717825739580542,0.009760329945491291,0.010725343711279377,0.030831915478807464,-0.0014620246497477364,-0.0054879176920695555,0.007980339842298194,-0.021275107713554037,-0.029408009029149328,0.00791008613245109,0.03393803732957099,0.023352701262450502,0.020951773203655415,0.016543647950929698,0.011026726127413991,-8.175153191475515e-05,-0.014918964050522959,-0.0008577589808302367,-0.010523755446271573,0.016251921744597754,0.003613878402368933,0.018087286224419616,0.00012652230748787255,0.03854351554901056,0.0095920322851357,0.01939123843165359,0.020420185802237607,0.018886062217108677,-0.0015175002503612974,0.01761514428077968,-0.0046599681670666734,-0.01886472725925473,0.020602824597538583,0.018702267234365726,-0.017054281313427434,-0.014696808871126904,-0.007023939228680609,0.028986594743859076,-0.01269556543309213,-0.019876398696433314,-0.006401503545622551,0.02816680570704426,-0.002144584414666057,-0.004158227332319,-0.011238856347593085,0.02102174193075773,0.0034666094078452947,-0.009753249698136013,-0.013006649099879988,-0.015312358342069662,0.012324589432178248,0.00022267837221043543,-0.010921375421216207,0.001064306035115178,0.021887942687807565,0.005008406371165417,0.008739807525921028,0.010675130055953046,-0.013002066795450934,0.017922112550536495,-0.04238640410291489,0.018112999329720308,-0.009721059405891372,-0.005360980776842638,-0.025016375991877338,0.015367643790642448,0.008073523612131085,-0.01662424148495558,-0.01235210107921738,-0.02461431555335465,0.04100141271265153,-0.00014650329942474146,-0.006221081585263824,0.012094228960201249,0.008685078511899832,-0.02286985788145188,-0.003310908975864696,-0.00938781578056117,-0.020827736882495874,0.013084645543442557,-0.01852282651361982,0.013581481947233888,-0.017275579218928444,0.02127580067890406,0.045000131686907065,0.012258058947835862,0.01631536354408473,-0.008525602286893839,-0.0014483632224124826,-0.02316582838247264,-0.008284124443317331,0.04403911163850587,-0.012748098929381174,0.002399282520314623,0.007226547415583344,0.002146675938683007,-0.013061181664663715,-0.017215138030752433,-0.0018252282210553434,0.0037054387727035983,-0.025987727467497026,-0.021784485734563697,-0.025129568320501897,-0.017855361287750348,0.025736287572451465,-0.011025239018701337,0.009137464102585998,0.012363632124851996,-0.0041597767814453524,-0.006569287925320183,-0.02857517317741095,-0.013811146699975303,-0.005938006525527066,0.004242430389840402,-0.003598832486068417,-0.004354004477483165,0.02158994296903722,-0.002333173828933637,-0.008752183630369698,0.04132957392486729
PL1,0.027258730193380813,0.021269296766856634,-0.0034458693366386356,-0.006091592960344201,-0.017300676824914554,0.015129262851360898,0.036279849179336535,0.019509539245216298,-0.013959422110854963,-0.01706329935929011,-0.04952771292202004,-0.02342471109929302,-0.015891134293387055,-0.0038104092579052964,-0.028806537249287292,-0.011649656946570653,0.023834271966889104,-0.012409343643666582,-0.02745446704797498,0.0010083239143505798,-0.009438014884811647,0.0006324601878889105,0.004685750139961091,0.010477757013357129,-0.012807920537826315,-0.01587495619272757,0.06702233483486712,0.011606675344124687,-0.010736815397015844,-0.04518339818460358,0.009298007443898516,-0.030634516281840964,-0.012830465473594272,-0.016053105109823263,-0.008261811955322777,-0.021290691442656842,-0.004686755821166276,-0.011812838565013152,0.03865386465389598,-0.0069749588365533325,-0.012567486380299812,-0.014465145534765474,-0.027220531957188532,-0.038958276476327804,0.009256116004121488,-0.05514464698294197,-0.020358276507851384,-0.004525602082958801,-0.010626884765173539,0.0037967341027223466,0.05739317085947015,-0.007330289273026956,-0.009442630573178915,-0.014259312918147226,-0.01343411467647128,0.025271699432667105,-0.026243750856903524,0.05065024917615783,0.018194988990633956,-0.019920542477149174,-0.019528416006572645,-0.005695522955953528,0.03216057527131016,-0.0040376477320292975,-0.002412350106857273,0.02287491301024091,-0.00472770550391418,-4.99265398485336e-05,0.014608314329375875,-0.021784677331010104,-0.009308083078536093,-0.01037656592547819,-0.049873728419144565,0.015921549261565242,-0.04109301233942121,0.058997137019686376,-0.022128002891396388,-0.001983414797106557,0.010075382224217336,0.02952516332269691,0.006488543154787788,0.028542650377189508,0.04281305111077854,0.02167246548998139,-0.020148776128868583,0.007092482163932907,0.008848588961644237,-0.021545457660554834,0.010680663617140769,-0.003432649100802389,-0.022088638593682288,-0.017921734911547593,0.00346899627550797,-0.01725450242967626,-0.0006882766720999682,0.026716026976537174,0.03909982194147454,0.04839203071611175,-0.014907402028462637,-0.03462226840255357,0.00030996767712892137,0.04072622046295245,-0.03697762359815156,-0.024735377130079454,-0.02490396240027219,0.009718809355435178,0.018760591094082818,4.74996475246243e-05,-0.018144972832027133,7.39309384117082e-05,-0.05051767426846821,0.02295903230635429,-0.021956839302035996,-0.0347443125079831,0.009501855504670424,-0.018051576074038053,0.02244599625734708,-0.010609963858383961,-0.004090187005084424,-0.015502481368673406,-0.02543368834511202,0.053561390031492385,0.022877839303594265,0.009011423056966445,0.021849024499623636,-0.01253038585139373,-0.04875420301496725,0.05232735159367958,0.04517507093728785,-0.02136163865323684,-0.017831674872385288,-0.0013762496698336336,0.06445262382927823,-0.009681100602156507,-0.016310127115962504,0.022697917967493455,0.01460739933852636,0.005641170922333546,0.01020807939490168
PL10,0.0029688405840599627,0.079848488837412,-0.035735779243881584,-0.0003982118761763196,0.003967152568057208,0.035675569431134466,0.06428933632219298,0.010083763851648855,-0.01799981150733246,0.011139757028656952,-0.06455962650102313,-0.008198764462203176,-0.09818306724483442,0.017954087696068585,0.00047774811183102475,-0.016737014412291588,0.05252553078481075,0.023678852506582356,-0.02748047755279875,-0.007053431611100445,0.01841125184369557,0.08732471559350209,-0.03651929573282526,-0.0739964980114611,-0.051919788757479865,-0.06863688228188902,-0.012943761992723655,0.0069319308380936286,-0.021135716943160212,-0.1051736123482093,0.00793490940423102,-0.01485518981046533,0.11621752544951654,-0.07905180920350835,0.003101579366210078,0.018432558249085764,0.016351885228153944,-0.0422370835130033,0.005447633737120704,-0.023265489838753192,0.011672962587307984,0.016418279341427627,0.0792509522069112,-0.0036725614725585075,0.016686763547429147,-0.013866016765777216,0.01862222326424461,0.058208045282316635,-0.024655213352612223,0.024341207397729187,0.049015554434086374,-0.019851687951436055,-0.026865444648156822,-0.03810653585097569,-0.02329534634608188,-0.05479668845415909,-0.009313419805125529,0.07026566952987845,0.0722773923405497,0.008257832352860848,-0.000934258178379307,0.028010674603319182,-0.07344728112669759,0.003482475740067529,0.003973610952377034,-0.04227253284112814,-0.07024782010752363,-0.041731446259407556,0.06209046896637029,0.016337658724970484,-0.06584038403979138,0.007712186311825436,-0.04546619564818187,0.052904879316542044,-0.04569572372585361,0.00840219212710704,-0.0712092380446295,-0.010711295874653378,-0.0002556390638576642,-0.03264590704095617,0.009208688872317086,0.030064043329117336,-0.012547334328981953,-0.031259129364958595,0.0527180754486139,-0.0156371222235349,0.03226189967471464,0.02601848435658125,0.008744820157387532,0.024257475559371355,0.03523051427597715,-0.06466562021503612,-0.024154774365643637,-0.05806676335081264,-0.01239935068949299,-0.0036122968074434286,0.019878458874123713,-0.057358046120928555,-0.003270442348536315,0.010872778765665232,-0.0359926251815612,0.01430261910920458,0.09305929927582515,0.03208749592656526,-0.04316725377027598,-0.03313506271288157,0.047853187147423905,0.029183178893791774,-0.03821029823149761,-0.013141264331511035,0.029755805141054307,0.050391809375698995,-0.04283723712207194,0.04284291977139564,-0.03674836119109691,-0.03778915084695122,0.07316815798235983,-0.05077870207854457,0.008311820628414361,-0.030328403845083514,0.045012114690835145,-0.04264250456994227,0.02817145406679013,-0.036914764825180954,0.030959463300205978,-0.018414612688866353,0.008489449317094033,0.01612459697410613,0.015551906823978568,-0.03155570654304024,-0.020471707923663627,-0.036522674269987176,-0.025110894388857937,0.010752912252546184,0.025583884466888314,-0.048317713171565926,0.03540692494182861,0.013035327198118592,0.005419908043299936
PL10_1,-0.00985051327180008,0.04168246801880609,-0.018945031517801893,-0.007838727616007218,-0.023900832519615774,0.009781331282447231,0.02607958653980136,0.005601806775308032,-0.032860920533565416,0.015004326380936484,-0.006273985102944784,0.028632753593017514,-0.04274056068459638,0.0018730678852869386,-0.011768543697292242,0.011132000030723187,0.019477672251395944,0.022334856907608353,-0.01653320576759019,-0.017451426938911458,0.017638115666337214,0.03168171112819638,-0.029192267277695683,-0.023720653161808495,-0.005982591955425183,-0.016371393793219845,-0.01547677302782579,0.032463333914180374,0.01807035990025646,-0.05716032050562535,-0.012183475349541456,0.0009955640964784034,0.018476199500906957,-0.0016986692391544897,-0.03665418566270816,0.02598428554567343,0.01568171462599848,0.03025632667166398,0.00376069156730398,-0.03960349592579993,0.029503974547684483,0.002816581685912344,0.008696606795719973,-0.010338548734665947,0.026391580323756905,-0.040249196860956224,-0.024500736859909753,0.006578238256603334,-0.009688192583436188,0.002683263229995988,0.034058957916328826,-0.019856519794423235,0.01579142710411089,-0.022855498699164128,0.006219299040913032,-0.01731870997790778,-0.031078157966200125,0.07053676133564411,-0.016174560626673547,0.01794518908003842,0.004039879759158916,0.0026959654759364424,0.009720553255264885,0.0039018808042616294,0.0019994127922762666,0.014245374728105465,-0.007702435475700282,0.01793268432599804,-0.010550952073025581,0.0005703972093037262,0.0005663648454143751,-0.022502657057392683,-0.004339124956945883,-0.014117956233175973,0.0072927850464495755,-0.01967226088496041,-0.017620040348361666,-0.031820338221833805,-0.006777282070046937,0.007748814426916324,0.009201846318335538,0.018391068087432308,0.009268367533242162,0.011366960660761321,0.020114607052162562,0.01635568684898147,0.003144479125149812,0.04270011969021711,0.027465050271854058,-0.003796363964084541,0.007025392909997282,0.02479990034316102,0.04322458466052001,0.0018997424225080483,0.01864276498016862,0.028329984707464256,-0.022238486393547818,0.0012345508641071162,0.024500701960078555,0.021394249109462332,-0.020440892128796656,-0.0035642648983253587,-0.033725019146876645,0.010394752101718339,-0.0031713410695884386,0.05072314010901187,0.06878580395514212,0.022528245829518498,0.029401768319430324,0.006155784051038562,-0.027219383686927924,0.02477206843772824,-0.03524181621109002,0.0031384555882378556,0.009849057583380751,-0.027320534147412683,-0.002291051434416337,-0.026627281665585388,-0.03167894142656011,-0.020783443337874245,0.03966339097811445,-0.001656507734871585,0.04042845038040698,-0.05254315642697726,-0.010790067005115707,-0.04249365803393991,-0.03073378616089554,-0.023446606138197115,0.037449807529925966,-0.09729897196264779,0.02127391818549278,0.02289706832794567,-0.0015551245438777657,-0.00021078426204922948,-0.0064687375434058815,-0.009110922111136897,-0.04149891982954522,0.010417055003188729,0.00019741613164034292
PL10_2,0.07614875887297644,0.0967914504188887,-0.060860309486975135,-0.01668333023607143,-0.017168459729976406,0.18893186810423787,0.0755307590328366,0.0037067456791507703,-0.03233848559496887,0.11810759479259403,-0.17916833844935698,-0.1380387110375865,-0.04306118206221685,0.042946709087136783,-0.02290141492966074,-0.0017597894960100554,0.03646923328919501,-0.06060307147593003,-0.038793661184031256,0.03553735092999621,-0.03520878430093521,0.05557645298916339,-0.06613790493558404,-0.02177983754461046,-0.09889659928353216,-0.04395853593452063,0.05695803824209781,0.023450905678078327,-0.13068964175655184,-0.08102389062284122,0.01537149797321433,-0.029923722769058702,0.032929624899662106,0.004698579461909223,-0.08563807590200137,0.018797106353916914,0.0022738682029036397,-0.06732285976113551,0.06614924153893326,0.040014968324066154,-0.014329897403942906,0.025141288754719503,-0.045840463752167285,0.04479446788040302,0.07050113871714829,-0.12482694785399825,-0.08025287872968052,-0.006462401058292395,-0.05905845148750144,-0.005742585594100675,0.012403441130039761,-0.039529934170957015,0.0015139555355486967,-0.10630174330135599,0.010413588709238577,0.02753450138708573,-0.0423705518350988,0.01589227045516653,0.09898607909052644,-0.02876403833610663,-0.06192982671399896,0.030441388756142853,-0.0007563247492258628,0.0200337162616236,0.0604128395599893,0.022666127804122645,-0.05503643144975149,-0.016394016563474053,0.05322164104764046,0.005809336148963381,-0.020650990260030942,0.03208207997108008,0.07555319196117405,0.04884600341557877,-0.002540121589228995,0.01149772500406227,-0.0010262659292015431,-0.027427133936303638,-0.07347658425271708,-0.0009647748176632231,-0.03043951138603776,-0.0034426352762925907,0.08440612852910397,0.00802207202166699,0.06565547130314847,-0.07637606623754666,-0.0023106664198331447,0.014150696983349142,0.025050417337091898,-0.05480562282145394,0.020048829427739466,-0.029835259283977896,0.04349697721706407,-0.008559545253385216,-0.010385931102653817,-0.011636336870091012,0.00979876608239141,-0.02101921559066678,-0.022099756686756043,-0.033808876905493314,-0.030485081250124852,0.01715682048995447,0.007712009542231129,0.028732130571227248,-0.08793108426647217,0.06131882638721306,-0.025137876615822192,0.010225234388806003,-0.025739651635460034,0.0021891962860018316,-0.0016867543144563504,0.06382991728695467,0.02547783332053076,0.049310579490812585,-0.10854915639710204,-0.004770144796320823,-0.04245215890378141,-0.08720454762143152,0.016764406413917302,0.04366873838681111,-0.02532586748535933,0.03503600750620552,-0.013016304584448664,0.06198842884599285,0.05288319962808823,0.05783616739884797,-0.01942878572939651,-0.0450893745332972,0.07489712717475334,-0.016311149433530542,-0.015407422190126313,0.01678709471166402,0.058548560746803494,0.03641726327029079,0.003951193171228402,-0.009890397216569185,0.02203709972958296,0.04352752528300747,0.041595713634216505
PL11,0.023045415205575803,0.03009517575796763,-0.005841733041692018,-0.0010454736817422517,-0.02310050670476758,0.016521664141212877,0.030585334091718194,0.01224433556953743,-0.017428494031242383,0.010110817514463485,-0.015922306768940474,0.01792464901801016,-0.039259632698037845,0.0018705962756953513,-0.03366752853279697,-0.01499531861823949,0.03480389958104165,-0.01608192043521166,-0.03509487615920577,-0.013558354612984175,0.013613575078259495,0.026701515708675433,-0.029486484530212496,0.01561189940226462,-0.02231469650618003,-0.03927423361718473,0.024053403686648496,0.04209511149404719,0.0029670555356266274,-0.04980642472292737,-0.013135941998961544,-0.014128864334811517,0.0029599057806993013,-0.025115765208696628,-0.03889273524616991,-0.006337355329105402,0.014213167201159824,-0.0007575826770215075,0.0056356998883546,0.006837847987702352,0.011612812295446315,0.011033226930767236,-0.05532065219491719,-0.011988173490835212,0.001319382862492594,-0.052708763927568195,0.002063676519735265,-0.003523062861384563,-0.031893707703513345,0.007677162810241067,0.0251156122122501,-0.034692750217435044,-0.01602007498998906,-0.013068251238649149,-0.029956083163578933,-0.003769045336577221,-0.013714489741185113,0.04208894560581913,0.01910543327992638,-0.0005417275671208544,0.008164181621920617,0.006191855309984417,0.017438963537444865,0.005600743183069369,0.010826917559158447,0.04090194435540357,-0.016275244926682742,-0.011879755055619636,0.023055141332635934,-0.01104775191450046,-0.00998703230144413,-0.010731482346956088,-0.0033152440907936887,0.012209640978545603,-0.0186090416086688,0.0430266995438329,-0.0036842805115938097,-0.027661326213571796,0.011145492463006041,0.03643743016826583,-0.004913045660379692,0.019432427575099623,0.020167348934445,0.03553691878100257,-0.026657281686443504,0.021140262308780126,0.025343591671752583,0.0179124837433095,0.01624445005888198,-0.0033926379868639473,0.009611318864318624,0.004531957998828169,0.007478811901685241,0.00529990600675569,-0.011090263716781868,0.0015203498393563583,0.00786474722181452,0.01674914297033564,-0.022045494918180045,-0.010791156792770887,-0.03575088842610265,0.009400741622093372,0.005509273840874938,-0.009215683089227515,-0.044179621320683066,-0.019602207331712414,0.01599160557158422,-0.005467914797569749,0.015374351207043483,0.009258527821157356,-0.0089346195553892,0.026010164306412106,0.002384149337722147,-0.027308323475955826,0.008834978156871152,0.005526319308409645,-0.021003002641126294,0.013217666892238734,0.008174208242333432,0.002050590631365453,0.008288183166284567,-0.02355577396249363,0.026686008974818664,0.0063288966688389405,0.022932364488105643,-0.023061433405057116,0.018644254486296873,0.05697161692145118,0.022875789986865624,-0.012858459008432138,-0.00023592016980107652,-0.058071539588460105,-0.05914448704937504,-0.011382343671840236,0.014501222024726448,-0.021640826775007626,0.011545975987940157,-0.02402049097237133,-0.01984105380046839
PL11_1,0.011955040877883487,0.03430365704156362,-0.005755228163922119,0.00037246283970093227,-0.02843026115986357,0.016417519836647135,0.03591546543459466,0.020049233109255,-0.025169818092777126,0.0017483319640465172,-0.016804641404197494,0.02667438723803232,-0.055077825890394984,0.013140198513325211,-0.023713752607372907,0.004396852877777087,0.02619356993314719,-0.001611002437312512,-0.029089990208956872,-0.02333944170262953,0.022865841657927793,0.017703192214411884,-0.039656650156261186,0.00777353194927384,-0.01984809763185853,-0.033159696516863964,0.024171012730776188,0.012505264071576571,0.009939026756677873,-0.07597500395641141,-0.03557121966235402,-0.014644375596961075,0.021286089746292196,-0.01190110504110042,-0.026174092479867385,0.00012408949882438067,0.0131379347713596,0.012058603407288267,-0.012101679218923281,-0.017366826664741,0.017003279223758386,0.009207584729298664,-0.018905866244969302,-0.01752739280705291,0.008998538270507778,-0.04481152033448362,0.012917632944504022,0.006383224486634111,-0.015385597652842064,0.0019382330873648752,0.030745912131052808,-0.0401483341944293,-0.007648591619485518,-0.016965868897315228,-0.020314162180668623,0.00954610282434637,-0.008118139784873576,0.036583579766148004,0.004537179696670722,-0.020034486089986415,0.007793087845900355,0.011731500878736761,0.021037327608534464,4.365899664378123e-05,0.005902788169798994,0.015299637298868816,-0.02053527388261619,-0.00501854979812643,0.008594225409572522,-0.020590007174052058,-0.007848139128263747,0.003970850465502551,-0.03916931056758919,0.00836684178345984,0.0022095958311387377,0.016319265466488805,-0.0037056233820420502,-0.015509221958901014,0.014724294347435597,0.0622724465916414,-0.014390061829681364,0.028476227816911497,0.015702208677623994,0.022495707513250827,0.010447862721546086,-0.0012995622994109888,-0.0039144251927940715,0.009743946049574946,0.016680075524176184,0.013116841776679954,0.004662587123921257,0.00445442976567974,-0.007183672232330711,0.006648944583656715,-0.006594345216754378,0.01544064143676298,-0.0024180008939946474,0.03207548434758874,-0.0034250108124556206,0.011804951538224934,-0.023433489876107733,-0.008560281295191624,-0.015080171603890987,-0.014635829312566767,-0.024597163499502327,0.007844468966496963,0.03637689394039286,0.013865785911119519,0.016994256982017068,0.004769521065610463,-0.012966083877675281,0.023527032677121282,-0.007428875898648358,-0.021880274735689452,0.013976886970610796,-0.0007556873058035302,-0.0021552993383964635,-0.0049536196055279275,0.007920742768809842,-0.009678999972399648,0.01615687986057226,-0.052551022871399636,0.00331238243986041,-0.024076943222288885,0.020167420478973373,-0.012500634782199064,0.0019499283978160632,0.08849620602861764,0.02626900509037407,-0.030135928085359604,-0.044641311335227876,0.0559510942972795,0.05341066018809466,0.015772291341188408,0.021268247313332194,-0.01743405655238559,0.017442558717310933,-0.019012278617467265,-0.02804455417356069
PL12_2,-0.0196146663720496,0.03395372968566708,-0.05100026992416964,0.012481343803413267,-0.053078508742115976,0.011804111430833628,0.0718755742362573,0.06623480083257374,-0.10300290162413235,-0.08892683505117518,-0.04769128115928348,0.10925623176460246,-0.037978136049300996,-0.021680658732434285,-0.029851307273777057,-0.029905930911566448,0.028264542265951105,0.03557261207584746,-0.02786353489487087,-0.20512691531258787,0.09617007796542736,-0.03434603926943092,0.1041391801344757,-0.014244624637840748,-0.07696602694002469,-0.007551172988915744,0.039793016848339566,0.007766849703526956,-0.007607030642604664,-0.05435542552905157,0.15740305549230812,-0.09830453874461559,0.056542066879953175,0.01160577808217664,-0.07915430953232844,-0.007778613580847896,0.00388359861828206,0.0756323775522852,-0.025077702952238604,0.010204658872968482,0.04575938280406665,-0.03359975338753456,-0.04535990455625359,0.038569208752069296,-0.05272203591114406,0.08298850072228979,-0.05536763745550016,0.015344445722108156,0.04127947514166507,-0.013469406881047025,-0.01110496557364357,0.006397251470600812,-0.015065270958550961,0.07182158605338491,-0.016262021565853626,-0.03551171079062123,-0.034880102530437516,0.07890236237512618,0.060115303127398934,0.1458486175990924,0.11624683905573155,-0.02956792533952666,0.11999691327232336,0.023214160744424107,-0.014754525962159077,-0.030570768608656342,0.0030892056407032537,-0.05870951164503445,-0.0324466054177906,-0.04113194922549234,-0.05871572662652579,-0.03905434955084061,-0.0689756227530856,-0.06273971762075396,0.010646084550673566,-0.07000350962507129,-0.031598510633287315,-0.05746088005220105,0.026600824924369187,-0.026929870695458956,0.05791906542243462,0.08659119872003855,0.0987057179372426,0.056937077144131765,-0.029390332460000335,-0.03669747758524545,-0.02767250317488373,0.059266179155208716,0.18768754109738134,0.036875827942343814,0.11573421100829558,0.08624007548400263,0.06616897916986494,0.027446631434351852,-0.010419858426715316,-0.03369898328593463,-0.07200576352368239,0.06806070620458037,-0.01534853785634436,0.10671887489132113,-0.02902749510781063,0.04212274574835066,0.05126296507315452,0.0024733173822641527,-0.0916000110580202,0.028486677820213184,0.05943765194800866,-0.0765536806265992,0.11123069419884973,0.07666175184181369,-0.031464761868151524,-0.015034956096126727,-0.05725342386376926,-0.01668855509246697,-0.050995627378470375,-0.12750795157839406,0.023869788953165993,-0.02206886121230127,-0.03094825923343053,-0.038231661959031236,-0.08808370606013152,0.07396355991284387,0.11413981230846461,-0.07730795385921081,0.10722413488227797,-0.00986625710673108,0.11234736743597595,-0.02848789290968337,0.002780017139729357,0.01629674114560829,-0.04299949941217298,0.05967040441753696,-0.018822556481076454,-0.021502576238188686,0.022996851566618657,-0.0561874685390749,0.029614299916841457,0.016955099014466908,0.026860470101127996
PL15,0.0637682930497458,-0.07132979082959416,-0.01797933258784732,0.019070165117280654,0.20954611030509712,-0.16532531742468673,0.03812180408331146,-0.11582643435698167,0.11326636736533259,-0.09635360232682702,-0.046230578803129745,-0.06560171778121868,-0.03264122204991188,0.08501637617186422,-0.11044357887223533,0.029777512558944643,0.045763747705696786,0.007842075465037839,-0.012828389242247324,-0.006196142374132613,0.04998970443603733,-0.01507041510072845,0.06098609533664111,0.10083967026368014,0.032512825038912764,-0.07553185228605534,-0.09251400313016016,0.029331375498428312,-0.02253976411539688,0.16323246094125785,0.015538174943551501,-0.09289938918669693,-0.15468003022461135,-0.17544489299459773,0.04844930891181669,-0.05008125109863126,-0.03340270674941364,-0.09595006369334601,0.021359499611321386,0.11801032621607933,0.04576922934817411,-0.22115434344610915,0.04887172171485443,-0.12836788627722967,-0.011853657928694684,-0.11749485253776012,0.10205854292490636,0.0926011871656442,-0.03566974041272215,-0.00040384338874029915,-0.0697517397620672,-0.03066546656684675,0.14123098736924852,0.05742031737854229,0.02435947912581386,-0.01888312395054187,-0.052575496504995364,-0.015320609988350298,-0.118920249527902,-0.0330959440115302,-0.18280858091799188,-0.02298418759808044,-0.17648205523834615,0.012078732513409744,-0.1296655437095106,-0.03887735476007497,0.04685722822597013,-0.08832120874902871,-0.1022218433203771,0.0110126615798971,-0.2516222014409425,0.26463056556909453,-0.11046781933359989,-0.1220120245792605,-0.1537373250708724,0.005062647860927555,-0.08797421521527926,-0.10911598849142413,-0.02026880777579078,-0.14198674881499826,-0.1384401371746574,-0.09025513630785233,0.05754404612989152,-0.03865571415123656,-0.10129813251790411,-0.06994433476622096,-0.15018601451057934,-0.030323636865619088,-0.19120647470745147,-0.24017242889068732,0.015277956292106789,0.036314327551824545,-0.1265859520926417,0.21615630270242928,0.05196587314745216,0.13781741836360872,-0.12069452318480273,-0.07603229220680305,0.1068417835601444,0.004877281634698072,-0.0957982250882351,0.013813447553013435,-0.2092326614205115,-0.036066855200255515,0.22726183820173643,0.0509684163421547,0.15798947374918831,-0.2606705885010754,-0.1339412643911403,-0.018210267588441922,0.15142714949375383,0.09179829303124962,0.026939337568267604,0.0414885393316642,0.05909944292525874,-0.04616114402767217,0.1407127200984831,-0.21104624569130737,0.07096737134672575,-0.036696965653224854,-0.11741459237803806,0.1328476152119585,0.019712725788844473,-0.10387373737037223,-0.010534799194085566,0.22490870359962586,0.018973411949904703,0.140031290445795,0.0524852625729394,0.015652459730507853,-0.0445280364689237,0.03266688307977924,-0.07532589875653592,0.02466159417437322,-0.034677172260486666,0.02116464342644223,0.008860424607978567,-0.07363971275283941,0.07733857625338407
PL15_2,-0.009327389171160744,-0.023501354661039132,-0.04016521140830343,-0.030508552631629087,-0.045131616641527886,0.015722081081542553,0.023583474766616833,0.010124805998082891,-6.245438614959949e-05,-0.02569205909620143,0.001155912603425607,-0.0068152932053047914,-0.025796410869215684,0.009247047164978456,-0.028905634696931734,0.0010685753638663234,0.041550479171170586,0.015564559077225934,-0.050410142623303816,-0.01770654285672902,-0.013408916950534781,-0.032897684192707735,-0.03163164522168976,0.014391334836467816,0.013126043591304397,-0.03217619950532275,0.007723921832916209,-0.0006486326155930967,0.04852142629773762,-0.013951140121058652,-0.0591502349769988,-0.03810262975272156,-0.014769687182784664,-0.021609907645547915,-0.024950148660740655,0.025909960817588222,0.027318621040052542,0.1159501515652977,-0.005100488933515709,-0.020153363143110562,0.02308734999151602,0.07485252201592389,0.03349967742951481,0.04785024968188386,-0.025433211300731017,-0.01606262419370442,0.017536422970693324,0.03352722164312665,0.013089347017172546,-0.047040388813504745,0.03145541076654666,0.06503819929329666,0.0078039769662983155,0.008143461793282746,0.020810701552059226,-0.018827961129378425,-0.01773315173040286,-0.0019820730651774294,-0.01297690956932599,0.0002637025327397739,-0.028510829709454153,-0.09071091232554497,0.024336488400427417,-0.08332046183767208,0.03750966760800175,0.018997978719443764,0.054635506501023764,0.020916909032628862,-0.07681478556648112,0.006296412808108821,0.0327946292145457,0.0028939737827054475,0.0010200249573582383,-0.012246106604659683,-0.04087917526752675,0.013137891096925428,0.0043018431550262476,0.010605149347435132,-0.020984642874140556,-0.07819062463224613,-0.06488952240641435,0.012111033637682489,0.016832577701750867,-0.01554273613670482,-0.03086137152692641,-0.004652657728098126,0.03327986536255068,0.03012533753073245,-0.10029745992744143,-0.06890890809827675,-0.0027124096153962047,0.026420824688715774,0.011120772529124145,-0.02078102206061287,-0.025731827730529726,-0.053964108660213984,0.013048203128534568,-0.035177389108831086,-0.0054957359647691125,0.04773314874811967,0.04126391099838394,0.028467592810226153,-0.02649575861891291,0.0064619793261244275,0.037128141983918866,0.045299037251283744,-0.03105987747257115,0.05830325118316064,0.023150948070765412,-0.08828949236755157,-0.025957302691632517,0.037557779785066255,-0.008754428815676734,0.09354268766159153,0.02869682001228903,0.0911001617625222,0.00117243260265349,0.005242812453509215,-0.03004567181955529,0.06802998928494312,0.009834780357052302,0.009870941712293345,-0.03347017963437901,0.0653332911350059,0.032836270397978436,0.00687002509376258,-0.026391762445433842,0.023854070600623212,0.0030613140058568583,-0.0726280922680415,-0.032089339234785935,-0.008824778100180446,-0.08205770339881165,-0.01128695114564883,0.015213396844165273,-0.040768034584245334,0.06398661674804729,-0.004647844377353018,0.02621369417502961
PL17_2,-0.03663314219304721,0.025416970709763963,0.029080408114375716,-0.1264923505034569,-0.04821497767367055,0.06813550753199157,0.06623491023702417,0.02411367810611235,0.01875835922243017,0.007770989575900627,0.0055326837155490905,0.06471582450111152,-0.023240720598424313,-0.03247479392375168,-0.10944383670994345,0.053788272532754054,0.0808025220505763,0.01865286291461043,-0.12727872190394113,0.0561982159200253,-0.08018041581987384,0.05829597430711612,0.054601643763137385,-0.033691124284107046,0.02969583888595952,-0.19646350296354315,-0.0032643863328857925,0.05024368376522331,0.06431168876356824,-0.028974772601760356,0.13420172589188814,-0.020341496301918303,-0.1185363612259294,-0.18291764427130017,0.06933508088794996,0.03650598330792792,-0.04257967026951586,0.0793698428909408,-0.025220884675090725,-0.06684351619790319,-0.09250298396389986,-0.004858264987885726,-0.04623007853783684,0.06324684826915491,0.06407668519971739,-0.0920693395291967,-0.07776562591903935,-0.06840952109697278,-0.08368121152199871,-0.016251362905599434,0.029815091465989162,0.10104219270229879,0.038176041542449655,-0.06885492615929918,-0.09795758256506894,-0.002781039204292276,0.07441335401707062,-0.026556337840240755,-0.08315762908959776,0.13893246939642745,-0.0059167627750508905,-0.032207612483559966,0.021479465302878947,-0.0026975520921874406,0.06899597179450485,0.05316547846514562,-0.015596748955705897,0.08135825867595603,-0.09851582288573177,-0.12690876736874485,0.09743730105140025,-0.16111943320144778,-0.0002223317204642009,-0.028893345925585436,-0.14600308152364969,-0.004961548817721389,-0.04188506739738683,-0.14046920136524785,-0.0618907114383167,-0.13343844778671526,0.010798266564949255,0.1698670085733223,-0.009242764552402024,0.09803307717486684,0.03855933694139006,-0.17286192337148562,0.05312859087134793,0.07236281992063666,0.0017157551419455272,-0.15798946686305387,-0.07855012919720612,0.3102401127495442,-0.08111130733698306,0.1210603530249389,0.04168860599865056,-0.05593650169465255,0.058141299608240465,0.03701119699826543,-0.06051248521627355,0.012632490638991982,0.19350256759542894,0.15341142115549453,-0.0020815349055720465,-0.03351800648050622,0.15926241164715618,0.005721732561814973,-0.01389400312251706,-0.1608219657325595,0.1102342651038114,-0.14834047047147175,0.06736298880460308,-0.04308763616367424,-0.17471112038909622,-0.08240568445381485,-0.0036192738840760347,0.06423678748911489,-0.045416745282919745,0.1361527491335633,-0.1500489584247572,-0.07534052025981458,-0.05673838951090546,0.06148910283516039,0.03907230960507702,-0.091310446349604,-0.019366786015831274,-0.10309412172025614,0.017211788108028835,0.1071585618557597,-0.01134246471472599,0.040590489850958915,0.08054238093272494,-0.15033323064837995,-0.07073211222241138,0.06716472485090451,0.010368847097379555,-0.048928787202271035,-0.0760034978220166,0.008609172701674196,-0.03911568428962461
PL1_2,0.027085607567230673,0.020956533889483795,-0.0017503618211156338,-0.003245413701218987,-0.01904958786342421,0.01565322198904868,0.039259419559903114,0.016756068571466567,-0.012893949133606183,-0.019575502797170498,-0.04936460807121373,-0.025218590566411167,-0.01401150139700596,-0.0031180969043523893,-0.03053091872632495,-0.008564622671972118,0.02176278544427673,-0.00580117105315047,-0.028144164046388594,-0.0008898080604238678,-0.009888782514847838,-0.0047006721793652,0.007247021454216352,0.0115090633252006,-0.016297262779436803,-0.017036100813415007,0.07461874622487254,0.01059413503726135,-0.008261883838386618,-0.04698041077835835,0.006261906826369241,-0.03416192942676194,-0.014542796827036138,-0.013221777617006186,-0.0023793733673438187,-0.023847632017833215,-0.006013876439178407,-0.019378707962649153,0.033943801389468904,-0.010469602038048342,-0.011313758855414937,-0.014938432032478577,-0.026675330705482128,-0.03774943634746278,0.004087316798204161,-0.0539909849943846,-0.02059390559310786,-0.00393333965853248,-0.010493203120906864,0.0051491330348709995,0.05455269500731191,-0.0068220182422038655,-0.0084245438679238,-0.013317440546268378,-0.01332401165539383,0.02570510447551266,-0.026588444030442564,0.051035744459843796,0.017821278055465264,-0.017142292513082462,-0.021832821168765733,-0.008269144426984,0.0269560222698667,-0.004805550204931651,-0.0021701058163260153,0.021508260696311038,-0.011148236251814773,0.001255180751801077,0.01312905026199862,-0.020731344321105336,-0.009831981097318265,-0.00787863198745654,-0.04693413712294803,0.017862114157965882,-0.042222865192452996,0.05868040394591459,-0.022265920258811137,-0.003121070283394897,0.011312221507625193,0.026180285518174473,0.010563741604389923,0.029635482393138575,0.048040653573359134,0.02143065869092742,-0.016126390120942035,0.01095842048949526,0.008184880913248501,-0.0210048481714813,0.011636109758994095,-0.003925582610720245,-0.02653078591249773,-0.02117222035640105,0.0010411872705896037,-0.015647338413777558,-0.0024648249452021466,0.025797317016573007,0.04953417492507465,0.05693789323898485,-0.015841434634518425,-0.03202987158388321,-0.0002681264925455609,0.03571544994607213,-0.03842536737346694,-0.017366764669743632,-0.02435220380724828,0.012600008858321951,0.015741126158921436,-0.0011198748834615536,-0.021757130901129886,-0.013300728272563666,-0.0579428351735823,0.01759099980141776,-0.02377313918085721,-0.035229122969639655,0.014422734974712996,-0.024683027739065007,0.018276045884635463,-0.019917658476378847,-0.014584050719772708,-0.014616856650440137,-0.03140581131536116,0.06061307692254661,0.026194422877171813,4.405067423774069e-07,0.019769761651703556,-0.012884070746113748,-0.05113186763772586,0.05847909881306154,0.046747258474434464,-0.0171644814353961,-0.021864217999450843,-0.0016588190071424433,0.06663351296015102,0.016590854083254166,-0.02283986989602847,-0.017240052587696727,0.012035518604497013,0.031027503104300014,-0.004653066495659697
PL22,-0.00958477888846069,0.0003526389847920279,-0.018126563658871202,-0.020316303939324726,0.0021361273106746534,0.0186902603851059,-0.023463495997077664,-0.0029436294239577766,-0.008391935305950735,0.0006892404796908372,0.0002041294800021996,0.007107821928708349,0.0122356503796788,0.011808846235900918,0.005642975190020819,-0.013216332160400735,0.00811182787455311,-0.03665654140561473,-0.00583982106245439,-0.02926359612515393,0.006768322431186032,0.03221152741568129,-0.0033914650242874364,-0.016600937880249893,0.025037732801296664,-0.002551133133177499,0.0042575191217467685,0.03193837384767569,-0.015480615044514147,-0.012076220618647202,0.026143126923330345,-0.020904296413030047,-0.019325736970436592,-0.029002913795341423,-0.01522452537729758,0.008696997723819523,0.018358205439887646,0.005504220425573071,-0.0095051199057082,0.004117084777456681,-0.01450165338297632,0.005009384638120066,-0.03285505469803973,-0.02010918651715959,0.015455212409700667,0.009383763416175573,-0.015269273190288792,0.009800555591824385,-0.00826200081720316,0.018557535397568006,-0.014564350196428946,-0.016897250895650775,-0.0017135492339565121,-0.008009648155254087,0.006663906317127198,-0.008360785503560206,-0.0037192933628351355,0.018371552025691223,0.0011290578511847977,-0.01352551055745842,0.01706258959490432,0.003772853400926711,0.007883091927646343,-0.00275930374021336,-0.003399392478197215,-0.00022172761647823943,-0.01075626222395,-0.015159736409839112,0.006073235971566403,-0.0067887710799363855,-0.012385841174234111,0.0015699544850587125,0.003565564361872389,0.01722666923590569,-0.0018943999882734272,0.03044254541530658,-0.013075420785877473,0.008753527309490375,0.0024651647839945287,0.02116547568220721,-0.03226514599057118,-0.0009885999751715812,-0.0006506732075599182,0.041626612738719655,-0.015161229859604355,-0.01727821620078786,0.011509139367900236,0.0053812323820500154,0.007895839024266878,-0.018000916244258924,-0.00039043685485293277,0.007867782826263546,-0.00624290229758112,-0.0047344347976151675,0.012414264120854031,0.0275360498368834,0.0035838353192040547,0.014397453185827155,-0.010608511435584897,0.004022398319010692,-0.025180722309605875,0.0032792372081447735,0.0321786224607788,-0.0048660153676870765,-0.02228647538775008,-0.0015862899633414722,0.0010523429703814466,0.013540269539328619,0.005797466550751705,0.040590497382901734,-0.004321476806955375,0.02597929721191163,-0.005169531448809272,-0.020469109965577305,0.038142456601031854,0.015493026486237496,-0.015664277672877883,0.02299470737949375,0.01571100392898973,-0.0031849782766768353,0.012567080328694902,-0.050299150988553844,0.018132468316812037,0.025871999577622568,-0.012104387016353295,0.032355878108105265,-0.013470820442049038,0.014728683214655796,0.04434026942177418,-0.033165017887908856,-0.008203551390257044,0.016185395999032726,-0.009811309272092242,-0.0035905263432757612,-0.0028675052051792375,-0.023626449062802327,0.003769512364268729,-0.00044809545704245344,0.011906074612063102
PL26,0.012502020419879953,0.021824519921716502,-0.004427834853045904,0.011651418296086617,-0.0009471309867524643,0.0020895262506781015,0.029988337180124787,-0.0024270867255069026,-0.007389155198059743,0.011032685855551663,-0.03648421338561702,0.005774749265744405,-0.015250909276424437,-0.0025829666732882705,-0.03940494399532894,0.01777644806981313,0.017665190880640357,0.0009558306413584757,-0.030052633302900058,-0.028652183302630013,0.020140388793594904,0.019105701234515767,-0.015290131406390102,0.0016148631510998874,-0.03443390993209978,-0.024458022957423647,0.012108974866467902,0.04354880293129319,-0.012926646295215945,-0.05063859307692502,-0.015598269752712189,-0.01884601374659877,-0.008273210894100852,-0.010099579282039084,-0.0424568460556824,-0.008446700016602133,0.006379495934879999,-0.005756948940243189,0.014679682542513185,-0.01165525441496923,0.0115950441762218,0.0030605708255672863,-0.0188995002619297,-0.008809475250431404,-0.0027788231432989145,-0.04459756716683083,-0.0013131518793915995,-0.018472090288756605,-0.01340866807818462,-0.01212190548084172,0.02080223058217783,-0.04706513008245502,-0.012214029576015164,-0.0165740906698312,-0.0015721220543678397,-0.0076397681608037496,-0.017758553702838315,0.0397435613139852,0.03250186463648503,-0.0011342613986721588,0.000364583523544096,7.226914739077489e-05,0.017663454649148938,0.011305726233501207,-0.019541273321242374,0.00760062357155313,-0.008230720761045519,0.002188833517840491,0.008419508271457895,-0.0175507962623557,0.009561924929749803,0.020053669755889323,0.0019369943582724922,0.01364490289344115,-0.014259194015876874,-0.00449122481812477,0.026630825501050455,-0.018336491697592616,0.008375850407812035,0.008126182407727367,0.008123339648372797,0.02279183855558179,0.010035674513455498,0.010043646829864925,-0.01014605014545408,0.016766298415832,-0.003780479731945727,0.009441737862068818,0.011008638675053794,0.00903799821378755,0.0134632431413556,0.0053487330397462216,0.01172563410213701,0.015472146404901105,0.008763139125704849,0.009550946442619402,0.013910189776435366,0.02313834402775948,-0.005350451294129016,0.006676873522578045,-0.023352688372326808,0.01441875983700669,-0.003248046630272427,0.007609974251496294,-0.01599144328662616,0.007449999848027589,0.017360268877150368,0.012296586643463645,0.013350495504978207,-1.3533884191099495e-05,-0.015455853732785787,0.0280917488073341,-0.022561906235307145,-0.01309140012210294,-0.002590140565126217,-0.004577383966742,-0.02322780990434189,-0.020326307840864248,-0.015335687319064756,0.014368721277217824,-0.0060953601555701195,-0.03751630884802947,0.009816106725220418,-0.01218156730713383,0.019092531408356546,-0.019755256067396698,-0.007031348288345467,-0.001615370400571201,0.03379855650773042,-0.07013579419968738,-0.002243935064013605,0.0204097776036502,-0.013412023526899837,-0.0059092521975325635,-0.005817677179962245,0.012367999201239956,0.008551557910114874,-0.0010551575352307078,0.011431511839791004
PL29,0.03407779361740262,0.08956918652179872,-0.03456237088566318,0.0023823704535452595,-0.11205240247435816,-0.01475187818979295,0.06714540143768807,0.016228386637191134,-0.09224403609689463,-0.04575077858570775,-0.060241701555150844,-0.003247507187383218,-0.11258157550144197,0.030921208484551658,-0.0949893889614944,0.04631163287617373,0.05100552770735118,0.029164170289490934,-0.05603941940228029,-0.002539947831965157,0.0032619780999354714,-0.06416996523890088,-0.09643487482455097,0.05770587342708215,-0.027208735396165057,-0.19069352663469427,0.09311502353705627,0.02433259041492205,0.09169992807710732,-0.11578761701654293,-0.03859793274097882,-0.03414007443640511,-0.06104023627220163,-0.16140978340782122,0.06833508693394144,-0.0031376868261806558,0.02962360289153254,0.06292940910085032,0.01895403008763037,0.05018750364787089,-0.0240900676209564,0.06982147868456853,-0.11425621464817372,0.04596508664213656,0.0035017751652935266,-0.017266056625350686,-0.09138021085974928,-0.09746720229987013,-0.0083512644341149,-0.055580190057026004,-0.014751319598652758,0.018526944913084417,0.06495318349346779,-0.019136053441209094,0.05506992772793352,-0.03973003396490463,0.01849120966614461,-0.035043302165269706,0.02671243156963254,0.051761434668520186,-0.006186346761629722,-0.10927277160025417,0.022793247154851842,-0.06294159623835284,0.04369533337448312,0.025889546874501065,-0.03943305433724771,0.019588883282624526,-0.06759730153705285,0.008419473892295656,-0.018232474742884405,-0.0074681039400578035,0.022077126221696084,-0.11972898084732901,-0.05053278449754341,0.04809314097327854,0.06400067779228993,-0.05406808614354623,0.06621413589525812,-0.05416414007835896,-0.04621964333195525,0.13490866524678888,-0.02414971809151033,0.005301900597618286,0.02598240494221592,-0.04162585208045329,0.015188889914304613,-0.04222212615042491,-0.09288104518585498,-0.06179847194690477,-0.02736835441999747,0.10089524863212566,0.014379043454241965,0.04810923305796252,0.05401334239401819,-0.06360197907890718,-0.052772622798842504,-0.08310024706668932,-0.0008568025293342195,0.013574396845123586,0.015422263186242093,0.029174780960510426,0.0961576408650287,0.16425978095187352,0.02667505994989949,-0.017617777515680937,0.03204117230071866,0.05834240273586799,0.016648192717084755,-0.051901234277951035,-0.029410632193508635,0.008948333515067247,-0.02133941679685793,-0.02308162447096898,-0.006817281711338773,0.07757344157489383,-0.19836375265437714,0.056646491071136826,0.07344715781235407,0.005516687094427284,0.08356634912748476,0.130009439583142,0.024615516641474374,0.006841152412610426,-0.025593034214064083,0.060358199203452624,0.07561552092600696,-0.0872104481136514,0.04306786706928649,-0.10810879309999682,0.22565148830726303,0.2331151542004773,-0.07438440949831222,0.09908964955116764,-0.004643582672980204,0.0588844093911093,-0.1438753098592419,-0.0026069019331586892,-0.046741253671743074
PL35,0.014139705254412714,0.0022629047930300553,-0.010368143805083163,-0.009889401493346122,-0.030489018368051422,0.02738169846955031,0.03170719025935776,0.012827732456339232,-0.053249105994180645,0.024203764242705178,-0.031907802098568305,0.007530635131875437,-0.0258426137626443,-0.0070156161561217446,-0.031004815248342164,0.00014174733960769075,0.024171702073110004,-0.000307453414043655,-0.024535413439003444,-0.0243025398520384,-0.029030085553426704,-0.004444906866891822,-0.00856182873658988,0.015227997541780254,0.0384398036317044,-0.03761714573380283,0.04297315088526165,0.021908468697713356,0.021657794499111892,-0.040013027492464395,-0.03419392591833914,-0.05180339207951504,0.004906662213861373,0.0029916647244194084,-0.036180328070345,0.02670821899641953,0.006487769675658288,0.03608853070032335,-0.008521709350240386,-0.0054113032860382635,0.004313958107460834,-0.011806473534770707,0.006507314240974335,-0.005073771569603285,0.02039789055173905,-0.06358583244944375,0.011821764593393985,0.020338535727938558,-0.005269361632365768,-0.022696659081456873,-0.005703146583907525,0.014786367253596576,-0.0019032964676525932,-0.024914729824069747,0.014865354607228312,-0.0170236808619691,-0.013268558928057518,0.0037771212640364334,0.016579425023715587,0.015010025832700733,-0.001666960636213036,-0.004514656787431137,0.042666831760202105,-0.025437130448751073,0.013776871555163266,-0.007378672992815609,0.031155086375755328,0.0009468814137612194,0.011659463593860083,-0.007695682881791668,-0.0035123699949762828,-0.015505797236169959,0.005414156053469964,0.0009796792607799118,-0.01889854930628298,0.028250841206769246,-0.003979636559931947,-0.01934760133063075,0.001176700602442748,-0.015756686186179602,0.00036121230243014616,0.003731326715193647,0.012555293660915543,0.01647716968929142,-0.01229908578211172,-0.014645447573964144,-0.006124336063399753,0.017260448714963263,0.010532495046869443,-0.026898544524248967,0.034565289915324336,0.015301678261566436,0.036866711823653205,-0.0189824971033047,0.0031021383079881024,-0.004388606904554721,-0.03346524692878884,-0.017727674131513636,0.023819692983828158,-0.00977331784788539,0.03059449590217178,-0.0390516253631733,0.015704042664979552,0.018615296560551865,-0.037040267476690425,-0.010927558626510661,0.034314693474949545,-0.0014718351185836027,0.02680146106050625,0.0006655805103741532,-0.030088378855815907,0.003979331127372676,0.0017282766454125391,0.01374515080711531,0.012052596219676187,0.02337508965548222,-0.034640454632871666,0.055451887853699686,0.015288822279234412,-0.06063173916155852,0.029028597614868073,0.029130046981382617,0.0006459746502904324,-0.013598531176014882,0.011656444278990876,-0.02577305442698106,0.0005041264085194129,0.041565250297223064,-0.02329580938139371,0.02205728691988699,-0.06579048429968842,0.013259684746485943,0.026825226274489557,0.02445698101198282,0.019981026633821248,0.0033703813078321742,0.001789599155503707,0.014723793180557708,-0.004383186380667053
PL38,0.13395420160441412,-0.11702496242041366,0.04376345573835301,0.022527316105618946,0.014708262304854426,-0.05314890199063848,0.01429219989133411,0.011530032974213622,0.0264382979938003,-0.03601630842581596,0.010438758728686067,0.007454363619509873,0.03204399439616969,-0.022827855232484474,-0.048907821370424674,0.046030748164586126,0.013399643971279813,-0.028054954905946727,0.012281962468382982,0.023254821184766013,-0.05073619209368997,-0.04215085941932925,0.03628456671847729,0.09028208194292286,0.00476165245527182,0.019342202205821307,0.004839654075843695,-6.86955462942828e-05,-0.0061881786054025015,0.05781050947708701,0.006282277399144404,0.05892707388434093,0.09148554571472654,0.029189354928264157,0.031439713229353926,-0.04407443193170399,-0.018529727283904493,-0.002332545782800175,0.04341900734748256,0.06469482270590503,-0.03389363390005601,0.017722941431280323,0.08630436516611122,-0.030703529666985148,-0.01114506831348477,-0.04892889846944508,0.06432833468327522,-0.02160905301710618,0.015405016129535862,0.03192323848626078,-0.03626752646378177,0.02425837666226321,0.060148943597639476,0.002045104222555742,-0.03984612341534446,-0.024408839904189135,0.04264887286603726,-0.07364620310924859,-0.06932717797199404,0.016134472264358247,0.02427142338580577,-0.005392390876151748,-0.04012709708564118,-0.01607982226581563,-0.0065593656840721125,0.0021306635007839287,0.04509425419580266,-0.01803817623278157,0.0015801401595687907,0.0029348967074577007,0.018716699047760254,0.05703601371022276,-0.028680599462614066,0.006126985201212169,0.005664019464023982,-0.015366582786518698,0.045318842162703925,0.04433341040487638,-0.005428879511238262,-0.015335255429343064,0.047056834345598764,-0.07554197822042609,-0.031514849014241175,-0.013160397149128134,-0.0016949089410619143,0.0167669028059976,0.01682936578383189,0.0002136657506042339,-0.019083194890818295,0.03275902938674417,0.030478960482403006,-0.08304862395711429,0.024604445516815624,0.030997691670720376,-0.029471928806602547,-0.011605371878205512,0.011499208790767395,-0.059525876074216916,0.021592007702050334,0.0028432809025014973,0.015293582225010732,-0.01772434699840606,-0.03408154374508957,-0.009956840086199665,0.012721502606834932,0.015051773716952398,-0.03634456309108541,0.015310007796197669,-0.020454539275266623,-0.043916290992249606,0.06435993803165928,0.010111112177597331,0.021709434085980795,0.00979068389084896,0.014518013464763228,0.014839273922566466,0.10593798495596318,0.051718629400312244,-0.0005134029666857242,0.006172343136890579,0.037812291770533774,0.025766818774198456,-0.036796929618211675,-0.0074827851731283455,0.0024282152205837536,0.012104214881935119,0.03362418667510842,-0.0034641204344446454,-0.0716242723975782,0.02954637316873012,0.0057559269107011705,0.014558558711717797,0.02211807870433861,0.0905696210849129,0.015590347787852066,0.019260331760190527,-0.0387691143752992,-0.00186098145549074,0.04486132643112089
PL4,0.0032447069246699,-0.16028133552331678,0.20457650111697745,-0.005965712700938805,0.15481011033732986,0.165559314788314,-0.0001350503201519857,-0.14724558642077296,0.06988969818271301,-0.10112777699251083,-0.19589146090393125,0.11851336485002921,0.16391059033157535,0.062265278766404177,0.00344594737354303,-0.015224637233778015,0.04555361441924899,-0.0608278694355012,-0.030870370796583533,0.012607757021220656,0.057062915984740135,-0.03764153389648187,0.0059561234643290915,0.10095315830651391,0.04926681928412922,0.036893813530302584,0.048348132787911356,0.047179083292437085,0.13618277519615932,0.0318913322326366,-0.118750944362294,-0.053613667613518545,-0.0748933283393761,0.06923785415122993,-0.1434341820402746,-0.052876869771420525,0.0745969948561833,-0.03539346902163978,-0.0821447781059624,-0.12808469385968438,-0.2209604471451698,-0.04249161040817665,0.18630584738729,-0.09813447902822889,-0.13026650792897945,-0.08650065347931753,-0.030853022387124562,0.13847753609408803,-0.06724426584426603,-0.21957891570073867,0.03943557349644673,0.11719377930011113,0.006255796335956168,-0.07426814636302174,0.041899477197256146,0.05429698622161348,0.05224659455529709,-0.08029611516878839,0.027945055007713816,-0.14001921147494148,0.05271109599305467,0.015082414400768428,0.05545774194517931,0.03850548536715392,-0.18017451829486367,0.017998214686073148,-0.12519927272385695,0.16447591040235734,-0.07384434964420174,0.013503688581595445,0.030095321104922284,0.0590197841767172,-0.09234054261764495,-0.012587503996693117,-0.08063743610285072,0.04414800544291613,-0.1616395348741644,-0.04796379806743706,-0.08347779750672228,-0.17057887348114895,0.04957046632799525,0.03995783708878418,-0.18934193461090598,-0.006805679439767326,-0.06326598314475308,0.06098626031178697,-0.3063174899705045,0.1473330566036551,-0.13847500757755055,0.08766907320604028,0.1302030848020499,-0.07352847348397268,0.03218769622408208,-0.14490717516463744,0.16059695131635202,0.046242224734478775,0.03430185395274326,-0.053392887407019154,0.13581093562907723,0.08603427856264971,-0.04346954051237259,-0.03973282294593692,-0.11825459197565119,-0.0854336099730993,-0.03348913976987631,0.022879792906009486,0.3263099193998835,-0.04952844006865823,0.13377146470461654,-0.2399608398650063,0.019363074434061774,-0.012996456469478068,0.03493118595926258,-0.3130696089318905,-0.006377051766644753,-0.010791755546064716,-0.030926297620635326,0.06650017992207416,0.03870245858362727,0.12874797650167244,0.03657032820740653,-0.07605932428652837,-0.019200440283914565,0.018048545951260937,0.02323721345438604,-0.04200048041593763,0.112368574865172,0.19893094815455029,-0.07650869743510964,-0.08435510225496817,0.04475055120390156,0.061327351159718595,-0.16867810785845821,0.1122286677325577,0.005089014787783381,-0.05765865908876865,-0.0341664688837552,-0.10432016887332475,0.13884376568944523
PL40,0.03134891284831018,0.04360281908110292,-0.023927305769167535,-0.0016193602335235978,0.0028010844931441892,0.0217796896800691,0.03800752932953304,0.008178750426463172,0.00868958490969739,0.004719293214058222,-0.03127621557021171,0.023160022355035184,-0.04721946328866375,0.009934715050599377,-0.03673994925389355,0.009779093442816859,0.044912730685742246,-0.029567294835436183,-0.04411134055996045,-0.042103845531623364,0.001793639996273318,0.026582908944764408,-0.04181897300478955,0.0026690169489533466,-0.03519066263697454,-0.048257977018291646,-0.002841988453894771,0.06741911635939707,-0.013882579603240026,-0.05894135056184737,-0.014996987996270823,-0.025201321604726795,0.005854536664172088,-0.04099998149738664,-0.04619770353018428,-0.01511718048815227,0.01768699127795064,0.003332520063038399,-0.0021880424198555235,0.015638171234285535,-0.0006927162271929979,0.014919298960159704,-0.03361426173000774,0.0015258102758685698,0.008977323778050734,-0.05412825368584746,-0.0006669077536817958,-0.016151241920577833,-0.01097440007653625,-0.008354800649536526,0.005329635563484294,-0.049863006708986815,-0.018913546057349993,-0.006110006046864968,-0.010746234937485484,-0.015451591976091372,-0.0027579394542019057,0.03899423091563784,0.03998205698895756,-0.017362326142286204,0.0055251783839321625,0.013850936543957226,0.0001425591565926584,0.01692420106121176,0.0005332573767105592,0.0033460453588480313,-0.02936242041821572,-0.022126206727961655,0.02311767324793059,-0.0004022360272928279,-0.015325480461320862,0.014686666402687941,-0.015565654073068704,0.012371126673697995,-0.007934827929728147,-0.024609784839822273,0.05009415771964238,-0.022091274420635958,0.01547063531932242,0.057437514405909794,-0.005199628566718849,0.03805863852422293,0.02354723731249752,0.035509819699115805,-0.01816306637672575,-0.004247367915977329,-0.005071901074254849,0.003359032619212542,-0.0008892380677221449,0.012457827487343654,0.033955021458986,0.014215601188038005,-0.008638298403010287,0.020726620456355493,0.009923901818709042,-0.006418989517116891,0.009466639258452347,-0.01618363849828913,-0.01562778028840103,0.01366955234852691,-0.06299618798050347,-0.001557350839028189,0.026889829241079542,-0.016070143345861505,-0.04267478283403158,-0.010228594854387624,-0.002246866258289057,0.009051708432823918,0.01613800621331273,0.01878017580839789,-0.012797909993882322,0.012094613499476669,-0.02840392215196441,-0.00021719996510907583,-0.017862849485626005,0.030930473706212772,-0.03562317578473111,0.030486700242250465,-0.005029136165316716,0.033016794415928835,0.04347722717792076,-0.058770788012024434,0.02007837268870856,0.023718126911606595,0.04011109020728384,-0.02882838936332368,0.038586088072888235,0.054246312275150047,0.023016995715231945,-0.056406704292385944,-0.036504024306557935,-0.03940788407319364,-0.06087327354450919,-0.0023310073228027537,0.007072466960975636,0.007212195907153169,-0.01509029168533096,0.01596713325956639,0.00930568273772016
PL6,0.14614354311842007,-0.05486134834079844,0.02559272503512742,0.05418320749061316,-0.03734174460609279,0.04474647836987347,0.06695744355527321,0.10593799934016439,-0.0012855255834761422,0.022809694641200192,0.1869422551353568,0.1012974554560913,-0.02777310540594281,0.025255338229744573,-0.09086136826728887,0.05313969807774322,0.10720320019294582,-0.024397364763994605,-0.043562500855482404,-0.05994219649517351,0.11586396657096334,-0.023962866838587105,-0.018815433656886413,0.11234464364630443,0.008809596265939586,-0.12870407106846826,0.07712684942403704,0.05493903760589062,0.07458396907991462,-0.015985912187475856,-0.02741925571718548,0.004653957397771146,0.08557215094615252,-0.036233595290956475,0.05067789541521341,-0.011844193985102487,0.0987446258815392,0.08779783710330595,-0.07341811850003063,0.04610336362414597,-0.02841277464648336,0.05932553396398531,0.041946219522641694,0.01572925074596742,-0.05509516683819977,-0.07197557685107812,0.016559594472871364,0.04275100298683646,-0.029418768261597304,-0.041313477324658024,-0.028622955807422037,0.07706901204849766,0.06332852865751884,0.10624846046700769,-0.016140405538319903,-0.10064111487767279,0.03538066937843608,-0.031387613825272484,0.018271921960726238,0.07526508536523277,0.07810442168061053,-0.06992028271541263,-0.0008463712650996496,-0.10283213335744763,0.07579149937934793,-0.04252076436881393,0.14891464888043118,-0.010353424936157108,-0.05187510309464492,0.011752007724836366,-0.005875753343098779,0.0010475091794128148,0.0066445556355961555,-0.049200046255723634,-0.009450226381813786,-0.02200641979549486,0.05895074553030873,0.0077145578670638135,0.03463366935735028,-0.01030418189287978,-0.02325852172475816,-0.0457877813293142,-0.057861103846014485,0.004521676167323217,0.050873837839526065,-0.07511864710364989,0.0060461874540780934,-0.021464891707264795,-0.049257588794016344,-0.03199739942182161,-0.07490006819237688,-0.0055499882807717215,0.07691483695862635,-0.01531750537339074,0.06928565275041008,-0.07166653610903068,-0.11047985311982021,0.06546728861792535,-0.08806442372905127,0.03283781164008275,-0.08576501527826859,-0.0866729046408384,-0.01679416083562546,-0.07411960257163873,-0.00501080228701354,-0.08763313432821603,-0.04735323660206655,-0.007445776074508744,-0.014707654367330208,-0.014029790539215804,0.04727358068276184,0.004562281586227348,-0.07844062036590914,0.11592278887249023,0.01455630364867153,0.0896244807866093,0.023487189237141694,0.03620176513366877,-0.10198247969547851,-0.004792346134398988,0.04565078017201838,-0.09070655038871459,-0.042319232285983784,0.005538896920082689,0.01813434335766632,-0.004015017467733801,-0.02652525758979917,-0.07334206715682667,-0.04609517577095151,0.037354553380370165,-0.11508715058702071,-0.011668589446274745,-0.11308293231875853,0.038701242032874075,-0.05731816866111972,0.0006959351704517126,0.028287722160793255,-0.025255490222163054,-0.006100569739401556
PL6_1,0.14808042350303655,-0.04984463913452951,0.024543464834877064,0.05579133263302771,-0.043717585411495744,0.03836220311683116,0.06900355709541364,0.10346272873144043,-0.0037867108076956777,0.0198693661620488,0.18605284803565783,0.0997663274209136,-0.02817168423169969,0.0296611326162509,-0.08465883150003986,0.05209453920689874,0.1079080265510314,-0.02317746003750818,-0.04416662017866682,-0.05932159813985437,0.11203095857667483,-0.025577295638434687,-0.029224965501977007,0.11287497411511008,0.01658434128144652,-0.12720725129368687,0.08007604031730632,0.05511023509595142,0.07688216932248967,-0.01674185964260914,-0.03396424152959991,0.006307253867815866,0.08109510209942151,-0.03553317721067986,0.04739996075661483,-0.014612931674222854,0.09349823453643726,0.08832462227667066,-0.05501754483151583,0.03929945755188653,-0.03356548349932902,0.0582244691284845,0.03370012286389982,0.014382698820778812,-0.052870907997859956,-0.06919650981370065,-0.0013653352171721339,0.04578715046274137,-0.03375569177855085,-0.028891249682088373,-0.0262052928224447,0.07480465219025217,0.06635621118221344,0.10815766822801551,-0.01401670771783174,-0.09562111228644188,0.03369070489876536,-0.02972044739681861,0.017307900371335342,0.07383369625838623,0.07568726061012349,-0.0680780379916659,-0.016235765917748307,-0.10583843017464947,0.06960107396836879,-0.04562385415727713,0.14638140537996236,-0.012426378662019991,-0.05066571337868762,0.028381368060444574,-0.008265134362416571,0.0021055371833024476,0.02264009906553601,-0.0530694702518781,-0.010416279476826771,-0.02176964415865034,0.05178420170030335,0.005116225609065833,0.05590304682579313,-0.004962504346271237,-0.02504068028383624,-0.04835640656895772,-0.06920892749784548,-0.0008452637113738415,0.047444881095271514,-0.037139255046572194,0.008818591551121125,-0.02149341041608927,-0.043618315992982284,-0.034553926137150755,-0.07230712160721037,-0.007973945184288556,0.08499066402083871,-0.017540427440525166,0.07229042835358547,-0.0745143306946093,-0.11819165353534804,0.036147800345458614,-0.08551150732097687,0.0363546922245754,-0.08096083439425132,-0.08572144002616305,-0.015117316033239502,-0.03690387303907043,-0.00337439552529273,-0.08128326232080434,-0.0479791379361567,-0.011483704472381073,-0.01644214928218155,-0.008769084240381952,0.06619862895073685,0.0013548588342631917,-0.08051879088391846,0.10029112951987819,0.024642307828640405,0.0948597983073603,0.016662777398906575,0.05420042875887397,-0.10620366749928525,-0.0035505019936219943,0.07845335675333116,-0.09924133556381305,-0.04056019753679605,-0.000756315307946051,0.024758419532447676,0.0017236036587360555,-0.026516236025158145,0.09782759902833071,-0.039385516778248815,0.030001713345805793,-0.0764984321949838,0.007159414987999016,0.091242033300053,-0.050694753742269984,0.00483101539488728,-0.02249972346220957,0.038492353123737125,-0.06809224809326136,0.08602006371358784
PL8,0.0983029258171191,-0.053436428730664266,-0.028608865620299354,0.0004881896560889849,-0.0020642636427447856,-0.005716678049565728,0.07235774022224703,0.09514047181207917,-0.08116713951910104,-0.07171843164701633,-0.09424486541154564,0.11238008640929473,0.007228604588175647,0.010759972945898666,-0.11492947402789444,-0.009121179961019065,0.060316289677734364,-0.05082563277103545,-0.0006618215131994217,-0.11127637721928835,-0.03940928389222183,-0.016762233064902838,-0.0031898027298875287,0.05324219605900512,-0.003340365870748097,-0.09125431876707388,0.00960342822848489,0.07035081563387709,-0.06518565995652345,-0.02050268984797461,0.16240120747404177,-0.06959786464403153,-0.025639857590562358,-0.0316660558851299,0.0671710372448974,-0.005154608975001214,0.014615061677416934,0.01137033899231657,-0.029364402954803,0.10744315778726872,0.035822934014313856,0.008173459351043562,0.05165095953802029,-0.005359689989871975,-0.008741808310429049,-0.06684623735196979,-0.09920771865489947,-0.040789406578074526,0.14677734288956037,0.04746321834812892,-0.05115607059451534,0.020641370893391745,-0.0156605254928166,-0.019216485755761153,-0.008356414419134614,-0.06993839615884506,0.11464797688447778,-0.07885960361808146,0.03505531013662521,0.1128669194545574,0.016741610403097223,0.03522333494621017,0.030689499674491697,0.010908836090066723,-0.00218903415195958,-0.08846450829311593,0.02350453661820781,-0.02647922955063666,-0.10125918544746641,-0.020052468416528538,-0.05780607254452395,0.04961969831204159,-0.13479579124496696,0.03235090255135525,-0.0424395779628019,-0.019689571498158972,0.08229873035987148,-0.036183381857440244,0.12500491434203484,0.02628829552257562,0.0826863514077465,-0.10890695853792313,0.05186407216550053,0.07643333702066367,-0.022152297601939736,-0.06807491193355444,0.024661998924715222,-0.0501891439097106,-0.06636398015336242,-0.039756840233454036,0.016002537424123095,0.04781177674305683,0.015517423828827613,0.04512127198148714,-0.11065540650978013,0.03818835828780462,-0.08779525489331251,-0.06865542800268117,-0.05997738456956423,0.04941638651069725,0.006638840111115984,0.05793407813733554,0.0008259297264164956,-0.004796154936615793,0.02271063465126465,-0.03384740805571335,0.06181309390023567,0.011474367022086684,-0.07610764344995961,0.032225086795502185,0.08579047712521823,-0.01949087774203038,0.00821008635115753,0.04354369551693814,0.0062411902934469765,0.03856385355608077,-0.019047415039838877,-0.015251146792853621,0.082026711441198,-0.00830305900607418,0.003261583091276744,0.049526872311482686,-0.04668819203592809,0.06424922393761491,0.01632251079913848,0.07708172311300554,0.07302486159480771,0.038618922978954015,0.01592858510901184,0.02760236222490472,0.017080816324179137,0.007900883288018527,0.08552577325655743,-0.08008718205811391,0.023839480489934978,0.02725267716580753,0.011481739030308252,0.022372847225554052,0.059906276170383854
PL8_2,0.10601653780841692,-0.12586936068348833,0.005302706993839256,0.012987056330571348,0.002729704042390732,-0.02900909412507747,0.05929453954185971,0.027703476476043612,0.00979795152668694,-0.03204223120347588,0.007850920236946116,0.060212260556368906,0.04445323024932119,-0.055732576078671436,-0.10285219596247996,0.06115407373573982,0.12894001713823336,-0.00759504149238363,-0.05866372331015724,-0.046907581190133316,-0.04719957343561447,-0.033081473898791354,0.0034471607156565187,0.08874064741442417,-0.03961778822069079,-0.13321309136193563,0.02603019175259667,0.06599897552345926,0.05311423384709017,-0.011227809780743222,0.02830821125739125,-0.009093340722796975,0.024264917728084773,-0.020575876091261245,0.06522510251755124,0.040019957700176224,0.06805185634737501,0.08599110632792752,0.0075538920263459935,0.006795352191662896,-0.030567168017177678,0.08020781697875112,0.10188422050393682,-0.008548311868384357,-0.02120230209548544,-0.08749581380141451,0.048578320322771394,0.02773031746120248,-0.00104507298332991,-0.039406255631981295,-0.001890371807654963,0.1036907083839626,0.02949766967984432,0.08657649355628931,0.03830188025001394,-0.025844530827186282,-0.0054071198405349335,0.06391710316765829,-0.030202572266307345,0.06554975922998128,-0.009797841963176781,-0.09970193352285103,-0.04670643722089351,-0.11655132701189973,-0.019048416444846387,-0.025173384434414046,0.048620497922403645,0.006748135573443972,-0.008560527605148223,-0.016520445364883268,-0.01658242772562508,0.019955547445352884,-0.07047078457728048,0.035023457918748564,-0.013280377060190179,0.0076517919048475404,0.05509115013923255,-0.005165611021627694,0.07481528127812653,-0.109347844522608,0.045333807778629054,-0.0638860675970175,-0.07862070502861551,-0.021313528209396138,0.008187065387390358,-0.03798949949804235,0.026106639966092655,-0.0018144014879872522,-0.0984386653916415,0.027673309216415632,0.01249230199050672,-0.10185138094955286,0.04724739399951019,-0.15319078420399385,-0.020094931460529535,0.009587649341854602,0.04480057751126753,-0.028741064241992197,-0.04412228937608566,-0.10632672996178279,-0.0018873585304995373,0.0912777715295929,0.038694428396906046,-0.004725718227005461,-0.12113134921439361,-0.01970457867479379,-0.06750189750253786,0.030930945201832125,0.01131382772760409,-0.005636445235263299,-0.003359624658531117,-0.04505313263175129,-0.02675837865326204,0.06522801025398017,0.013483330263300647,0.04588593763983046,0.0473609854718786,0.06772106265331643,-0.035456439493137135,0.03871079499656355,-0.01117069557532221,0.03201456313537806,0.08123236448949524,0.058738420000352884,0.05699377227101652,-0.017339685333201547,0.024648072449316962,0.05947785733941667,-0.035399328173549724,0.06297671690585342,-0.05181713996160337,-0.11028814001366263,0.0668659407637751,0.06602416937137966,0.023242818730913013,0.0193970680555315,0.05310180121857045,0.0412983437307375,0.002305134852355112
AA6,0.11549625486162574,0.018873314612760102,-0.05191628480874748,0.014787821253546274,-0.18716154240125507,-0.008504887994320759,0.11790521712189482,0.0828966644777702,0.0739108763578912,-0.0801924532137405,0.012049943604257918,0.09138968339351886,-0.03653866462826767,0.0914847844279338,-0.10986720170060267,-0.06353749271485992,0.024237794273578882,-0.03512841486433465,-0.10990603149532363,0.1099428893545318,0.06105070855353207,-0.22761514109098202,0.05743712729878017,0.10002051742672334,-0.017297867264904464,-0.06189730702393303,0.2058624810547941,-0.07947949364039177,0.11634013933241358,0.03586553804661176,0.03524334859616138,0.08076403690266935,0.007363357131989211,0.12455330927847916,0.04894390403362098,0.047443430507284695,0.18963741461493264,0.09236601289805271,0.013523014212436986,0.027993550809771454,0.0652800807532376,-0.19496781616669842,0.08322200349466226,0.12887186089999536,0.0797573617249239,0.22752379965239872,-0.18287934570598888,-0.12001204575021791,-0.03157664940090628,0.05985963768625726,0.08012376443211122,-0.06461850398343454,-0.20427525586644557,0.35960285540295633,0.09041019829325705,-0.03036908260585281,-0.2510995456771361,0.04246459768062359,0.025208989812189473,0.031785683810354,-0.13647190525357053,-0.13421360054347756,-0.04858342478939912,0.007322704636324372,-0.0687251080219644,-0.04166991748473902,0.06218177226884719,0.08201443940907589,-0.24010534734375802,-0.040754090685574375,0.014318866906718327,0.16804216633717367,0.12178585526496918,-0.08790055462063469,0.0963958540151744,-0.08998488247355085,-0.016551236109489,-0.11229393485902853,0.030562893878376043,-0.0653498833979705,-0.17291210104907587,0.19519883385732287,0.17144607011777113,-0.05335119867648757,0.09413636539805251,0.13066921436526252,-0.0913020561391329,0.08259157098917534,-0.1514101052841653,0.12259700105658346,-0.10887264963977573,0.010870423503477224,-0.017314952030759074,-0.019367604083545646,-0.09032357983440761,-0.07000694482247677,0.08714012679612398,-0.042787188546981415,-0.1540316196705637,0.10429335537810663,0.03351584239624776,-0.06054780835406559,-0.0618922465877413,-0.14914702238709365,0.06821194816442076,0.1637743535497227,0.0012340787937901508,-0.11846062702797655,0.03949571129700986,0.03366852894185372,0.15729347490466522,-0.0033430905490686594,0.24166209936109276,0.015333079745017254,0.025427760844322737,-0.009218235225748253,-0.1257235502299774,0.04682716459595411,0.1033445081226756,0.0954439253932626,0.0018807031520718586,0.10148391757010065,-0.159016793108416,0.12018861651798803,0.1954056270753311,0.12421713668833269,0.2015488566045355,-0.19033155378959649,-0.03430138538071273,-0.055811761522158373,0.04009250356706589,-0.01122038628593706,0.029096731673974453,0.05896695747404764,-0.007704709790204105,-0.0058082219004674425,-0.0321450337016594,0.018277991587200306,0.0517194677507385
CBM23,0.02041798456833772,0.030319365620997695,-0.036435147073022506,0.032839538196634065,0.04758100918327765,0.07285708615914198,-0.11547431419349802,-0.09189618343738148,-0.07126233596473666,-0.038845924713130954,-0.023097926357261395,-0.004363373452347519,-0.04326523396611476,-0.08049354351850527,0.013119013254038837,-0.043723051937554894,0.0192681068093803,-0.1914893464819978,-0.03126871477527427,0.05109771099367607,0.10384693424597904,0.06426209218001058,0.27361425755893015,-0.0484644123249726,-0.05083161078863794,-0.011391061657328363,0.027823183496258296,-0.0530560573034299,0.14014256173457035,0.1239321731531629,0.0689824966180714,-0.10857274550747457,0.11329552631225523,-0.055965053367298075,-0.07705780858496437,0.09354349601953493,-0.05397694018945255,0.060987925372788306,0.08577839267814617,-0.09601748266544308,-0.047276112458481484,0.03852605816134134,-0.11649456876081259,-0.10065936972118124,0.02091898363673355,0.010856000730527152,0.07156703040623696,0.01072967115834326,-0.21929034545926515,-0.029980585132795893,-0.2352629263382961,-0.036308898663542914,-0.14074176647205347,-0.04391314534404594,-0.15697404549819202,0.19183015729171593,0.09819957441885621,0.09106862768703962,0.03474666844102454,0.04392155726498422,0.007497692688336175,-0.041177001611160106,-0.03828614798965513,-0.1273601329320248,0.1982128585605556,0.1741834274407459,0.0378425351396751,0.010638525667718583,0.17861022109637806,-0.035478042067550786,-0.04388221908022973,0.19738257587787603,-0.031136681629316647,-0.1749335414392952,0.05920466702907394,-0.16789925057344224,0.02233085847771983,-5.8562463656052035e-05,0.008568466099120733,-0.05370621453351378,0.03239328028494946,0.06629825827416752,-0.13057871044854524,0.020246762037837915,0.04222239680960986,0.0619213834021626,-0.04050558559425064,0.07589128036726496,-0.03627341152685361,0.06496968351270502,0.0619096606558681,0.16761235764454435,0.16522709936627586,-0.024774873218156166,-0.07636197537659598,-0.06676028239314592,-0.10770802197016849,0.07766710867757724,0.21481922924622274,0.01584616510249787,0.037245691164707176,-0.008328350467615424,-0.15252974480744663,0.04212627903419011,0.03729649196014503,-0.013217334160935991,-0.027639625117456657,0.01702932058764541,0.13515046680377382,-0.15464197243218292,-0.14731569854677043,0.06863274389630666,0.09761708330351887,0.07957292571521007,-0.058816972441915645,-0.06941671697826025,-0.06274268157585149,-0.05080923426247235,0.11267657603692008,0.11248694688117628,-0.02669182406322455,-0.04292879579645453,0.13890646067119256,0.02691799560986069,0.10810426843062883,0.07832799600232535,-0.08587131716300324,-0.05823344350891625,-0.07746556310959897,-0.04063215334038304,-0.0164618077966129,0.051424021289673376,-0.054602363543731956,0.05285302013806658,0.012478520558607445,-0.04571148291465134,-0.05931539145616568,-0.03875852745052323,-0.028338763299943216
CBM27,0.018033585370873843,0.028184743858412863,-0.03844396742986653,0.025650837722970908,0.042128437718047404,0.06387071571647596,-0.11414878605072937,-0.08369388945227628,-0.06432144568625144,-0.03538494994043639,-0.024459903650268018,-0.006575554637773598,-0.04409201372834842,-0.07946442349619028,0.013233674740802273,-0.03580238369639177,0.023159910637714262,-0.19003032532054137,-0.027991973276355647,0.049105432467281517,0.10142245796986157,0.061717876412882865,0.2504853012692717,-0.04897143424015023,-0.05325150138107776,-0.012223853741032305,0.020684485673760505,-0.051201213636348046,0.13793689760470373,0.1178340498252309,0.05517173665390768,-0.10746415907528555,0.11213189736623091,-0.05840619998751597,-0.0695764448917796,0.08690001628822995,-0.05012335341874904,0.06253888268642803,0.08077111509955716,-0.09832085318471678,-0.05026445239207434,0.03856041527211221,-0.11410786974434001,-0.09730472779767142,0.020873349398668726,0.0076685861111035454,0.07593241133361724,0.01219785497294749,-0.20627239630025293,-0.032543963166554966,-0.22436374249184862,-0.03704679228361616,-0.1369003456471467,-0.043287270197219015,-0.1450257461050118,0.17863003520263984,0.09706738382022138,0.09089841196845612,0.03363425924672039,0.04452259667079937,0.002216587265645871,-0.03849383605913667,-0.03407051712237078,-0.11892804612404222,0.19574386778997682,0.16534039085882146,0.037951555652450196,0.010309506389708237,0.17075150819894683,-0.02947780625805556,-0.04613084660771975,0.19965198299929024,-0.023693852355678953,-0.16912798877648172,0.05462671567693933,-0.15713966913834737,0.02425044243437955,0.001884284655301173,0.011575604652696754,-0.04434129972204539,0.03085866713494302,0.06001136547928548,-0.12523711029065357,0.020061597568012686,0.03689143781566756,0.0607324284934446,-0.040165650504385746,0.0731653598234504,-0.02867263000363475,0.06293343714580875,0.06087401330279288,0.16201646697071048,0.15285048863428513,-0.024396854960548404,-0.07023072460085815,-0.06503967157443151,-0.11127691943505925,0.0708301978803565,0.20551742625428307,0.017916854101037095,0.046501092400381146,-0.007604958657822323,-0.1393329159799011,0.05897445532298482,0.032122802523835085,-0.016778123443330555,-0.022880804803597887,0.02088632526934728,0.12496580817647986,-0.15662775086363356,-0.13776342416743936,0.06876097221205284,0.08777966620141572,0.07916194062582554,-0.056066754365821356,-0.05884792338329594,-0.05859921291308973,-0.04702486489445967,0.10681726670323693,0.10127433350792055,-0.03065738209258624,-0.042009180739604454,0.1319995445231903,0.027965020108927267,0.10421382343739105,0.08087001893843529,-0.09687496696840343,-0.06380280801477871,-0.07605755593634338,-0.03728780823835942,-0.02004127129349036,0.0561303159237842,-0.05738348326746713,0.05223211233965398,-0.015225171477054128,-0.09245613176286373,0.07170262559685522,0.06078689787833319,0.06596166006394776
CBM54,0.10297870905056489,0.12176883831468159,-0.04597428736373884,-0.0950134801713701,-0.07476315280358176,-0.07333390795462412,0.16276878036687834,-0.04801246735026368,0.013814133507299053,0.04534210481645545,0.002391460915336411,0.08075590431889969,-0.20921454687042712,-0.062293140804935504,-0.14730529282222785,0.0401380317549259,0.15196627367144241,0.030098402842986233,-0.09831541988867235,0.16615497338045865,0.09437120791486613,0.027916498038245034,0.18560247851547104,0.06668465250660051,0.09315519037565198,-0.01983553825427053,-0.03648054191232362,-0.04827722106072275,-0.14872561776662374,0.09843625159072739,-0.005787308215414113,0.12138432689140538,-0.054728001815372185,0.012144537201613912,0.006103735863862032,0.10580287301511329,0.04293221853804694,0.21294496650115308,0.15908877928854706,-0.06834714093879628,-0.03033872702019663,-0.08277069964634838,-0.040333940588969205,-0.014045653939702302,0.10807738816605122,0.043189191669501,-0.03717016337481781,0.05677894936837413,0.0638664602702559,0.09240301089390968,-0.11259171093530382,-0.0031574215032282847,0.08603294355872221,-0.10649117151701977,0.0041129921773861424,-0.0358815840865456,-0.027256836145506145,-0.05303950415969853,-0.03549296872114608,0.0014883275447686382,0.08047651716955524,0.001124296481206634,-0.011036236035286223,0.04381241777778306,0.050864901403719825,0.07629304020931858,-0.007327090453375971,-0.030692126022246857,0.027917872724624503,0.012159247816183806,-0.018337755321157896,0.04199261835521336,0.02059444353721701,0.03427393381854957,0.1841692719046104,-0.01579642346355303,-0.11142698378136714,0.13052880785971185,0.03449397006530339,-0.11046266530100687,0.06763660305705521,0.10934669431206308,0.0913135454051801,-0.0068966526536403915,0.009939660797589645,0.11587365876698372,-0.14262647909581283,-0.04821604832881339,-0.07959959307719963,-0.03666246031717578,-0.11436938350071688,-0.031072400100394762,0.03621640990742722,0.11126026125434862,-0.050229191398554966,0.2278029875130554,0.030835842292797212,0.20560698300133712,-0.1463415376692792,0.025022625210807024,0.08663770234330517,0.21886470464551927,0.11964586969563784,0.03558055528827336,0.03944463201845337,0.11352139374489442,0.011403789518221826,0.007795681005454856,-0.11917612928724489,-0.03899886221288004,0.03070436710296325,0.01129748409130767,-0.031201718966563503,0.1556061714435303,-0.047778470467346346,-0.008672755891000866,-0.10675840843505345,0.08812114845380319,-0.00987393056819379,-0.019713272590385765,0.014262257414618522,0.05489578455088685,0.08060804356400933,0.11367967480667057,-0.07515358133070651,-0.1713239729819234,0.13406947608793737,-0.07007150031257664,-0.06572889563763452,-0.06001743235953473,0.12315115092409268,-0.059645108843574136,-0.07634703209239466,-0.019707003054285556,0.041239927821563195,0.025068082040869622,0.043859532851927306,0.02779200618170085,-0.001619594439898732
CE2,0.01965125527645462,-0.0016704394775404097,-0.166647093771727,-0.08220977609832726,-0.15127795013201242,0.10445414629312037,0.12046336298181144,0.08168605052475796,-0.003592843912817992,0.08469255721469358,0.1344035631863428,-0.11210240727870803,-0.1158969574135799,0.0017877131941244732,-0.0750105057558928,0.20304375742716865,0.10362412188495912,-0.06944186753906943,-0.100948671554234,0.04748536700682071,0.09356097690259137,-0.19168089476469352,0.23697601976524538,-0.15634631018125386,0.17866813068304166,-0.026513689869441255,0.05353442239713541,-0.06374587937189784,-0.04131575181711192,0.031295977609177406,-0.00719004058962575,-0.06325151808612262,0.03786119481260568,0.0314679335543734,-0.00028053066865019573,-0.009224306585265567,0.1512365261819649,0.05687122228496615,-0.1307969056965878,-0.16854201416658854,0.16181429140988177,0.31321459016284686,-0.07356444073673943,0.0866234638867127,-0.039248317847738835,-0.04460551418304189,-0.03342730284382468,0.07259221329395324,0.05933633224716634,0.0324895891157346,-0.07697567262348147,0.06387398045866445,-0.033590169476877985,0.08350904919457611,0.19192637058488962,0.2512711805945616,0.03549829133603996,-0.013046039864155194,0.027268149240323624,-0.03438887370455575,0.05592152904857842,-0.131638968538578,-0.06554793219543859,0.10782830990747355,0.2245269403307641,0.20355658479153443,0.12896916899560554,-0.1346876521011382,0.05883217853190618,-0.11279303727403157,-0.1094484659330189,0.1558196424745454,-0.051418521008288275,0.14581665678100375,0.1276203964127714,0.06493859831736198,0.04312912738852771,0.08436790307440754,-0.211633072270354,-0.06453600403075686,0.07477330220878983,0.055621784772564895,0.08965896625444185,-0.19048485510177585,0.09592378303317499,0.2813006090953696,0.08867909619860496,0.030700455430299246,0.15662200311366545,-0.06282925391447626,0.011151725076691038,-0.18325275793735213,-0.07694012640010867,-0.16304490489054074,0.16223641390786814,0.04762865402492845,-0.0676407115406721,0.21425716125395464,-0.16035397707194357,0.011912186585489737,0.11283196623615735,-0.21956930200067915,0.04046445627163773,-0.0375466575320805,-0.0407591965961063,0.13913664850020954,-0.11283437796294782,-0.08453483163727417,0.053898260606853515,0.16183479334393291,-0.13320720296657357,0.08614497828643226,0.08567371108401749,-0.008244051967860353,-0.03868316039650545,0.1276066592547137,-0.1001357287308735,0.20290430668972856,0.03262299419022872,-0.08978783879722327,0.12392728137339047,0.009454608546057668,-0.07305434857094274,-0.012630716828097889,-0.03548064622237455,-0.04987182825547442,-0.04333193706242186,0.06607709923387692,-0.06835823794285788,0.018559798201830638,-0.08340882948290303,-0.1274375398117189,-0.004703874066485534,-0.037573694117137506,-0.06006288227526985,-0.057524983059246894,0.10318742926536423,0.014972096403977526,-0.013214228538880865
GH101,0.06850064274292997,-0.11523333301387004,-0.010820408063472058,0.026450804099135854,-0.052916912174470226,0.0027722285781299058,0.10531964112470169,-0.2867906723664125,0.1365982608737219,0.12499359076551077,-0.033706340614979506,-0.192815695248696,0.051114117298625375,0.034885277785398267,-0.11909999256471634,-0.06581046782618374,0.10079217946909086,0.0031261759752181408,-0.14794859468332558,-0.06565791369324678,0.14673689531613432,0.01255459236762786,-0.025473579980073255,0.07836922125439888,-0.01469805894202935,-0.09716972989669598,-0.07212085283164267,0.1565076224014961,-0.12202687865194854,-0.07787885247369533,0.06707549219139619,-0.10061990892957778,0.01137472397005616,-0.20517845995357184,-0.21135614340133208,0.0915694830634972,-0.13973345757567998,-0.10358102398848035,0.08334632830704429,-0.08785208834707864,-0.19163383569217132,0.11927281142094596,-0.06694658196325667,0.07919188909676102,0.056365163551894165,-0.027148708145385694,0.08277168036350062,-0.12496152342090688,0.15799744255471918,0.20582369585806368,-0.07176127801176913,0.03710431950987628,0.16296722218303622,0.1634695572284643,-0.1129916489068978,0.09026285164829222,0.08611239841766274,0.050550751113759104,-0.055013863396144766,-0.1859789540235395,-0.10946310144186473,0.017183947829215628,0.14833830806395942,-0.14950664747615405,0.09613053768138596,-0.09998561044727514,0.11511756994801836,0.07194368559258259,-0.06843069723205385,-0.07152971839476309,0.06245156079352591,-0.007072423275865352,0.03510596749423531,0.05327316314997114,-0.01905356651405992,0.17807243143525572,0.009437873830970639,0.017008564834772092,0.030052592780189954,-0.018342730512308062,-0.06295716679617988,0.04236974460502245,-0.08942840096899429,-0.10941910925849653,-0.07527914378405044,-0.1345681073328165,-0.06735723226708713,-0.09642860370912741,0.0789144827647457,0.16009222647038213,0.05584217470835499,0.08569239932402065,-0.003729152856067936,0.0038040602392628124,0.11946089831987325,-0.07858637443572863,0.02946221363528075,0.10344429675161866,0.049601554385565794,0.25508970686684274,-0.11327877632248283,0.09059743724854959,0.11825146529301572,0.11857978030232538,-0.3158325220020409,0.07782109998955959,-0.003315894172967429,-0.036235471261433644,-0.07578873592930356,-0.06900863792175636,-0.09244584151130127,-0.052027349303158006,0.1792465667977217,0.07783129192223406,-0.05029680206210633,-0.09772500438598405,-0.04030804721058831,-0.05296215339835519,0.24906085125607566,0.045612500921224645,-0.17917067181776042,-0.09767009422617581,-0.2041611047127913,-0.16651470043703095,0.17448997896987573,0.12633534862999846,0.09290489471628384,-0.005069558885244903,-0.15998704169936606,-0.10796075942569641,-0.051481124457527117,0.0025364600813684935,-0.0006356053940702223,-0.045404472422822834,-0.07290985714482622,0.015466522282598675,0.09484935726339565,0.17850260466100842,-0.1571358322802741
GH108,0.10205554467412707,-0.049688214017370266,-0.17401431623529565,0.0297437654639778,0.1240317973108258,-0.02696249391543801,-0.025117528358778757,-0.10552921682276349,0.06412481723587914,-0.14438366751669507,0.04127558803299306,-0.1426484014997833,0.0071488943732862355,0.10339465964154457,-0.03982684341905528,0.05111037965275202,0.1342875246570615,-0.18042101901398216,-0.05211765366810425,0.11206585132669154,-0.20653635950944663,-0.08165092716907499,0.01915239421714444,0.027260526532705703,-0.0032715811858717316,-0.0842762879811458,0.013292068282140817,0.011529902750952191,0.1197140996557789,0.029439054369436935,0.1317585687692749,-0.10979463482131112,-0.0031171440392258206,-0.055183485647488366,0.19510294900896513,0.004428787550479703,-0.09009335515032506,-0.22545721534409188,0.24959827513742505,0.029281357669926227,0.051979512715026634,0.1866833761418498,0.22562967900626638,-0.049058917828724964,0.033277000697051966,0.09141785962296477,0.000975668555587416,-0.023839924401753983,-0.034809737142075754,0.08758882301876945,0.11353265500384865,0.10436885856684805,-0.07922085660287033,0.16826357942997938,0.002574508547241394,0.06501118158910385,-0.07347546513550225,-0.08662955301075602,-0.06079738784019153,0.0005946375240811772,-0.012593374879962186,-0.04433933076455926,-0.16368035935660655,0.04059828632912037,0.058709773548860235,-0.043388810377232225,-0.16376910805431466,0.16915113374921698,0.09389145187214153,-0.03388078497937828,-0.15620909593107113,-0.045262908966623425,0.03647611258111284,-0.18262556116302187,0.07749337429151872,-0.09027794442453152,-0.014209736619549114,-0.018798551830491967,-0.22979723561129223,-0.020864799461519833,-0.12364115511003695,0.04039122969879957,-0.01942138388814549,-0.011885908181317083,-0.06907491826382255,-0.12396209372956969,-0.03888573205781548,-0.013011568561724342,-0.08405464653392358,0.025731402318304817,0.004711991489645123,0.10260641091830831,0.031951002482364814,0.03356874639276835,-0.08135587398284912,0.01858865914999478,0.11405456410398106,0.00964854303701659,-0.11348770465561517,0.15578968824921482,0.08283536451973925,0.00031728110701676973,0.17023221446070194,-0.011267265092018312,0.11408499172524796,-0.07636754674214706,-0.02701657725708041,0.03745818759007847,-0.09733905742209667,-0.021377313112267635,0.023822618768030858,-0.20924839090809666,0.0325476167167379,-0.012057618663339181,-0.07055090800890948,-0.06190262712180426,0.21065630389940745,-0.12959208484106352,-0.05701995588344439,-0.054468102248658265,-0.07814864378642185,-0.061100920283117525,0.08391981918711734,-0.10359628968740468,0.09094627980404914,-0.13277359924411897,0.008041604704889217,0.04395134023320824,0.17785812167574191,-0.11802437540688063,0.10636571963670878,0.03719934951234723,0.1438704118068867,-0.04356926838221996,-0.02118290043227152,-0.014910923452550993,-0.06349985147924095,0.11978932169258788,0.09005584975622828
GH120,0.13939899822756835,0.0797648953971896,-0.07647799129645351,-0.0011224266477240668,-0.0008886403083457592,-0.03816235593813666,0.0433273115192634,-0.20469323487615723,0.09411565605138227,-0.027243621667788303,0.19759134664375855,-0.04751632225537847,-0.15966776422962364,0.020596027718136713,-0.17700212342716987,-0.029458328014845818,0.09941506460345782,-0.06603954775936174,-0.16218758050043997,0.02619051514370984,-0.17177986548003266,-0.09319435795697209,-0.005161456899811273,0.033105265177965366,-0.028974262944807396,-0.10623625547243112,0.1739450122721404,0.17188407377248882,0.0974030031443311,0.11016464768246576,-0.038681297597673144,-0.18293174599954878,-0.014120588982222742,-0.12055832848149953,0.046311596076672505,-0.15403865601532227,0.03597737582127796,-0.1365100373142889,0.12174532169597557,-0.04665873692409979,-0.12499368657498397,-0.12260102517559993,-0.1100004072928196,-0.12827091937684262,0.05462642224942692,0.04597359868033324,-0.11033869941229853,-0.050839563809384335,-0.2055574942004505,0.08039031107933456,0.041356253595192495,0.24588260350396085,0.11191670056112225,-0.02366264410693879,0.2949450924152038,-0.08740333235058315,-0.023026480036369913,0.02223326077560101,0.02547067364349349,-0.15601870201865503,0.18072545678962107,-0.008701499795983196,-0.054474143654152526,0.06201117098058272,-0.045914137960390025,0.07294989745537327,0.04959506741884761,0.3064550789104893,-0.014780088385826333,0.13918351673347865,0.03785141399414172,-0.25381256812884845,0.009192158501917208,-0.13396141891324317,-0.003044428672167812,0.116379495257817,-0.00755725327891849,-0.01949744776670341,-0.12068766189790868,-0.0029522697672108014,0.03033062774352257,-0.12142974578710311,-0.060435437420207426,-0.06512386986595235,-0.21480662294320776,-0.14379610362591444,0.033664505234791385,-0.13033264328240043,0.045188924392620365,0.01631686748217411,-0.25254382118950525,0.14306942163716366,-0.034387899346018734,0.02031130660145289,-0.03318109954622744,0.09171298250774908,-0.1203323569002642,-0.022443050477254037,-0.055118133215975466,-0.1465284188624682,0.14541517664177037,-0.036399552928426025,0.10842394343026521,0.026188699505683193,-0.005713196349255034,0.06260603561036852,-0.08938121528198727,0.13014538837284664,-0.06556626517247775,-0.03482997287114052,0.0059349646042158675,0.16223733112604724,0.007177154420280507,-0.03286619688623004,0.033526319452226894,-0.11005278700372256,0.08891852700475358,0.01686686813474423,0.022210617328670915,0.025742600876472278,-0.13758408006419454,0.0551364205887342,-0.05927383393181545,-0.1476038158932635,-0.19669017999360044,0.0675255719390258,0.00027957004903409675,-0.09136384917053007,-0.057156251764201256,-0.10822567157641272,-0.10147708113578031,0.09341344701578062,-0.03100471665228782,0.021259930001295117,0.004962058468197219,0.014614178474577903,0.03248858773499776,0.020989329283312184,-0.02769600557697785
GH13_20,0.007481128706714085,-0.11313712057041553,0.05377266400097041,-0.050768949213849564,0.013143851048503548,0.3209746429841242,0.08840130959773909,-0.0920259794664806,0.18973927506390426,0.14191751109079542,0.004906038037084837,0.06637351922415625,0.08886465141169927,-0.1842379625601308,0.0487417569195218,-0.02874218459434975,0.01318930715514096,-0.024994559309108454,-0.03400663500378736,0.024892629449404912,0.22389664633888856,-0.022672225295982475,-0.14571577020540713,-0.07436600369446454,0.026473028635680115,0.001698875126317652,0.01865742755786563,0.1588872195751283,0.11700675676563929,-0.01270862144287874,0.0700025472079128,0.18836441145262842,0.09564412768994496,0.2595607223358097,-0.16658533864157554,0.2593809845715728,0.12847328536783217,-0.00023779292754673128,-0.27735236057065016,-0.17227725457773738,-0.20161328436611534,-0.16471924703938937,0.12301033665505197,0.1736497253052612,-0.03640267203933341,-0.008747347514454218,0.033566663661197545,0.21622801554158236,-0.16057613835852458,0.004835179602137707,-0.003881939563475012,0.2448949507373719,-0.11615297655842488,0.013540146870176377,0.1004497859732566,-0.05228077112767954,-0.21385768932330604,0.10050016725234488,-0.02693790065531311,0.08682916312000262,0.13366779536424414,0.0809467816558428,-0.12707802626225978,-0.10994112246202595,-0.09574501914291371,0.11827121164778717,0.017901844879083435,0.07380234080168586,-0.0737542637385747,0.05278248034101595,0.11495449901407917,-0.08735424555834201,0.08285073861745029,0.05860648071861669,-0.13785750819116324,0.010254264411463654,-0.15978072205066876,0.06385670296828595,-0.16899272751907612,-0.17859122254923876,0.22190589164040836,-0.18954369012369934,-0.1170620422328359,-0.14149878143773556,0.15073623419591003,-0.022618201669776586,-0.12832803568409035,-0.26579917118300406,-0.14302486462349784,-0.1268963253369554,-0.046253877357073425,0.013777471412108003,0.14967663085377308,0.11867765400737515,0.02454767090890761,-0.09780452216293817,0.12576494133694568,0.1489955556163612,-0.010952945037470537,-0.07032694202045131,-0.07853028994893561,0.12572075492377835,0.00359690658624152,-0.04305066093875593,0.005488523863458315,0.012344183960272613,-0.04743546860165867,0.11273582478956416,0.015045648927751792,-0.09396092630928127,0.0763305449767915,-0.06176134516319598,-0.053008624222038635,-0.23462356786511768,-0.0556246640580919,-0.1524291419528277,0.026414561758601254,-0.08948233426022842,-0.07390422438685094,-0.07269064176149616,-0.13084913950970947,-0.11366635774598999,-0.050031093832853986,-0.11496683294386321,0.08976314473867034,-0.042362586475541385,-0.10856683442187999,0.05729015564884727,-0.1525769190919132,-0.17111665423922584,-0.09160255875629454,0.05017442406311843,-0.17219145334264777,0.07202095767448893,-0.08553380509971951,-0.012838111160099124,0.05416027857052569,0.01700782388133052,0.04047891531621113
GH161,0.04295592187786687,0.057131542307598863,0.03664890402359054,-0.06546838977148613,0.050342207115111094,0.0015557544415570172,0.12273773915049173,0.0036754376945649465,0.03892093659272564,0.00745860060663387,0.044649929589609505,0.14363692664162617,-0.057094332132165374,0.10986718896524514,-0.06629146570126485,-0.05405212468959707,0.0370948125181652,0.06848825667278483,-0.1052402956917862,-0.06858301105497845,-0.21691633408586114,0.03745011738354606,0.17117996599618313,-0.030548352005200622,0.05039752083713865,0.027383382523075532,-0.001585951353494473,0.005764025206027277,-0.08514561373541248,0.13489703991811877,-0.047170730332333224,-0.04773844111838407,-0.050273178626311955,0.05659095871985661,0.040369320079831274,-0.11489643823635151,0.09337111761583869,0.04339623811010911,-0.011540976919136966,0.00309498673821858,0.07763367368364989,-0.13001637355756127,0.0892314155510219,-0.1509624485095452,0.15203750480220216,0.01028736037966059,-0.016595563576063874,-0.16282429328947676,0.11145946892543375,-0.06131683866312368,0.03312259415610343,-0.05319876750827787,0.0606943924334702,-0.0473874406480524,-0.10413065963067496,0.042866863416542896,-7.784215069577021e-05,0.10305610316912955,-0.08782661720241029,-0.09427695840468016,0.094694054790185,0.13512533169195837,-0.15918749987092323,-0.036165706914324816,0.05516950212801127,-0.08672710340484964,-0.17812041667881778,-0.09145095665742785,0.08318591273304883,-0.04752979368431742,-0.01967502901404478,-0.09545021669222116,-0.08617823187906738,-0.08642955693564795,0.02417406395579957,0.06033787438947325,-0.11075551118955147,-0.017733677438005923,-0.1523716076199543,-0.05760972310183848,0.04450633690677867,0.12628936014583925,0.09534522851361586,0.15620896324048106,-0.06318368674277905,-0.08154525342344673,-0.1505793121858175,-0.01432120783968204,0.10983443295398958,0.004492222370836842,0.028677328654643786,-0.07837480044026028,-0.10404274229807821,0.04046281564849646,0.15655601439626715,0.03538026485457077,-0.13367619751118565,0.024407990345868633,0.05366110425342808,0.038374577248678765,-0.12929693981067955,-0.15851146803732855,0.21645303731793566,-0.07726953763474119,0.007113963268614664,-0.013076159820058534,-0.16263691408655065,-0.1322781616630909,-0.2372731495560289,-0.02354426181706828,0.01555872288568055,0.049447695558059127,0.14537711833973233,-0.17359612092823487,0.05196190635135418,-0.017658359157292657,0.18462633493047656,0.10020352627009331,0.1567529219438309,-0.12526121574999768,0.04047435126274155,0.08010384959106488,-0.02573764710866594,-0.11285260488071876,-0.006509379547116907,-0.04015145392120899,0.04231032348102914,-0.002790694582021283,0.056800855655554615,0.013427820775374836,-0.06346733532863515,-0.11654548732003335,0.0015375610186156765,0.054826491574951675,-0.04234112520548466,0.07610278817677606,0.0788725328124102,-0.0572606751383711,0.035183222330557144
GH164,0.025936588131081333,0.006069991313164845,-0.13306296312929067,-0.17444811260118573,0.0094570917747743,0.008286815838794091,0.1099051885757839,-0.0623262855537044,0.1800410477011008,0.006207875287501667,0.06328278614162235,-0.026750564002297597,-0.06358705631782079,-0.08845729945634637,-0.09362375002837185,-0.04105313507778989,0.10032520732018992,-0.15324781251746059,-0.18681359886763385,-0.05247349430157656,-0.05803527039937304,-0.058573770135011534,-0.004641774535915006,-0.09120932074380145,0.16245542284578182,0.03734292195342555,-0.00876410593833525,-0.0883928796295571,0.06756050179686633,0.03597867826347516,-0.1198259650771318,-0.16405416687050636,0.022157956781837896,-0.11762360720086194,-0.11505868101106498,-0.012844424226907944,-0.07876828469558261,0.13964829011075608,-0.19116117479216754,-0.09520884178219118,0.09313059440946209,-0.03249965186394305,0.12556499879067187,0.15311163792568996,0.02466459768263457,0.04444935861027606,0.2092412997551101,-0.12089487534088128,0.0379228923290901,0.17154552173036572,-0.07519362762513808,0.18829629760293687,0.11653645940091427,0.07767598347091628,-0.1595152131358979,0.043712767889936235,0.2743573816089111,0.20222833673944263,-0.0035713865681555423,-0.06598524094282059,-0.11054896579625863,-0.02378177791363494,0.013405712271421871,0.0019323719982976848,-0.04942036122043174,-0.10483215605109297,0.03365085763775967,0.038410151606416046,-0.15152543834509435,0.09017626847246837,0.13625658174829874,0.03182983635165909,0.06380102327765057,0.06018560835710739,0.0996667888716887,-0.09791100046594876,-0.046567906994119584,0.11802167711011231,-0.014952880354709132,0.015460806613414216,0.21639105485053908,0.03415979139186143,-0.013223498379033409,-0.11327102517514968,0.06613714841409044,0.05028428299847992,-0.04046259619725743,-0.1442832399019185,0.0740683111287444,0.20005916800066856,-0.13012878081090126,0.050444477063411604,0.00042392009899473547,-0.22991661978603772,0.06307367279701243,0.06058612219651749,0.09023593050864391,0.023914405655831916,-0.003113206052127541,-0.11792566556314055,0.1417931700931266,0.2181832239477033,0.05283713835182935,0.18378143892665472,0.0031049232879256823,0.02539866765369077,-0.038016255769325845,-0.06781303316912465,0.09710884054980456,0.16519995170989546,-0.04768849150254328,0.010287329432340106,-0.226144536431902,0.037749657436580805,0.04506434936795162,0.01664484691221377,-0.022183531258269874,0.08944294518685196,-0.013692055762347277,0.05377687890500729,0.024235611995855725,0.047776405858215396,-0.02887409337662871,0.13905316444306023,0.03038599177832936,0.10219225940961622,0.009051289482980495,0.017600770567679173,-0.043436701509158085,0.15585595914284914,-0.05076943591490277,-0.06686748035148583,-0.00930535297099176,-0.003981709379974897,-0.051126246764963024,0.0204911046850446,0.028775434040789066,0.016386131474500028,0.10318327242587659
GH30_4,0.18587797321446828,0.09060534487415928,-0.2233612168395623,0.037664750331351665,0.06977182724297279,-0.11637158457182227,0.14025680811353433,0.06564734916143683,0.1377747377276243,-0.18354665162298014,-0.10887729621459907,0.12554294702020977,-0.08567168805139516,-0.07778183993632395,-0.0686753281135155,-0.13685530896420847,0.08385123728990783,-0.1889341772392703,-0.13293308256900885,0.12457514578166602,-0.003735885523943434,-0.08832979820331964,-0.045020881670038565,0.0995784389035873,-0.011720424380295663,-0.13143455986864278,-0.017174834971005883,0.050072250433351166,0.020103064213097262,-0.0944484734622001,0.038510156097371684,-0.12624278991820231,0.04429994570686266,-0.06919241097562312,0.09275445511070564,-0.05801073193197052,-0.15555001624267334,0.012060814057263135,0.1481161396304103,0.032317835017588094,0.033300349541465546,-0.01851304616792051,-0.08269699644543724,-0.07563884878268377,0.09835911122179504,0.10001107408418096,0.08409043567610545,0.08992809935913876,-0.1396437600934372,-0.025098807130448545,-0.01801290003522654,-0.08003714644431079,-0.05927905150089463,-0.15295731533741835,0.0763308613038745,0.00016583567468473874,0.08696855465855495,-0.06642446188057617,-0.009768891157932546,-0.23266499253741058,0.08928511297290426,0.08515266176187015,-0.1602881207382691,-0.0101176131477946,0.0012020374530362196,0.014748922229840311,0.10930003471607695,-0.1708584993619718,0.014379122217475478,0.2379736041198211,0.001037338992046646,-0.06602852101796626,-0.26447744273992324,-0.10381147065854224,-0.013237744820078829,-0.2181998021184927,-0.04815114055662672,-0.019600203445410386,0.19829352310747012,0.19729546657955338,0.04495621048091082,0.13256119948311587,0.18834303165164065,0.07846887322655738,-0.13906895522709065,0.029384746883880812,0.10189677345596278,-0.21234679232635184,-0.019199557798033024,0.11091647510004544,0.028160347987153573,-0.03148153804975738,-0.0011974004462347704,0.12385742832513741,-0.07600680069277944,-0.05872134575957992,-0.006528726951905192,0.0161992739109604,0.04132867588910755,-0.08101233575204889,0.07242659306846368,-0.11547201836861822,-0.10549260439056049,0.058973640401713816,0.0944848735755882,0.02405469931674412,0.2376116669597899,0.049942622024525686,-0.09138808135565878,0.04161675466913101,-0.01873006496552222,0.06415013850069555,-0.042045743531308855,-0.09693183925910379,-0.11980863224425196,0.02439387864030861,0.025899949518931792,-0.08540359507475742,0.030086297927763933,-0.011272357935076761,-0.005263776836453819,0.04899301962120315,-0.09017467346739279,-0.0912345923080701,0.14536114815925,0.20626156122803183,0.09022877194224273,-0.23309123075775856,-0.06393066255123653,0.11161129740283356,0.10503853687592637,0.1739903570330625,0.009178681234524057,0.04659473763187061,-0.0916846425759661,0.16794485951016,0.17479194237046136,0.012407103188191925,0.010854193682913946
GH43_16,0.001144180008865517,-0.21187035407508892,-0.07254640942453656,-0.24064490063698193,0.05198735051177786,0.00377080788782162,-0.008146111022613221,-0.006946051897666616,0.17542528964277065,-0.0393293660380531,0.08170679299602968,0.042846892885973924,0.006369965270128369,0.049697401493410585,-0.050293746867301224,-0.12390120214005824,0.17068447293870506,-0.13884213943477794,-0.132113526324503,-0.0022961529281783533,0.06304352807978274,-0.01550920088682757,0.04339339416482844,0.01530384123647266,0.009694851721231745,-0.0652770408491655,-0.1945335316371662,-0.08076196266039498,-0.10495857781130684,0.14278708891012495,-0.06569048072096972,-0.2309173031751404,0.11050003807033851,0.024085556292240504,0.03964145111534034,-0.000968371312470382,0.11643904236307016,-0.00027446235200957926,-0.1753204299514545,-0.04133176952758041,-0.12135733567598826,0.08765466383890834,0.16496072606951429,-0.10235067134910979,-0.08450630000022538,0.09345813961859042,0.04922296790545728,0.3350946866256281,-0.004941768818742709,0.06590930278676271,0.04842450423491844,0.1370014803754946,0.07580953562682369,0.23620047012154421,0.14032362025980868,0.0055321005561106765,0.08930024714115385,0.03049098883756228,-0.05238087934136066,-0.18871135059535715,-0.10877082906834483,0.006081269671441414,0.06925473297790885,0.009677386489356211,0.07666392105246836,0.18492506922456298,0.05155785986428906,0.05967666049346558,0.10830593062635822,-0.007808779738147982,-0.08235154357504014,-0.049385340782570473,-0.023803205618259732,0.02875172312898453,0.08151253428387566,0.1071434571087168,0.09304604119265622,0.08041722062694862,0.05194696713059335,-0.11078956012655926,-0.0074257037208129645,-0.02395327056746703,0.17171226688528538,0.16390517393176218,-0.138805888047335,0.045174146063420885,0.05117925919658851,0.06962395951859994,-0.025916858159551713,0.08278013493840974,0.05865252513469937,-0.11342584488219092,-0.2346913580726704,-0.20497945711281954,-0.047538484406763136,0.002456222170647563,0.14397090958587438,-0.10396981764614396,-0.11171813204778763,-0.12275113231081528,0.02992111355833249,-0.17251586253040543,-0.07847356659996323,-0.017301787421241315,0.01648128630468445,0.16544279740457352,0.031002192404297812,-0.1055082920912612,0.011893009337366103,0.03305685381217423,0.3066231511662181,-0.04301587526996097,0.10193314020874167,-0.019000846891174383,-0.1552566667834039,0.09209601672174361,-0.011169463585226923,-0.029424591055234223,-0.11960216158802485,-0.05713200005827228,-0.13221436918720567,-0.05665425572924988,-0.031116952678123682,-0.01510420165675677,0.02501661379778274,0.039487614942189636,0.04517445627687555,0.20278814757035396,-0.010402520175887525,0.02751417057660713,0.0047648989636600815,0.10035141945351805,-0.1749065289410449,0.02696529196950583,-0.06795303166721743,-0.00041523858000865114,0.06759323508743388,-0.06764598977208061,-0.010133945345523606
GH43_9,0.1865514843395348,0.05153317821894497,-0.13052579963675648,0.20836053214370168,0.04063971654563449,0.18220668646890764,0.1355401108152858,-0.02262817291804737,0.13730453806978177,0.14062935919465483,0.010717150989205265,-0.0279410754336205,-0.018772078264735585,0.06654001792999381,-0.06792243077590505,-0.11265636667975981,0.0416300719685692,-0.08076101408545439,-0.08728121642754973,-0.05614137783787216,-0.03828792282590853,0.051320027725560935,0.05513031364918187,0.04000600452387702,0.055519107831551916,-0.11594594745104052,0.0884168577436137,0.11953966358266317,-0.09957333772131449,-0.09676714594254499,-0.13801450543025853,0.07219773411558306,0.07106308145759185,-0.07198664830953719,-0.08615888959371015,0.01157345845941289,0.011630657722623264,-0.17834817108517512,0.026981338811377965,0.12138911424143203,0.1370719053065456,-0.030320428747606563,-0.05346830780385548,-0.030110601570849365,0.05947376092434592,-0.02212688960149533,0.04738745855842842,-0.015990076644410302,-0.08659635606668432,0.05148320725984026,0.03735203829719163,-0.1480534303351929,0.23431839466177107,-0.054788317793056436,0.08804110126797932,-0.022030646012316763,-0.11726541757933649,0.09645284983154469,0.1040108544775233,-0.01851354434450861,0.006504841161595832,-0.012858224823568718,-0.052379591635816854,-0.0008877635435943721,0.0589752558623618,0.13070171708859274,-0.009901706772826925,0.049611640671314794,0.06289145194084546,0.08728597397038128,0.06603883532571136,0.01286903453475862,-0.010524645211482334,-0.07645596745600372,0.010338569801867516,-0.15156303293879664,-0.040774366333494606,-0.03839622764096527,-0.22107065417018773,0.08239321936322619,-0.0002425699433319835,-0.03900730497247435,0.02010823344067217,-0.005074621799861872,-0.02080804967921426,0.09234611211418409,-0.159779360132374,-0.06725644441613993,0.03857110951414068,-0.06755245717426607,-0.1781396226314629,-0.2067639143617459,0.06356202002031422,0.040882598444341924,0.009487744274158189,0.0471418472794917,-0.04801618330217482,0.07934891448570076,-0.07838039914776924,0.014387159423924791,-0.04513552713048965,-0.059727017076414694,-0.13206340796723448,-0.10942251026343375,0.06983776458827008,0.07759476916015325,-0.1369983999087102,-0.08241872527137717,-0.05602590635138803,-0.0023474639326930592,-0.03311970575493235,0.1609693793917747,0.054842885897181406,0.09429423610079699,-0.0635176427853441,0.019750583054402544,0.06778386830178212,-0.1452507229194687,0.06381394792568176,0.019675356463316203,0.030669285872656285,0.0487489539559168,0.04616944266375085,-0.01098181883384188,-0.04267843574758102,-0.11556757125294419,-0.14303813832678666,0.02912924717992094,0.1757645719957852,0.019324128886876634,-0.0552377985676075,-0.22704334360526393,-0.016092596728564692,-0.10034374500377521,0.15252436069493033,-0.024797009291521274,-0.2128788813481392,0.12515483247901615,-0.043022929597099226
GH48,0.007810966253271745,-0.07813387087538314,-0.020792512645044548,0.10955001564622578,-0.04226974290229862,0.002952165528496724,0.05824088437768466,-0.09652342699219572,0.05873481062097362,-0.00013332506180143203,-0.18945279608410498,-0.1351969588198574,0.09532744329974549,0.0933349488192892,-0.07013758857896309,-0.2682040123515219,0.03576427643394988,0.02682893359190171,-0.003838887519496203,-0.05402008863387702,-0.006735864992239425,0.014374973580605724,0.06677648509383702,-0.05991975564791569,0.046639253121203754,0.09241670231761374,0.14819598654684438,0.0060756898350248015,-0.03792384618804072,-0.15310227756023728,0.2478733835107686,-0.029021426843472687,0.005952720640938004,-0.11099878782044148,-0.0803063041423477,-0.007560747529756687,-0.030339505084712587,-0.09840282271684689,0.008760863020488719,-0.04793560631031286,-0.10177602476325005,-0.016951512907334956,0.11403297497234743,0.08263076310576639,0.20841938896204276,0.14978465346657804,-0.01619589212213149,0.13891896201918766,0.25288724235056487,0.06648017692556492,-0.1509958420939505,0.15080179514114028,-0.059747189300751444,0.16929114768163486,0.16071061600506123,-0.02230780371944381,0.13675270925166153,0.167340421919149,-0.16189775626800537,-0.1289735153205874,-0.08987953365804505,-0.11302301213741987,0.10231551065886514,0.12615383025341714,-0.06627879368897631,0.08844727488823317,0.09125961444767854,0.06352156516260421,0.04711213029745064,-0.12653835015110224,-0.10523296343937127,-0.042633097427560565,-0.07253827153174733,0.06334810937965285,0.02283787673665754,-0.01512488228995974,-0.1652749760618429,-0.07548121388322916,-0.04587414024529339,-0.21634548551121005,-0.13376978633199996,0.19173973716759915,-0.09838420567718438,-0.04557898090891563,-0.04280866248030252,-0.0492544044937692,0.04864214280351466,-0.2164240141384082,-0.042421773861185494,-0.12870831688617926,0.13989762185174576,-0.061954379952307834,0.24833607350152279,-0.0016487505813001081,0.19550398774353142,-0.0013144072604090453,-0.24947158978034928,-0.14920081508817662,0.0942662707049808,-0.034518919791814894,-0.1686919654009606,0.015901490877864664,-0.1745888994375789,0.10293890040641752,0.00968616834802806,-0.005077711063439132,0.05416079421837473,-0.06264266219974607,-0.24575587936617677,-0.16871584606337928,0.04370058816297535,0.1037325696323148,0.11940283645917958,-0.019086740701006043,0.22888161725709755,0.1185651273651885,-0.03935083276807366,0.07151674351593175,0.013319835504018485,0.0719240345188103,0.06248953874416613,-0.073416994354287,0.015105788873583966,0.15581339401155503,-0.13325029797439794,0.0463576534271219,0.074972629857635,-0.042353717643881586,0.03267988263610432,-0.06020078338034155,0.01100253777481232,-0.07694275074259198,-0.10015155073423071,0.0033038219210886678,0.019431113387835725,-0.1030971156396308,0.07923659873712306,0.011748824271694921,-0.014952373955060468
GH50,-0.16766559534270267,0.08420594937850412,-0.06159009408826631,0.17219146006075933,0.0038023814481378646,-0.1660787105867309,0.018475484337679815,0.09256365633470354,0.0823401981773986,0.1603099150460753,-0.13620636820244567,0.05561967585372671,0.03578148470493388,0.031045335838338385,0.05635147413892506,0.056371859342997634,0.05054472431408745,0.17802763045365932,-0.014677485778028179,0.22161150219835288,-0.1876541504749717,0.1375269192702054,-0.06244456772992513,-0.08040937344342086,0.11236833858774117,-0.014359341991299422,0.06621653388432415,0.04948750700583018,-0.05290360464023201,-0.13480002155024973,0.09550992177559536,-0.0007115055833952542,-0.20311013687258553,-0.00976472467953072,0.13451016167224822,0.028872035871701972,-0.232593395856573,0.08967262772336301,0.11491496816703557,-0.3355462012924399,-0.0922930627137496,0.06273432398519771,-0.009591326248642711,0.16386517938248876,0.15333747279542384,0.05709331110996631,0.023714782463346015,-0.10427992728818483,-0.08458402181113579,0.034359029927191836,0.2510387972266301,0.09423295639031246,-0.1677156498070859,0.049468264368534576,0.06486719499351197,-0.026824780015632207,-0.02529175266299546,-0.0021537457849412243,0.17702661466774341,0.009567691627408588,0.041628959902260315,-0.20251222908437624,0.14713138232939293,-0.07313100722885689,-0.01411887182038751,0.0382274848592902,0.07556936532504265,0.044822175140370145,-0.05101961283467907,0.020952416736382828,-0.255524255357605,0.24091997873715598,-0.08093978532210395,0.037468036764826074,0.10001695541682475,0.06699548688496633,-0.02461140973445064,-0.3127084998479602,-0.2242120283023421,0.16748084202460148,0.18288524138924273,-0.12131443503099454,0.019039788102281352,-0.0028895377098982346,-0.23811138879261284,0.04978307187004787,0.0887556487606052,-0.0929643833960468,-0.20501896891535934,-0.057393995355372776,0.13239455199664857,0.03093274341998511,-0.0016812808540622546,-0.10110549713088936,0.1751308937485418,-0.16637909779571333,-0.022601495736631335,0.08946121488993675,0.02199796405996748,-0.12748594749320244,-0.023382974985591026,0.06868427661856319,0.15311414046627078,-0.06756092986383297,0.028407433848349553,0.07671964971616686,-0.0320342900189346,-0.015593439280184827,-0.053102927194976446,0.0020222412967403876,0.05737518033718072,-0.07151706454482135,-0.15305772261475348,0.014452492774363564,0.1240710834335782,-0.061192094168368905,0.08222737338407221,-0.1847853693224282,-0.05919858774216207,0.15844454998711452,0.02951860244639454,0.12538793763997644,0.1695954438606427,0.0943449252451951,-0.05933807287907725,-0.08763579437901498,0.00772305429547073,-0.09339234430418095,0.1149921439583818,-0.015689839549270463,0.03233636406582969,-0.05294312813440775,-0.060745031283742174,0.004253428120823192,-0.07485297311081066,-0.015401559525105838,-0.002750222017378718,0.11456205652011331,-0.03249563032979433
GH55,0.05285235178592165,0.05510098914231221,-0.10686842869799312,-0.2294331794894532,0.08968883070288346,-0.007635199583822066,0.07741828669529939,0.05679002097989543,0.07316276299256494,0.03223886677389653,0.0015847343028335755,0.029138000800206395,-0.0988216511420837,-0.005651260908030687,-0.05962818396048469,-0.03547122838415805,0.1377344161131021,-0.26012362262617683,-0.18077144121035896,0.02106806185759355,-0.010747175382383822,-0.05214620590867549,-0.022307484640443246,-0.09145580750825684,-0.03387951122798646,-0.01927487969477904,-0.10939558146919247,-0.07800825171642975,-0.07505171323940417,0.04790817389385276,0.049272702200061816,-0.10256511322170558,0.021043916002988182,-0.017869327992022673,0.21754919404884743,-0.0110096907798575,-0.05617602208424449,-0.04598752522716474,-0.15941364027518468,-0.1344308990981947,0.08538380709133404,-0.0008609898588697836,-0.028266881150014113,0.021482949407090265,0.09500198766433679,-0.030253768599237393,0.023328092580159946,0.02096195643281093,0.012013392719385755,0.011342422483788783,-0.06458189309529339,-0.05510845969931722,-0.11828130347085195,0.04009215599090084,-0.05261096670438019,0.05833385303843473,0.04738610314105877,0.010718357463658611,0.05220053386585468,-0.05627229542883926,0.022730758642637353,0.016467011337602193,-0.05823051933597074,0.19795805263554825,-0.023750412246874936,0.07438290695037669,-0.04458643486810618,0.11534732740216072,-0.001053896723066492,0.030171413584119056,0.015591564854506789,-0.030211952495098997,0.021883802723063315,0.09747794790503586,-0.0482624040042614,-0.006805289609890312,0.021984236019503504,0.02168131268319932,-0.028564193523084362,-0.05169597753670035,0.019361943679192216,0.0363296926723772,0.004152585332106781,0.03806177984564435,-0.002853180904438128,0.02103888330456952,0.05136380199630333,-0.049254037549009574,0.0695662631075261,-0.03945071859204946,0.04190587047082857,-0.006574318224601809,0.008610761334984991,-0.07789558089634546,-0.0436874214122537,-0.014750420757382024,0.04120232361019725,-0.005226140647070151,0.026793716716151245,0.10727672494387755,0.015065409354902092,0.005824017663045405,-0.041293772980521816,0.0552356518072551,0.07874768815188317,-0.008044457807940428,-0.017728379224610766,-0.01786712217688519,-0.08242681218573342,0.028933878689969744,0.11627171302619879,-0.040192399913539296,-0.07931973808975852,0.03830913364935143,-0.19481096240980267,0.1852813788820893,0.001142682636903215,-0.03963241119635198,-0.026239288247404745,-0.019727778717387064,0.028090460203881965,0.002502975363040082,-0.022843448599795476,0.19368223838722579,0.13552458503093784,-0.1195047794397411,0.10347690289593421,-0.03174820196506801,0.024661392623045123,0.026793308591247088,-0.02275866735760731,-0.008624158524657867,0.03666003307164846,-0.01652689238633741,0.05420973855207662,-0.011899089718781362,0.00829013647182572,-0.030367561898659152,0.02539854319710647
GH5_21,0.13510784399000533,0.0013009177318019376,-0.039396877739333744,-0.05267831581661224,-0.1327071423943455,0.11758455896224279,0.10604205785889746,-0.2263704235948673,0.0160939795788351,0.02580904248315962,-0.11790148531364629,0.11996619798456047,-0.026619481762737252,0.06631010392206159,-0.15829870551076194,-0.0015743216876870439,0.06771098050261526,0.013017187923478673,-0.09064919766859976,0.24157587830770375,0.0002802045452196768,-0.008430866627819885,-0.1710748023558055,0.20530044387569782,-0.06307107350514195,-0.05003186896538042,0.11372626567520852,0.060259323003368566,-0.025394932654672298,-0.06034618952697626,8.940962782897232e-05,-0.04163743805733745,-0.052910730410075255,0.07238786724074442,-0.2334571442951944,0.15753784003071147,-0.02972221875127246,0.01912242317240862,-0.08550802242116204,0.037042435399284604,-0.05956770308498611,-0.04401082758475528,0.08968293169730776,-0.1352879341969816,0.1964037937225513,-0.03236126537218521,0.023071055304443297,0.06577015567181514,-0.033060486124971734,-0.21290523471069425,-0.13437871882141006,0.11204849499326998,0.13833401593933678,-0.0035963745001065125,0.11163796525462455,-0.0007416528338363568,-0.10710748519891941,0.025903805422946912,0.062280616222865466,0.12598992907951378,-0.17023211259985646,-0.1162567056856381,-0.2627119218690791,-0.04203102127415039,0.049210449697396144,0.08332291358187778,0.04635827492997909,-0.08867667416242923,0.01594940050756025,0.01911904400005083,0.12043173737645711,-0.10817725976909347,0.18130325391797686,0.001690640055696229,0.0605372058121211,0.11642126854415219,0.2422329787170617,0.12040971988605152,-0.060537334286948886,-0.0927917377414097,0.01381977293089788,0.05221687487268088,0.18023985934196174,0.008781883826949248,0.21856881379093254,0.055521909070395115,-0.07693475452433728,0.03814680717127274,-0.05460733300206986,0.16550555028999178,-0.015297545099113012,0.11590169294643186,0.006674618291142519,-0.016873972115899995,0.052539653922455014,-0.11124767444715988,0.023418324519772885,-0.4087130881246139,0.26871782469710587,-0.20373255768175474,0.011170895442532294,-0.01735159420022991,-0.13175276808699932,0.11785712051186258,-0.041309472753283276,0.09286405543378942,0.05181725981118546,0.05396535801250866,0.057565623763080456,-0.0022905328371414482,0.22516171324578954,-0.002873519168547896,-0.056676623761515776,0.026581209232992047,-0.1669459475640538,-0.044959609043686906,0.05528684674847981,-0.1469900595161023,-0.17577083261085258,0.03263348944233917,0.006404794551990612,0.03632374183776908,-0.021995391963048134,0.0019911786819297637,-0.06854405232698729,0.12851753255376117,0.03759516267553584,-0.11568292410492344,-0.10095295649367894,-0.18569084321756668,0.14731732636379352,0.09732693410889631,0.12317683147753547,0.047754423128570464,0.05051256813024817,-0.024961731239104973,0.011105130167586977,0.035893284146832245,-0.01616922283011202
GH5_46,0.06145653248063417,0.17391821249602987,-0.13527627771112904,-0.01194400679680159,-0.14023836123504602,0.07287884971655417,0.05783232958988731,-0.06397108469613202,0.12835806279998466,-0.1469571623447488,-0.005623021914525753,0.05940008226896104,-0.14749024419269147,-0.01502340465747696,0.0024468431000850325,-0.03610117999966153,0.16383133625324275,-0.11761127654662054,-0.13539125986874792,0.008998742571446915,-0.10347446021660034,-0.06355489890923584,0.005641190514271012,0.026527958521464053,0.018135866120338025,-0.038471052424482434,0.06438548581605387,0.09176924006401335,-0.0470765451883751,0.015511922902475576,-0.03418937214918512,-0.12543933274338648,-0.08923202576520214,0.08464060996975674,-0.11054052527069523,-0.09123638772340258,-0.13931019755516674,0.08890398245689489,0.026037333981574436,0.02624953053268116,0.031035735653647162,0.1309831740301148,-0.06100733689728579,0.030236549402715533,0.03595372495583377,0.19033407356956367,-0.0970863528488004,0.05748844299904091,-0.011417860031307892,0.08905142121976593,0.062406459424581645,-0.07740353073489749,0.032995936859815445,-0.007439512262014095,-0.005817714909481979,-0.06968656742751146,-0.17465790811824017,0.04940890364143082,-0.08879215678220101,0.06057847984142771,0.13129018143943674,0.05817528471027844,0.004830942118024011,0.03864696701714207,0.14171180166728398,0.030136233526284403,-0.0021223862096465184,0.07979761076814076,0.05432987116030079,0.08371982633031143,0.0189026894763438,-0.04678670107562439,0.19928925133566538,-0.019299641356593948,0.07179262528233854,-0.0327680112195985,-0.13711946568144462,-0.10671167365563229,-0.00516298890836788,-0.07644252720996844,0.038794294417526506,-0.03389461694713746,0.07016815452088927,0.07365095910562391,-0.10280159276275963,0.04511437910789406,0.045730108658375845,-0.15564275237863942,-0.220174888401131,-0.04541725519132023,-0.01023241698437318,-0.01900328217286577,0.04518385227423664,-0.05932102830110067,-0.16806183095552651,-0.05164514300718702,0.0338390403641562,0.0159471551629965,0.0033222798419225456,0.016116329443229004,0.04550210214746388,0.11587473683392008,0.08411280638852801,0.11610946379027538,0.06079238960521319,-0.08972007406619009,-0.006863305173934524,-0.15672780636290018,-0.12604453070055716,-0.06651675439336652,-0.10382121915922478,-0.10315150658920143,-0.00820201251564002,-0.01765547597540304,-0.045133334698793076,-0.019518121883231487,-0.07499059116624646,-0.20456343509399305,0.04863658727069812,0.03751379038483675,0.09746934951802434,0.026730708766418195,-0.18053072758696298,-0.09271511676943948,-0.07678101665861786,0.12482400132994588,-0.11265516716893693,-0.07957300476504282,0.008677439534582143,0.0925475869062793,0.13998227717465334,0.16008966866493765,-0.18441932042512058,0.011291197722890016,-0.06002678842505243,0.01164361730008077,-0.02894282134374797,-0.03387119110913346,-0.022452803525248827
GH74,0.04041910039940647,0.04022874466873348,-0.09694662753293475,-0.1745447696134602,0.07925866290364496,0.0007722906187364015,0.05294029199317165,0.05143621344053944,0.046047827039158544,0.020831311273822452,0.005808713900890923,0.018599617398389556,-0.07947787426480826,-0.02909990957155503,-0.03681648562274853,-0.016324121823726365,0.11695698276444155,-0.2035964582015531,-0.13105950428375412,0.02819043738890992,0.01255269749576949,-0.023905260307384477,-0.02543680999523926,-0.06345214301149625,0.0011688149635401385,-0.006128979693371486,-0.0909880545762603,-0.052893939817621936,-0.05299727578334119,0.043525124982356354,0.023356790503877956,-0.09384191249524,0.030238746944345897,-0.014622072436936263,0.15819304523305308,0.003275307113318886,-0.05357511109331887,-0.016216020973280808,-0.12343919676520548,-0.1053636421735603,0.06707352236464077,-0.006250945841329893,-0.025748762768526487,0.015319497618653677,0.07700827742268093,-0.017586982658737902,0.016185735097109365,0.005260645091118186,-0.002032163165604041,-0.006599018071878287,-0.0501505519763099,-0.02986105532457501,-0.06469607734116847,0.03773925054814312,-0.027780558251351017,0.044255608866154504,0.03725631865060989,-0.02051974546089918,0.0792946110496177,-0.021622002303625962,-0.013130888742554313,0.010016064985817488,-0.0681614998750345,0.15618790167831315,-0.007179114134295664,0.06270453786388443,0.015859194740232424,0.045457307112049206,-0.008607135393395464,0.0288777924037138,-0.01607548288324725,0.006068203627116089,0.029740479212847972,0.05700683002441395,0.0070963517957573965,0.012611520730479176,0.012051985909928186,0.022351627733791683,-0.011321024081694638,-0.026290401248031333,0.010528147175145825,0.05268185933333669,-0.0221171409103582,0.011468192312324436,0.005222551291161622,0.009221095346220428,0.046067098338075756,-0.034730259501031806,0.037420931832312515,-0.01900394466918945,0.04731090028186839,0.02824866537745545,-0.03382757491009801,-0.057876998031914005,-0.043947225755062935,0.013542258900716172,0.04070110745623401,-0.007587535252990942,0.00311657223785143,0.028837600528754562,0.033147053278060064,0.001261460313554084,-0.04821907874021308,0.05374222699270166,0.0337147279357164,0.04138382886092164,0.011776614748257816,-0.02138249888927111,-0.05940906657973856,0.043231993319682326,0.06467395134515586,-0.07145519202955278,-0.04215831906885601,0.03954806029963427,-0.0875135430507788,0.058064513362193815,0.08437809178692977,-0.010014557290015094,0.00774257326254053,0.040281345020142106,-0.015109353815334386,0.00677755372512636,-0.0528120630786014,0.10479416619338991,0.017789700256327097,0.0009445550083821929,0.12141972689879879,-0.021623799409394084,-0.025527644953484935,0.05377745521181078,0.015456003601070816,-0.023430215002922826,-0.017890534924059544,0.01416796563915461,0.00032539480997800037,-0.001700161965909591,0.039448978393600696,0.013864076327808344,0.02779333680377735
GH91,0.07778994130383046,0.07418663776160733,0.02785253893906174,0.011996681632950219,-0.09249453263795455,-0.03822011478773882,0.13559103310976517,-0.04978421211984221,-0.003151865136118182,-0.06274835232709043,-0.09462656363910511,-0.0005130637873364492,-0.13254938321903487,0.015812857796860577,-0.08252780846991388,-0.028299129858657592,0.06494913646406567,-0.005859127098819075,-0.05424354692978755,0.028504630398219263,0.046825155909049294,-0.05962597989662562,-0.030627849271351357,0.00031881659431610667,0.19503336350439568,-0.09374506734877645,0.04729614909391484,-0.0008862294211951045,-0.043491655211899426,-0.0874487315102178,0.06147709744338357,0.1505495555744899,-0.07601091582104526,0.1522960614628572,0.024893304159021218,0.1252548172740146,-0.04968986449643197,-0.1038958765975106,0.020524414460969885,-0.1469971243294059,0.020773583269206457,-0.07048221865300051,-0.05735717373134585,-0.020769887350678196,-0.04511519202191513,0.1890952219287437,-0.14670770631666277,0.04480396539544338,-0.1316041729426101,0.07053385887205785,0.031686184956279,0.04653057203000678,-0.10790180637614578,0.13783992312890742,0.06653238968071935,0.007120145615583754,-0.10239718266442964,-0.24489956690520676,-0.0704392244952713,0.087864061713565,-0.1022573415343573,-0.22283890115915758,-0.051617873501029685,-0.16353508856570279,-0.024807778173137538,0.10356893234780813,-0.002509563769921347,0.015419052844571986,0.004304122308761849,-0.15092226617090115,-0.05487226874408696,0.1284647413881403,-0.002276525612212223,-0.1472050607688419,0.1112853255895512,0.055283945750888165,-0.015445533754051098,0.003141900989111907,0.00214918466737381,0.10517566243831047,-0.05495077762140614,-0.11522204346121184,-0.16325453169259388,0.22759113330531844,0.08994315037383876,-0.11627289655697046,0.15122958612491996,0.1588046786422023,0.10903469949737614,0.013327229437084209,0.16846610901807174,-0.04437865621600129,0.007225325295021509,0.11024951974834903,0.030599718972879015,0.1202797782342196,0.1668044947181352,-0.0023316504543894685,0.004248478039873468,0.12282985715768353,0.07794265679188299,0.001101495667749845,-0.14312157227274785,0.10169340049360737,-0.06024553632648568,-0.012469350951684239,-0.06992887782968522,0.03955996073206449,-0.021667428024845597,-0.0037907608415841476,-0.19649585628357227,0.011881892591770415,-0.03384274146869131,-0.0331684174639296,-0.00150931972380388,-0.12957356982839394,-0.1679394556867649,-0.029850746203779845,0.08995316273207035,-0.18082390267172363,0.14088288081918474,0.09485679952186439,0.10252899901078774,0.10194187326015972,0.04700171258970757,-0.016259715724533552,-0.0852879779635595,-0.09017390706014042,0.03139103968991992,0.08503116087766822,0.12445327963160299,0.0814722435770882,-0.06747049845755003,0.037745046614625494,0.025830415643362605,0.06658719705929159,0.036582210691681105,-0.0561600516609108,0.045001388590941646
GT111,-0.002181286702743271,0.011966456425876723,-0.08187515755541781,0.020627483564476534,-0.061001172952256016,0.14015183746411933,0.06607331977070562,-0.03904452682751821,-0.0534564394531645,0.1042845124038678,-0.0032580904554679064,0.06390531268853705,-0.03435832884035401,0.0830039561254717,-0.020286269679474927,-0.16215798110121307,0.09787830724526851,-0.004249871666116331,-0.04418370413314721,0.034999947959732394,-0.2034642934830039,0.06264336535411676,-0.08453631340391295,0.029488075018405013,0.12628156692731599,-0.14495975609543496,-0.014694025857903465,0.019903573580007983,-0.08612236503826862,0.007166364735846412,-0.07442025833262313,-0.057918683924847315,-0.014253720411621953,0.0012411961674915393,-0.0651279104086817,0.09301920240029252,0.13407187884606037,-0.06038636547713772,-0.010389972342231745,0.06532489895265939,0.14386200604153115,0.057598929462252826,0.08729680720212804,0.0360053701745645,0.10063553785567984,0.02019770873007859,-0.037166531461538595,0.07707175261303921,-0.077622954827012,0.04895253780876443,0.10136504469138927,-0.08077292927517704,-0.045971478749687655,-0.10341455248085321,-0.06392321908325019,0.07558185137139496,-0.1278630294488476,0.02767812150188457,0.051419388190573595,0.07250572250401854,0.01077998501139008,0.13236569480806396,-0.0520228662599183,-0.04841671873769118,5.519775124196319e-05,0.03177188034147145,-0.044804166241300215,0.05500439064575685,0.08452949955286093,-0.06532594074187745,-0.03184418456693286,-0.05981789246070063,0.024697719095927613,0.010555078431763015,-0.04116645968544087,0.04172000358890339,0.04495762308843744,-0.1218226070184884,-0.17022791876296542,0.07235471527314116,-0.008392661424086225,0.04653727627689653,-0.047416587322070304,0.10971499400476824,-0.09304218807832003,0.03779534255785237,0.01820288295738913,0.09003220449987086,-0.026605997396994856,-0.05240122627412846,-0.04064369102467756,-0.06003480817348455,-0.04284578803699938,-0.032555693620019345,-0.0671225422644693,0.004574720312244619,-0.05949726998738916,0.010740587207122237,-0.09722209155190772,-0.12085263340003134,0.04237088824766096,0.05364418418279077,0.16290286397187032,-0.07937698922011036,-0.037090392372864135,-0.04962740225659694,-0.09253924385259203,-0.04570595609032702,0.031795305172304375,-0.2008232890521012,0.059139628108954304,0.020289788257667304,-0.012992231130416806,0.05988300643904956,-0.04655959318199099,0.1724531936818918,-0.013978575142181694,-0.08894038057152301,-0.0021821951698049523,0.029714240398745262,-0.03868927269799333,-0.013616368849969224,0.09466998571063419,0.01947060648960314,0.06022312945945537,-0.12125253153291034,-0.009418842577737988,0.021081573800815566,0.17452499088450524,-0.10405759419591298,0.0759852780684316,-0.09344595242945353,0.07273504354164667,-0.03236939159396672,0.019820909741198347,-0.11850627289181709,-0.03196364121970412,-0.003982211236254526,-0.06559428636994538
GT39,0.07979914840818833,0.11148893670912562,-0.14914484087888294,0.24146494015203518,-0.14688315123940554,-0.04642964602073634,0.04903421697820695,0.0923721202949191,0.04359668907866261,-0.18312757743764205,0.014567835313624718,-0.07042268972552312,-0.1499443544625788,-0.12595955981009607,-0.0545137611286972,-0.04628555498661449,0.11203070151821218,0.07763169114823677,-0.11415792922914804,0.06431681009906952,0.1565738373701415,-0.02700119209153716,0.0035915529397581992,0.0806353966720873,0.07962890054190959,0.03428799603536168,-0.037698761757653715,-0.009106632145450077,-0.012782887914704812,-0.19085527717783624,0.0467189596454683,0.08644740163207272,-0.004444061818968131,0.16278633185055894,-0.16498899030086617,0.0026142712354367322,0.0440754286052398,-0.0775955629737857,0.05275477586406941,0.3101533594538877,-0.0610835622839402,0.03993554367225267,-0.07675905772701166,-0.08501042126608545,-0.019124851284637315,0.24151887093984134,-0.11311434337950804,-0.009298073013130504,-0.020134168589561015,0.04923654719292177,0.15771975313801778,0.20734597380563125,0.30411112973833876,0.17723065868337956,0.1623150071096275,0.10763395285026765,-0.0761411730307252,-0.08130359594780745,0.10996284876237035,0.026676002273115708,0.2449191728756283,-0.0965756818508283,-0.15409417112915794,-0.22181643637161821,-0.07200689014747916,0.03288392171756509,0.06033260750246976,0.10612100445452204,0.11012126500487744,0.31935443515679185,0.006049234004434445,0.07027150318783877,-0.11756519909902316,-0.028559380681102024,0.21975730276997074,-0.172388938301017,-0.03980193012390494,-0.10530699604236579,0.02773967687176064,-0.2508029867122518,0.17286510159127505,0.017476897977305436,-0.08141968169270793,0.008738150619410428,0.045877554627630164,0.05701100039035639,0.11005685632756176,-0.10198215819157834,-0.12611300507001308,0.10312066103225938,0.24280688542743176,-0.04363461680597826,-0.13928646918441606,0.02119419213965463,0.02653058988686595,0.05865431828002116,-0.10399283085343546,0.030409683958814354,-0.2325457637724989,0.08841644324974655,0.16070095611117266,0.13625999098948158,0.07127517215072202,0.13717626454743514,0.009209832384963399,0.049915103013243534,0.040919250035432904,0.024329210117251362,0.035966005911598264,0.02193848918627124,-0.07757326812521624,-0.15768355750794388,0.023638556509217604,0.08611631824732434,-0.0198949512133454,-0.05490932378115457,0.07249421810656592,-0.05760952881730587,-0.24713485493264425,0.11658269937949237,0.12243717436664538,0.05867138485504879,0.06566548386165803,0.07699788031010638,-0.09419411345270046,0.11446934107828131,0.04382637682177295,0.0046584035669812885,-0.0075435814289461466,-0.11649927517692255,0.027757253557740943,0.08543651173848979,-0.10789974858867632,-0.02083765737007543,0.11282706167695837,-0.13324869351961555,-0.03422013277964699,0.021290341697925274,-0.10267554269684838
GT6,0.0795302003330148,0.12981282188463186,0.10293544378739383,0.053264264865654415,-0.16591198214946618,0.04754240092877337,0.10299397801546785,-0.1890718662651758,-0.0652122553971486,0.052193748552954077,-0.0688465743587855,0.15925447330836462,-0.17622470036027654,0.09558308585080559,-0.1292585436974277,0.1529410992324043,0.06316028262134293,0.0833808747791781,-0.10748769424434809,-0.1013251532547518,-0.01843684077648748,0.0007916468239726784,0.1963977583118012,0.025959130993498926,0.0748417319835622,-0.042408071859332826,0.14069595724325168,-0.08450779989046049,-0.08956465365094538,0.03129931207215144,-0.027796800037980362,-0.11105799865427861,0.014354163506067968,-0.014279383979095353,-0.0629368652952319,-0.20071487950322575,-0.019271641967855774,-0.14323192948546057,-0.012036134169379294,-0.06640610984973602,0.0071447842483867196,-0.0037153877143083877,-0.05958994648090382,-0.10461780117306117,0.17635108431221927,0.005503590922153151,0.04481774710289581,-0.08313526415028603,-0.11916790445239266,0.22015307675149026,0.06296819918189026,0.07832286465849995,0.11380862961690526,0.12208050438778793,0.039382907033592415,0.1569910469037144,-0.1943159624187187,-0.07332183922414276,0.3305735095772347,0.28151244799363284,-0.09433182773550965,0.3159753953254933,-0.0839165148486783,0.06896499486794058,0.11014076894036541,-0.030443586340974927,-0.2711505719467876,-0.0005741411908036096,0.03762965678237136,-0.1680077208155654,0.18034648852884164,-0.0657266249472936,-0.16758213905593866,-0.00462193942068899,-0.07551982351485109,-0.014744815693007108,0.033059837267945376,-0.08164420285578046,0.2250149962539423,-0.08683139694757931,0.10822364099577873,-0.15605407811698283,0.023159597982439432,-0.05046878032284626,0.05611062956506734,-0.012329182492708696,-0.18006805912104032,0.03576888196793344,-0.022701803173809352,-0.10079704169916705,-0.00386217503998574,-0.20870958036363021,0.13210851758263165,-0.19269203285119263,-0.12774062347729723,0.15171153646190383,-0.2096563091972191,-0.08866971342161648,-0.10490903859435306,0.18085405676488925,-0.15867201221705657,-0.24862738726265723,-0.027950419099324973,-0.09232860870155725,0.21618776857613647,0.10850784963973542,-0.01060935995300753,-0.24326575293277336,0.04096657027949958,0.1715100187182698,0.055937307570746206,-0.05159799226478635,-0.0472799262557223,-0.15827871029353985,-0.01048512181835327,-0.042983402162373924,-0.005944211097931452,-0.04411318934996499,0.011331319800797985,0.06728220940119987,0.17808965909557445,0.13223364185210276,0.10712170303120888,0.11799994647909176,0.07072397268657281,-0.10350885303479486,0.15042598152041436,-0.09335982991439865,-0.09290306654874231,-0.07947853680134445,-0.0020304589924939657,0.0886339294225408,-0.055545126053793824,-0.01366844085872724,-0.07023734123555113,-0.029883331342819522,0.07073863468485454,-0.03796685426222778,0.046196029564715184
GT84,0.053428925122340945,-0.060341297912333315,0.05020336652345053,0.026440912399443205,-0.16539046510842853,0.15711684792442143,0.013498984606639636,0.14695281769470955,0.2816841958946256,0.13186775882159354,0.007241666441342704,0.09972994178929377,0.0716781891656668,0.015661787339342637,-0.020820692168426885,0.04164739134652997,0.11746361237126372,-0.09966027599159827,-0.12749229806618667,0.1826354594087415,0.05410555841660179,0.13300416883283578,-0.08701282661710834,-0.09707396610947215,-0.006787211621412635,-0.005802178515457992,0.009601794745780164,-0.016094966011258708,-0.10378226589414338,-0.06038351438973651,0.05023397238636452,0.05447432572694469,0.14388359811482843,0.008550386514541096,0.043397440276558265,-0.15562359507906273,-0.03555227155862137,-0.03129421872831929,-0.0467703060098365,-0.16509173963172735,-0.14941500122423515,0.039211114898107975,-0.05752549754375458,0.06855720069650002,-0.0018199208501868593,0.1571776726249804,0.04497264565901906,-0.03696986402422276,-0.02913849759488199,0.2088011325512917,0.33537412617846496,-0.12011247552140092,0.020220977388037572,-0.0025799691844990012,-0.10479837869240143,-0.21958141184170862,0.07902171418857834,-0.2287297162019797,0.1409850493481048,-0.08076432888170612,0.03700064262418878,-0.002652615542031853,0.041629388466524635,-0.11941894501215472,0.17294591109025648,0.11834841999942618,0.08293317184488327,0.25595022089516045,0.08341138640494605,0.03980830346930557,-0.11517760705444055,0.08692326325599167,-0.12339092219813547,0.07964391149279335,-0.1280006916651181,0.20741929047292992,-0.07304345342588145,0.24992925238187394,-0.10117060100857736,0.1168713905622887,-0.1310299306096944,0.04220379628554871,-0.03535042746379757,-0.1165631113317791,0.19996761940133329,0.015788132355035355,-0.16080490068083045,-0.03838654443963046,-0.09294142277319418,-0.06635297212937834,-0.13247924556520546,-0.030165356588277018,-0.12576404395944518,-0.028500619338954477,0.09769139007416332,0.21402653427662763,0.15352846052923674,-0.07556394724876654,0.0471837866386821,-0.018577499247328752,0.138177559679235,0.034251749917461195,-0.2217828139131372,-0.020641027212340318,-0.041822123877208926,-0.27259021450246684,0.01353560686571648,-0.0629619701042634,-0.05694043653813578,-0.16261369259293648,0.03226394652205912,0.07731842475319636,-0.0491842152880038,0.03759398689763161,0.12548580475366833,0.062249014150535076,-0.12956206413032148,0.04816390732467585,0.03709764004381208,0.32468454460150226,-0.06927950562314227,-0.027437674972078798,-0.28147273988152915,-0.1506236799062707,-0.10794665642688707,-0.15331220592372108,-0.12849202753552577,-0.06481663284666378,0.07782942292497393,0.032918034042250854,0.007890831218572106,0.16211785811132418,0.2421245936322399,-0.09088478302372367,-0.018947035475771756,-0.04195692526565662,-0.028788360290160867,-0.05528312561558759,-0.049419042860345694
PL13,-0.058131949617214185,0.011968313339118037,-0.06103433141794362,-0.09101374308106805,-0.12370924771232011,0.038097998387889,0.07512990994594552,-0.11396173921268503,0.13533044026277383,-0.007059731205972754,0.07893775491119435,0.14739953582784127,-0.008473022370182184,-0.07449954343913243,-0.14150376553563157,-0.22007318458045183,0.022517661228304335,0.0022244056650088974,-0.11537323559501132,-0.06082035669068219,-0.13535311752852042,0.019490435753264472,-0.05836347158333084,-0.060020597626083236,-0.12015008312077118,-0.11120640273484579,0.024706681297930067,0.03402387489162284,0.01910038219240902,-0.038261718088820326,0.08858144579845577,-0.12067977350998314,-0.12214380435861515,-0.10110755416139429,-0.049090930247602554,0.0211262432156105,-0.03111054333792803,0.0817353648436066,-0.06466002748769234,-0.034707615074049535,0.01278146392154252,0.13994508861206703,-0.1765786843967686,0.1286206066044187,0.06750379203211836,0.07700758690314134,0.21734105475670487,0.0032262133404830375,0.000561874995577609,0.03610150579895653,0.037902132720187075,-0.06131161745259868,-0.10000223215573072,0.08239156001039406,-0.0610499793326038,0.09966546529909767,-0.0077548531293914315,0.1103953139462642,-0.16064885352401181,-0.008481749731626837,-0.13280182510964347,-0.05768905124067629,-0.03142706810127328,-0.029239383028999394,0.15571866501940185,0.08159805374998629,-0.05572836708726464,0.07360560789048795,-0.17799965640678145,0.015269297764292844,0.024788184816805937,-0.22030004290363267,0.00013391172115858845,0.007467861499171562,0.06993276189985476,0.12237275979953084,0.19533853253143083,-0.17544881403631843,0.010704256847975244,-0.022740540277676483,-0.03750146193538202,0.07367566167687659,-0.07800520137469623,0.07266824309621746,-0.10215544476897769,-0.0015009772722630811,-0.09493445322784093,-0.22997107096460082,-0.10281612365221025,0.04323650631089883,0.009386668493371554,0.09126243685046925,0.029615052677771425,-0.04023856609682814,-0.02690481742347364,0.06266236602362371,0.02961638923235814,-0.01569517711249514,0.10280437306294823,-0.05002962021946679,0.11213603643490203,0.002467439203323643,-0.004911397040927657,-0.09858342429009874,-0.015056590605502638,0.0936906098535654,-0.014309463958067885,0.001284109993561504,0.06643412423952669,-0.03354938766971775,0.032510669247543277,0.08511405440836545,0.07795735826585995,0.030122322980354704,0.021447861326376844,-0.10077553816769193,-0.050229002846253284,0.05115507744784435,-0.011708540924061522,0.2525936345754792,-0.030239431905317398,0.08898005120490586,0.08292967603661568,0.1457724746003247,-0.05326542411691517,0.019253095747925136,-0.0814763682690744,0.08270872066960398,-0.011244020722058648,0.00036747443767562476,-0.03245922743891691,-0.12530986837061117,-0.04888047274843345,0.07338829433468946,0.056275468208881935,0.009367476701299402,-0.041255904551443304,0.0627740189844248,0.007570945269438946
PL30,0.04817485577494311,0.051703866372561955,-0.09869982548130134,-0.185789779456159,0.08434611980524354,0.010055058136850523,0.06996490677621402,0.060333299594660016,0.04588027707384396,-0.0009565689130326031,-0.005499552060756774,0.03182211012089015,-0.07574353709702376,0.01632675525779446,-0.04633435276866191,-0.021395272749747948,0.13313643121768534,-0.21179684159117776,-0.15992900933500379,-0.019025608595145658,-0.030829449976140184,-0.030135918968674773,0.008468088985340651,-0.09696824187235947,-0.047231890474727756,-0.004190557216887974,-0.03122995345931128,-0.06638547978839587,-0.049992689206520016,0.029622604098247407,0.036605259912417545,-0.07874817443063493,0.023257178793742006,-0.024305702177537213,0.19622802104082035,-0.03588358937372255,-0.06729690036654291,-0.03239962095446265,-0.16389977383503296,-0.08550553806713446,0.11735855044391222,0.00406812166863105,-0.0449272020765932,0.02319697238638345,0.036202612888050816,-0.004662933883344622,0.05641905994597402,0.004867138218893194,0.02643529685567883,-0.009356717094304558,-0.08432184319148973,-0.035949166981484565,-0.06523967298180201,0.025125663999555306,-0.04791104725198916,0.03155231038325432,0.07043909929805235,0.01009383947056002,0.09552317464464252,0.03443370037574581,0.07034335929324498,0.04880140658843446,-0.08075828929953843,0.20732476821365844,0.0030972417882360256,0.07088787781605085,-0.1174156214534812,0.049770787031159704,-0.02671163600337137,0.0038159643558493862,-0.011147069375114253,-0.00294833859134164,0.11323205376807366,0.0896636622269591,0.00031964777028770206,0.021275748234816202,0.018723329438781525,0.02169496291272179,-0.06944018822396134,-0.0217716167446496,0.012776280374444763,0.008162182911309275,0.015220558921526755,0.04712808020029449,-0.02797393028708578,0.09168396542126972,0.0541985679319395,-0.03508279938678175,0.01110124571907852,-0.040553467626580554,0.10073987322831353,0.026495555138486702,-0.0436735800796909,-0.07863841228507802,-0.07532054479526665,0.016439043236388316,0.14183745054725308,0.008756732670313128,0.016424973305300614,0.05586303171606929,-0.0023545234408012972,0.02560010957008153,0.014815521442583536,0.060824321725803626,0.05946533673812072,-0.002192029009892672,-0.08229488488947352,-0.03191608599684308,-0.12230470542469923,0.042635543321209106,0.075463218668083,-0.08699253541456417,-0.04226634670243623,0.01261459896401288,-0.05918447108972425,-0.010026938396680745,0.09310829451776553,-0.07309603084747507,-0.03273103939861151,0.05671210811572146,-0.01953564504794507,0.015114939843454068,-0.01952283582542866,0.11925526945001104,0.04795734859954618,0.0714788578674923,0.08095245481883118,0.02489398817009861,0.0013669438762399801,0.003000048242304172,-0.0631314637083002,0.022964000906242323,-0.03566406726231252,-0.05694009739173665,0.11585540054816297,-0.05576657694148084,0.055595006005416996,0.0024942950547157247,-0.04006724352037554
PL33_1,-0.05544998947205137,0.20120311209575514,-0.046483032510529876,0.1743472857103488,-0.0848442903455194,-0.12516160085872793,0.12207638667704201,0.01950318415113575,0.18346258843510244,0.07817239519075833,0.018923749863993873,0.14855971389807088,-0.15390876140609544,0.199177409612152,-0.059861940784559066,-0.03062109684281516,0.03634807079358311,0.14046108657382966,-0.07508138114714402,-0.13181033698327532,0.015287784768740023,0.12802651306909837,0.0079687733044365,0.000917257343340074,0.0368812116120904,-0.07842875176045491,-0.0695518155221245,0.09147112205517662,0.08732626142939758,-0.1875378581758076,-0.13169423675416184,-0.03928926500784335,-0.04960332934579876,-0.06777107759183448,-0.018913557506706577,-0.08361475264005837,-0.04726876970940581,0.05538999228843853,0.07663749078283306,-0.024942589126667556,0.11198648548854238,0.11048719490345071,-0.1679991881047144,-0.04566674241135811,-0.007233765444594549,0.0719756944595826,0.06401741693185235,-0.0526756597229483,-0.09495175943994066,-0.09612522999877654,-0.0630804890348899,-0.19359727509612876,0.17765936392045806,0.05554237789450899,0.07685845224960514,0.017216576724043486,-0.07420405658583741,0.1464918451095995,-0.16704932083899002,-0.0759811900010413,-0.022468755475218923,-0.17936612470458635,0.10121722930330658,0.15878048996930064,0.10492129084714691,0.041268826726009004,-0.06664568023225458,-0.011443383670611722,-0.19574907709291453,0.14219492966997938,0.118776691488226,-0.08637026121391593,0.05332661963880691,0.03126359637739059,0.007985567943675194,-0.12296481428538879,-0.12187771415734834,-0.17227488391217172,0.004498233422721326,0.020998793340005734,-0.17271598115288392,0.1706189190387731,0.06759173348538845,-0.003493318726113792,0.01748532993901595,0.18187654800430816,-0.0021409685477295653,0.026026932401094726,-0.05672533232241075,0.0693353308770904,-0.040660850889199865,-0.08277219677366396,-0.14670537121563945,0.10680863164742455,-0.06232351292857607,0.013330446929169579,-0.056548894999342375,0.0390355993200075,0.1735048375564044,-0.026605917955152516,0.15920701704060458,-0.13015989510748915,-0.04852645738215536,-0.0574957503122219,0.07730550924366736,-0.10179394433805129,-0.07197995245552027,0.12606881105165937,0.16466845495587143,-0.2397321431230841,0.08135403087726192,0.03387018613320197,-0.19716136495415534,-0.11784177973711243,-0.09471112662895116,0.27628732042804055,-0.018889249974949958,-0.24475393773431547,-0.0782776575863212,-0.1218052487250694,0.11998024860976149,-0.18168571037932307,-0.023146221290326684,-0.2820050749978078,-0.009467706264639318,0.09951228352894632,0.1781092993889879,-0.08798092535052814,-0.09535524929883317,-0.08063026308349416,0.004008099430805429,0.10949195440007808,-0.09579920119156113,0.00892142030838718,-0.015187358740230694,0.09795549249256805,-0.05431153857680841,-0.1110034166544166,-0.08685896908957332
PL37,0.04150631438288065,0.04378091786719762,-0.10342248739140882,-0.18795573116254835,0.07503918435404423,-0.0044443912600368694,0.056694716754593553,0.04617399128791887,0.05125425651129955,0.012538558217045264,-0.005715454077727668,0.014729318431711522,-0.08489603849021489,-0.004063626274624634,-0.049068638836644994,-0.00273818012350867,0.12039446378561705,-0.20210238516794488,-0.14704101160895053,0.018371710242342888,-0.009499066619643698,-0.054662698356645355,0.00718606438457592,-0.07297551269394799,-0.0702439593445,-0.01050807804309861,-0.09390061844500312,-0.06469003684552012,-0.01679555056810651,0.04272057821969662,-0.029102380515536923,-0.10164087341107285,0.03508806410516761,-0.009927332072328094,0.17493860387045315,-0.032986773413385,-0.04297033145293786,-0.036718795787199346,-0.13706036244951936,-0.1081982875640573,0.0814249827142152,-0.004080237968363946,-0.05698110312402002,0.004698386531848018,0.08973544812776019,-0.025292325031427393,0.024155191626986837,0.005503888056740418,-0.004573325562779578,-0.0015281908698583245,-0.03947758706632297,-0.036187785232057075,-0.07289328967334252,0.03536680493087909,-0.030642481811189157,0.04866013427722895,0.041987064667930625,-0.01025769032390777,0.08792229267536256,-0.04289591872018696,0.005806146947445199,0.018470495153022206,-0.06663650954110557,0.1735260037458113,-0.01556912801721958,0.06917418214975615,-0.07667781281069475,0.04198420273315123,-0.008924226008611135,0.02352106449472409,-0.014437914102782837,-0.0120273352459327,0.021663678582048526,0.06695766902656956,-0.002882776842844995,0.021294301812398383,0.014160537812721653,0.02363502864351325,-0.021929460577370274,-0.03292233455670889,0.027333417396508904,0.05387726954394764,-0.010461089081682829,0.006253374986661542,0.003135908014728901,0.02589634916554573,0.056009528393617065,-0.03108414691576262,0.021291304058591344,-0.05543244038827923,0.019018709422177205,0.0280841510109761,-0.021227620976175324,-0.06838001953166586,-0.04095638336681355,0.015191479368546139,0.06577151827681497,-0.021514943162868054,0.0006904900872990493,0.03554312432590882,-0.01580534631415577,0.022165477766308395,-0.02235822553932261,0.01795205138116577,0.04718225891374479,0.041567634748131,-0.03572461246874881,-0.03805887759866703,-0.06794468879401555,0.04831005968478867,0.05528595099999164,-0.06281884276648851,-0.04406296084026959,0.028351195028040996,-0.09512195025254204,0.030421120352033152,0.07875264132428664,-0.028614235694283216,-0.0088524139962968,0.020786980974374432,0.01014865072324205,0.00023086507412760558,-0.03805368503379814,0.09244426353691704,0.040648450807705905,0.0263718826498212,0.09225722918541022,-0.00532780695817321,-0.00669996200467068,-0.04241889825921386,-0.07697282491941458,-0.004989019990449408,-0.019484937097115233,0.021753670495339345,-0.0035951294623483582,-0.039165702122295726,-0.05782242080280018,0.060808654415827945,0.06868292042021208
AA7,-0.0938716967778306,-0.05523617613901686,0.07547899599009278,0.04561893459409232,-0.12053484180379195,-0.10681725762053289,-0.004174253804482837,-0.2131648657771443,0.000953535583822848,-0.2663591904803688,0.005018887645860558,0.0239170366370273,0.003423749179850274,0.20624019770542618,0.011123304080201327,0.01025045914111192,-0.06973571654760378,0.17021154672972813,0.003863261167093453,0.14925252499734357,0.02955452884558022,-0.26213530001959623,-0.18909709221383314,0.06199674207385894,0.0007140394581715162,0.08704747831425286,0.05751551429758187,-0.06323132098417102,0.0074298103705170565,0.025521222209079004,0.05878348853753213,0.15122339563609175,-0.16464825592019122,0.00982095493042123,-0.07583016370618528,0.12916703847024436,-0.10120570036226152,-0.0959294779686721,0.07659618620152076,0.025069583651151164,-0.030253403905421312,-0.18314094060717606,0.0843002071877735,0.1135444690909491,-0.03327564142902959,0.2589220050905391,0.06216937831196707,0.1152188561395095,0.030876189701862268,-0.08228522866839669,-0.004908483167888161,0.13875301414180793,-0.11341746102286138,0.03292411070890922,-0.01631902875847,0.34382608732096315,-0.18605527848518014,0.04329016359356112,-0.07808351416719396,0.2625905774652976,0.14195650227841744,-0.20094260695552932,-0.039720760362200604,0.046671930238644514,-0.12454089393766041,-0.019806107498370917,-0.012933671364044436,0.13040533055598552,-0.09238638883546933,-0.14906738954937399,-0.10513719828052757,-0.14141621874006682,-0.10636588762530932,-0.022945930651433112,-0.23775967065173245,0.11814164031362634,0.03952869440735707,0.024139654018269452,-0.05438137179766827,0.09286146399827086,-0.18816926331072437,-0.15331295737856201,0.1221942906376106,0.07179707650435783,-0.09075865953115478,0.014736897333465627,0.028866134875979,0.1056577955168853,0.13738897545756404,0.06814943090949192,-0.17239743726686735,0.09941100723737185,0.052865964260321134,-0.002925823990946441,0.001479372253665087,0.1645866915664427,-0.08633463729492932,-0.03969273190612108,0.09728524379264629,-0.14971189722679326,0.03255796070539389,0.0913640076902351,0.061071763714511625,-0.003298907284215328,-0.1186797338545802,0.034736209215938015,0.1645607681454868,-0.006517790710178603,-0.04339174687536275,-0.1846592885483895,-0.07387179558390018,-0.014653212725609377,0.13264549637869488,-0.10423277957572528,-0.24952635868907544,0.07128701857911751,0.07139716071988965,0.1600905721990531,0.05557710827207946,0.057101651075578026,-0.02086042562665123,0.1509940219625613,-0.0029546419965833155,0.008848332035880082,-0.05808744231633747,-0.08839523555644793,0.25282474816453737,-0.15190018675504405,0.09342991911880902,0.31541580047295315,0.0034849735625116897,-0.10315184523099723,0.012083419813309411,-0.08485535300389306,-0.04017538335493476,0.036476216086352285,0.017651613887274986,-3.868590568096782e-05,-0.0357745983534847
GH156,-0.09124128733299057,-0.01630939656981138,-0.3277749298702142,-0.11712054416068979,-0.06460842488387256,0.14047175854014288,-0.014642424634138819,-0.07886113414488224,-0.18374388640554845,-0.04111717989106966,-0.021939405484258503,0.013436520077090277,-0.08061354205331031,0.21873686972684342,0.026221558341333513,0.13518679435150874,0.0979769574128068,-0.0028058604631189853,-0.12981900843872893,0.11765298424275046,0.002165568631602757,-0.04543856940381552,0.008539576495232517,-0.29121713317464293,-0.21379338863674122,-0.02240989761747137,0.12638539738759205,0.04300243574129099,0.050989140190235045,0.006177647714009854,0.1057685720782637,-0.25086730182607986,0.14382450840223773,-0.22379999269277995,-0.11123394880248716,0.15250237012760393,0.07178992469238643,0.08164175779422812,0.23228348107728053,0.02764932160526401,0.22626598560175826,0.06974014636753319,0.0715861947882923,0.03606257293213028,0.1797258195056604,-0.12810670408708444,0.08191422037145246,0.13467883590645052,0.02130617148283196,-0.02963098354429623,0.10512090568388024,-0.15290634508764217,-0.08789957946437055,0.015060264313900567,0.07711275145814518,-0.08533647581243654,0.029420089052186536,-0.009573646459828604,0.08341475664202098,-0.09044527611515508,0.08334402226856194,-0.1775655048061407,0.015986176849222086,-0.0930253976429266,0.24210847884732503,-0.2211151631291261,-0.1260528907447796,-0.05925688709949855,0.04410051522757693,-0.16511524067215286,-0.11094720937451663,-0.06932815533096705,-0.08491456492298305,-0.23175118331421865,-0.015577468449738624,0.06679744104317696,-0.0360805246108405,0.2024131785811953,0.027477089455689472,-0.03257249036211395,-0.14394710761974253,-0.0007905978054455328,0.21751452814591743,-0.0705203731296006,0.019987189549746823,0.04045580195821338,-0.05668449180690459,-0.002597467318664674,0.14263377256992457,-0.09754665109416007,0.03776264949846503,0.13009464111320257,-0.17218141492926498,-0.18174558685560854,-0.08170694308166958,-0.020561759884478455,0.09422820249193234,-0.04262287443091967,0.12103932573291154,0.013846708898146383,0.13012211901569473,0.1418445873841324,0.18307051682622186,0.07623425070593906,0.08498974063967164,-0.025540080143630708,0.27223507121373736,0.0454535368177194,-0.09465575180644044,-0.019020032247832004,0.025444908215111486,0.1461642957373982,-0.01604897054668313,-0.032224074629720025,0.13744849333586,-0.0036056323626658723,-0.006111864325990707,0.08633954980448388,-0.014998111227973175,0.22135753071795047,-0.033497934805534355,-0.11063150451352301,-0.045874282515689355,0.19200247912055451,0.10230701107869969,-0.03030860823431282,0.031451661443420584,0.02688751923509537,0.031062934569030077,0.18760469593414814,-0.08218896499266999,-0.12246291343758531,-0.06723220384095681,0.05610511446161657,-0.12830802841834044,-0.01684057043517654,-0.031570852643119464,-0.010223196206914099,-0.013143630266554948
GT104,-0.05020194850276062,-0.09240166958321268,-0.17701691930664937,-0.09749706237467037,-0.15437161129164417,-0.09000786589058889,-0.022781605172658415,-0.09023253129431269,-0.06414699932884162,0.22656722788219627,0.2111399769834489,-0.22041719339234103,0.019473450996069373,0.12257579327999069,-0.04488748803505424,-0.15095239338799624,-0.03461519039545472,0.08600964119782986,-0.006590047324304594,0.005836294342329786,0.04381702988099142,-0.13149587023307768,-0.015137713824992988,0.08334912622177819,-0.057360854186276726,0.06744114954809848,-0.173609135800345,-0.1710563383405611,-0.05214241991228198,0.043021436678173805,-0.14317532646699324,0.002438081535905236,-0.02010939545384398,0.05267226336101827,-0.22010247534361446,0.21296560909428322,0.11092770415304441,-0.0468060889018141,-0.11096603063565497,0.14546880396503734,0.21082070072647519,-0.20208672576326406,0.08672915897503922,0.12151450820978202,0.21728965936281877,-0.012242994249230163,-0.025579047780865886,-0.08053055609650248,0.05726868487454653,0.22735813693912407,0.05944503714801271,0.04316121796451023,0.14265082921146838,-0.022210783538192135,0.012143009593300572,0.2293546247559604,-0.19992422308975988,0.1355270088690418,0.008821727160412235,-0.13787405317332824,-0.06384440778456803,-0.2192402997347293,-0.0707630580666979,-0.08063433169386931,-0.07626699392466628,-0.02381896072782585,0.13586926874285665,0.1358711846732551,0.11165115637332984,0.09298323437059922,-0.1749950943377766,0.1316660852607607,0.08568217743556637,-0.04604093300822773,-0.334942979939423,0.11733020086896152,-0.08019509536104952,-0.12848463337632857,0.0684439209478475,0.030713741579329785,-0.11066535886309797,0.08113754746103699,0.13008294602038364,0.08488877763689427,0.09111570554663696,0.1390544764894095,-0.04488502154443199,-0.14856786748330916,0.1897703587749901,-0.07223479165547657,0.017436701655873993,0.02738967200255315,-0.04691500761721435,0.06946425292844546,0.18834028068589584,-0.09110862951386056,-0.052428225408859705,0.02336526884385148,0.025729327555675592,0.020404094687896227,0.04562715361604765,0.0018475858938136738,0.078405439879053,-0.09871049637006253,0.004839558482804855,0.06715112097983507,0.03402312988565905,0.0831734616789089,-0.17049149971565342,-0.04075951214702035,-0.09495482340152933,0.09130884283885778,0.14431994708494542,0.28542814441250214,-0.09497321576129257,0.05398175150046942,0.095792671874557,0.17114305923006623,-0.03075637980060162,0.09175154226416042,-0.1274307884491712,-0.168560398363146,0.10093119919437682,0.08692455730979379,0.1274875481115842,-0.17270930993635036,-0.08403957136713207,0.16035293108237408,0.0029212922005299935,0.03817645697656459,0.03661533657277821,0.0411055800880737,0.08385451423981653,-0.03248510740419181,-0.05715691240676426,0.048131945236930054,-0.08411071163340994,0.10213089351890224,-0.0005133437640754591
GH13_19,-0.018272882158163105,-0.24121434353019625,-0.10234271475845763,0.13114108822281145,-0.19223175662767067,-0.10250183513226069,-0.11734712225529165,0.017386097682068946,0.06834098210304171,-0.06817580865284083,-0.1025203996044567,-0.0513545894742102,0.17364595310136552,-0.04251507389871598,0.010819447708200586,0.07650205135127232,-0.03341837592962957,-0.004223422448058316,0.08671981706087925,0.0176118582386129,-0.16453624303565895,-0.20427275171336773,0.016463751729634983,0.06319149287639794,0.14805652400001817,-0.037227212334344575,-0.09872336010383265,0.1400339972249425,0.03431065664278315,-0.16278249756756544,-0.21898910810626443,0.029385787911938625,-0.008250991703398863,-0.024808664916131016,0.047438310719447596,-0.0698938582739244,0.11485247547502118,0.07204423859983233,0.03250328466235048,-0.02348597657042373,0.061577489584134684,0.0027103405303915184,0.13822143832824388,-0.0692809494213456,0.22625528767096315,0.015792494250955254,0.053619655240171774,0.23144705023648837,-0.02644390535061118,0.17881103924002878,-0.007748586755940226,-0.029688400827187534,0.0887930409137228,0.20117792591838374,0.05252505169709755,-0.021405725885705596,0.042352516000014814,-0.1799533073386533,0.03911780532956251,0.015406065771056144,-0.053984211893464626,0.012470399731031779,0.1880974303349554,-0.10507450280494905,0.034969333855655885,-0.036403718911477555,-0.15219486115796826,-0.06931515059942363,0.12255664239275917,0.16842115462749233,0.09091784923420664,-0.09760140167579594,-0.040006341655323865,-0.08219928833687491,-0.1272341166723418,-0.015824350080641317,0.1304880827002515,0.13324420518028418,-0.09174375111877002,-0.08008463393306148,0.10863439909094626,-0.010387104122216594,-0.007035494651498669,-0.030861433692765613,-0.0429394922341179,-0.004600548012491151,-0.12911843178925195,-0.11560077298305818,-0.1160771795269149,-0.07780607276499352,0.021544748165825207,0.11589211316882864,0.03425946924145598,0.24223150038335176,-0.05722491687815782,-0.09824312208394154,-0.008318985489348429,-0.06762419997952511,0.09413172041399365,0.0030169557553983055,0.037831614752413915,-0.09219848819459579,0.04659088567489823,0.010692723076708413,-0.21835409291447805,-0.03358472653734805,-0.012385877541236335,0.03940312376897355,-0.07266240326174346,-0.16892577175160714,-0.26047407833349834,0.027510518520701584,-0.03853422794515622,0.004691578595094415,-0.01423886098616706,-0.02407760653968972,0.07193651258521287,-0.008506997463225807,-0.030044693132983892,-0.004443465230961108,0.13741819645310413,0.06100667684900403,0.07189463393644015,0.011443928035960931,-0.046166059785758856,0.011672391060570341,0.16808588227772828,0.0602861695532864,0.2159422819669576,-0.006652702203998039,-0.006374279401083218,-0.14685307723729799,-0.02731232782324347,0.013645054436896772,0.0825299902039135,0.028201513658330197,-0.018881326320134232,0.027788071200929125,0.21559714359730753
GH13_29,0.06281250487387917,0.040691592516400324,-0.06379582003539226,0.0008435636022073483,-0.03484862672373904,-0.035814801452719085,0.021554203964872086,-0.13211863560077367,-0.09299055534753507,-0.11216871101763601,-0.017495374271948184,-0.11604881181157754,-0.15240370344279777,-0.06268249434676862,-0.06780432449366469,-0.008106548053214068,0.07655416574767833,-0.003384470814762615,0.02131375582256376,-0.012761137777678407,0.12952110394951366,-0.06399182500605882,-0.05740269216734555,0.07522836033153517,-0.02967147066624624,-0.1332729531041782,0.03445128416614045,0.08199802086107925,0.16628614971823927,-0.06633217087677722,-0.2575170459245546,0.10846006142112213,0.04862836485880917,0.20850803810591673,-0.03384269459797672,0.23235947676077642,0.024366533608658543,-0.11576679824856202,0.028243326862459263,0.00727313327734633,0.08872700947422635,-0.10526136521063502,0.10297480281494578,0.0005839132587901892,-0.10053046040163822,0.1632210376636198,-0.18620538172629233,0.04466745557597993,0.012466534564730599,0.04316475304870053,0.07284915037759129,0.10729930711068104,-0.03632307541492678,0.014369852898630558,0.12302256726828555,0.08065434617583195,-0.05929265946894945,0.0866128570449352,-0.05008231719413086,-0.03608708158120635,-0.10878953204562912,-0.14127129956025544,-0.11154803115624577,-0.07890804755338005,-0.1655782341868792,-0.09454716294438945,-0.044951594746218126,0.014523743519775593,-0.18777588003488901,0.055764545418447824,-0.08282164107146166,0.1354952451835405,0.04166928529983501,0.0002897696241911942,0.1261299050912555,-0.0784591159019747,-0.0947455449572361,0.006200937348207074,0.10070421812132432,-0.14297543942643,0.07363716332902473,-0.12056461570108938,0.060099994645247894,0.16546614044130556,-0.03153815133450903,-0.031984587408323016,0.03312415388285156,0.024406312607094964,0.1321221895763667,-0.01783867034829419,-0.03399464365229308,-0.06694607260872533,-0.08738319607593206,0.11218344810113709,0.02599219388693537,-0.012198872608855743,0.03270173233400277,0.0866334137837515,0.19074809885538047,0.08856138336584304,-0.034861983357477505,0.019907892563817954,0.09471421869894654,0.14545619876998267,-0.09071398871340422,-0.0025876817361407357,-0.02723804254722619,0.09459056849644652,-0.10012951988022643,-0.16228890602495571,-0.08641138024712625,-0.09840718532239633,-0.024684399576922898,-0.1362742731457786,0.10892180554100435,-0.10026756310910125,-0.045336537153216006,0.0781159220267786,0.17902438636202886,-0.12461542583462525,-0.11039148406080915,-0.06024813594702654,-0.08815602768763237,-0.21075313387211425,0.1546661158041112,-0.10630954782882618,-0.16786967539865338,-0.15899652481465193,0.024824550489930094,0.11001342346569655,0.11016743416140597,0.023397574200775286,-0.13599095357549404,0.02285332249321377,-0.029323127017579585,-0.03251643395416386,0.037916464805722395,0.01722785975415012,-0.08858246455190351
GH13_30,-0.05018846527639753,-0.06779532971613973,-0.20986386708436763,0.05343212011580609,-0.11215512428925582,-0.1930197240893433,-0.09397313185982654,-0.036551075034072185,0.0032917237202189204,0.20966266124981223,0.1402564395236522,-0.05150252919990423,0.02153445474314971,0.01723584503352076,0.10232578016666477,-0.033125489736359266,-0.08289815364205792,0.0927068188052703,0.09511442563035084,-0.19289970988743935,-0.10152106031235408,-0.11247101895937449,-0.13209681344174734,0.09141921845193826,0.022932012988100433,0.027826212072931802,-0.2834134127121808,0.1607533491796612,0.03695083006505881,0.02774322175522047,0.2261413181439204,-0.03673815628893377,-0.07989619621403335,0.06236814619758034,-0.005146064317743834,0.09776675816062073,0.26432329246317326,0.005670396104921332,1.5824047762557347e-05,0.15548679771002383,0.08109736092364082,0.14470250134861568,-0.09506241087412796,0.2263662493399209,0.24080183373936243,-0.06968168894915851,-0.010525543562265254,-0.05281663639389727,-0.04070911562225513,0.33201128069617597,-0.08846346748988118,0.013615913050937707,0.24551846125957522,0.17097733380787689,0.12337294282797899,0.009791570877745624,-0.09195001208635832,0.10156328703460465,0.029432379488468753,0.13845033951518612,0.14407214793423487,0.04723951138483008,-0.07533909180508686,-0.1074692030783968,-0.013253114073401531,-0.007678526200870151,-0.10142841474208054,-0.14570161051072275,-0.11121726421250219,0.11997811691729963,-0.1578568416102123,-0.008648448074800995,-0.1264319521121072,-0.054202744277091576,0.19826930444375968,0.014080568609005025,0.02588984134136932,-0.15092211298837102,-0.033986910614022765,0.10822644251958496,0.08075962475747704,0.051558563756704805,-0.10514309775378623,-0.09617723290786274,-0.015269510093255126,0.015115511216390995,-0.05615583103377406,-0.11222930237757463,0.0830148400127203,0.12385405195020864,0.02654332801240828,-0.0411930938258037,0.15336245645118007,0.054691564697476124,0.10770318166581098,-0.21316130923985385,-0.0017415043125792267,-0.10476205030564761,-0.1126019268938775,-0.03874321619046685,0.05378069896206522,0.08405698122852007,0.001157931359815701,-0.19342666666051092,-0.05315656882589985,0.10428330621767037,-0.14668653645146285,0.007727141770703326,-0.15897508058797571,-0.037079943128736845,-0.06544282229399931,-0.036494187052777294,-0.055523841675237065,-0.15815739552105343,0.011662463008552844,0.08957610230797591,0.1756463665158979,0.03882055149622994,0.021476241652251652,0.20046595520231206,-0.3475498506339472,0.09652830152416891,0.12881286229037436,0.023050446124143614,-0.2570622217427814,-0.20100430222382512,0.13137549348375335,-0.08473354795921416,-0.18552743583859782,0.09262300898894558,0.15834309513885475,-0.10314327216529642,0.0064540628029010816,-0.03330050856807676,-0.001420627208447835,-0.08390053668614819,-0.02102544837168146,-0.03865327044984716,0.02950786972030036
GH70,0.026868778530582466,-0.0667098384631155,-0.022873299830402632,0.10601333925858862,-0.03203876025907579,-0.11170645158400977,0.048141007253892504,0.042922707161448,-0.06597356019783546,0.04116893698132205,0.041211596241571204,-0.010181164551900502,0.04159489779484888,-0.14329823835485272,-0.06299611076215204,0.003916335662087787,0.011493701581098312,0.06949839442436936,0.017569295519749128,0.020329763209887112,-0.1473026063782913,-0.14110115419368294,0.11013692259730751,0.11178559581874399,-0.06563240714518637,-0.08612651639217908,-0.06693892020057261,0.0429092585860235,-0.05844403240526511,0.002384731056647638,-0.029454025549186656,0.006067416012543899,-0.04555878191108326,-0.029914254102393744,-0.009897889697176103,0.05335895016216151,0.0020290819274301044,-0.052427453049784994,0.014327065729065301,0.15533894556599212,0.040039150250449636,0.12545703821370208,-0.09142170918462891,-0.052246237856556424,0.02602468465669483,0.0016433899740586004,0.01076469171586726,-0.10339111985211423,0.03323229192859629,0.009922371188459275,0.08995993011539374,0.11607848449119933,-0.04814354383801766,-0.057237089343536815,-0.0687561562338499,0.013970059376564427,-0.08795773793969679,-0.08674788790777747,0.008527111845188097,0.06869221716144941,0.04107174428537075,-0.014123182096551636,0.0550372371184269,0.04658889581131157,-0.16847825505072728,0.0476647567608584,0.10547395420247024,-0.07273066409279348,-0.023976583926269817,-0.05358714511972516,-0.09200870161363811,0.05473851926779904,-0.04487768016157952,-0.03711647748828383,0.011743293713643127,-0.0020063305020313234,0.10007289892694606,-0.1420061465557863,-0.15707637268033217,-0.05193078200176204,-0.03771157150800156,0.08706273000821636,-0.05099432579262009,-0.0997008036897201,-0.10406389301204023,0.04481906533041504,0.01603409141660076,-0.10499673757831778,0.0971830091881436,0.23820934422915682,-0.03243872068375118,0.09062637512651575,0.05420603300721585,0.14574101552635452,-0.029545496917370892,-0.19773806628993043,-0.010860021592061493,-0.0019308301938452453,-0.025499553615802407,0.1657972721685691,0.12283761431821086,-0.09453493587845398,0.05638889056537445,0.054937342204468734,0.22922444132869343,-0.027561455119064073,-0.14569350801049744,-0.01465038775256655,0.1051055089195639,-0.03405533776126529,0.09133460461466607,0.09383354772358204,0.08957494847181308,0.1525237021228058,0.030577239433647894,-0.07490460721674669,0.02382593133616459,-0.038355049133874775,0.01749057788116676,-0.04098548146125391,0.025775386698903422,0.011741468820076073,-0.1609416809103473,-0.05283824789873708,0.045608280986763054,0.14076113835044152,-0.06762705896127628,0.04071775133860889,0.22393160556025662,0.0377724314918919,0.1357722654188932,-0.004209288879570515,0.09342662076913538,-0.06100990103441291,0.017117475319094265,0.01598095391816383,0.01516506731690599,-0.01573805609504517,-0.05106397252753339
PL8_3,0.030042712870131428,-0.09264618093766726,-0.013354448602300882,-0.11676003702414808,-0.2036423219737308,-0.0072443566227922114,0.03827659022453211,0.009082381760563345,0.07657750642808117,-0.09615105489419189,-0.21992028084217508,-0.11112304261940124,0.041969128035019794,-0.007891206929061832,-0.04173993022599664,-0.19039214671828283,0.10366329402856986,-0.05166570118220311,-0.14238825977769912,0.027991777286770745,-0.01273068885051482,-0.22759253817583316,0.27251212248701245,-0.07994955537028643,-0.2129848791179348,-0.06843955793981928,0.033551813024109776,-0.0697918170149039,-0.015097768950102083,-0.1318101665048858,-0.09894012925900715,-0.21687691847198376,-0.0763088166886668,-0.08267716943325834,-0.17033824855710492,-0.24150431307823733,0.15092737875685916,-0.012629362015385007,0.04566860268882915,0.013747483711943976,-0.08313512950238407,0.1418465131220196,-0.014293290823270901,0.027807899015812054,0.21286170834413196,-0.10571530263896936,-0.030135798577275216,-0.13002089969862352,0.08433309780593568,-0.07516021806928735,-0.14636050711488127,-0.01954206646224386,-0.011341893970824815,0.08467943697967956,-0.18238982892715436,-0.06034231072089941,0.04069345122193459,-0.13128488201277283,-0.1024961424654418,-0.2704442968102315,-0.01613198645595581,-0.0077865896746264155,0.1653643670656735,-0.03445534663070335,-0.07535290491633397,-0.16388173315459706,-0.02745934788259179,0.08951285356114218,-0.017788354888642697,0.009015539540689683,0.01607251217832521,-0.14358559296141823,-0.16899048431360925,0.0638327002846907,-0.01339489992011349,0.04313999983902996,0.08193954632827165,-0.14625124893611002,-0.04980693317481917,-0.0766533536612575,0.1580944977700971,-0.08060105860779407,-0.13197462785024014,0.2853328127287675,-0.0023074444367553125,0.02533392779998271,-0.20342542966213262,-0.10918793585875872,-0.010277524782763864,0.11222733826835209,0.021213636043604885,0.09732972147916724,-0.03757718357731434,0.010845166357297466,0.07359379758074167,-0.005092863438093096,0.3138768079265715,-0.042521217993567714,0.07465424631651307,-0.015175964625339988,0.09690779847785308,0.000119283595783085,-0.023412762601918817,0.009160915381197786,-0.025143396298405497,0.04794926220724057,-0.13540971611715716,-0.09464026111197602,0.060140158711815134,-0.0049353605158836055,0.004051872517162291,0.18815470643273569,0.18702315769412073,0.0520432916797236,0.17574865891272531,-0.16376628568426946,0.0913882537054877,-0.1139523827393032,0.07157287153819533,-0.08350069913965914,0.023460796841873955,-0.10562204555472614,0.08747090538929748,-0.09845752600289555,-0.07421737666796192,-0.09106824139634162,0.00921728126127607,-0.022833859312267113,-0.15279666082824683,0.1521071178317512,0.009191087483877723,0.20785992850625143,0.04441821574435237,-0.04555136476449853,0.03255740748139386,0.02622899420055737,0.023193344417262327,0.000990700501760174,0.0526477006379389
GT107,0.030579494427582978,-0.09671301531877345,-0.07990068583146849,-0.07262877592180494,-0.024681961355335996,-0.050489084614574534,-0.03659049830056788,-0.15033629299035756,0.002246634488032167,-0.03265996565203818,-0.04607866206423327,-0.05304637938247283,0.06852761204100492,-0.02036777768748002,-0.08161593233982353,0.2136612957828275,0.04169187972845628,-0.06885458526737201,0.03372276973780342,-0.10926131317475606,-0.04858982101702764,-0.07991051778087531,-0.10257975870598655,0.05999274197918727,0.014602159518529287,-0.07519396344825584,0.062035578071026866,0.0381563185728418,0.21005761845513526,0.022805850422997084,0.19518568117379206,0.00669722009725868,-0.04042363588861706,-0.1941586728461499,-0.018723663736081458,-0.02738333445612382,-0.11079378142608448,0.07238956295089426,0.022751018942452378,-0.03886503697627528,0.06430954665380378,-0.04645971302341942,0.02166719412584875,0.15351098129621593,-0.1938594470827412,0.06641882817775745,0.10285201178740612,-0.006167477654686083,0.10153857795668897,0.10599358263317003,0.05124151445405111,0.17760663615485112,0.05551430069335614,-0.0016719640086426133,-0.004243133625438858,0.06526592495076908,0.03547609668774781,-0.01654262367903724,-0.056968157260383935,0.1106408750817751,-0.11197884098205901,-0.054664356179128695,-0.021683115151373826,0.04353892698659941,0.020480049390615682,0.020602803352062424,-0.3424403949276594,-0.1027552502502962,-0.08510834266563858,0.02734713688679244,-0.018720977033725068,-0.033118881950741516,0.1905486252202018,0.02302131504768488,-0.08356457984753311,0.04452840228516126,0.30888039218811447,0.15245937563701797,-0.027917551921597446,0.10158873989189779,-0.007453396067557267,0.026362410240645284,0.12570713429533073,-0.2665400533126267,0.07427391559658295,-0.004072639003052708,0.15000283176693538,-0.0028111985368868176,0.04579658416726467,0.05335124818581005,0.20144869109973326,-0.020249035888326824,0.0863491718006228,0.1749896909991941,-0.06034273137213877,0.06615521651896092,-0.052228098165832716,0.0750044603611768,0.09860659373466253,-0.04129331142536596,0.12557751778270002,0.12098144385584399,0.005872291763659933,0.06240989165488843,0.08773947683005351,-0.05143564620099238,-0.06908731125111567,-0.13581346231058747,0.044834550996688226,0.02976878240829278,0.21620432568750947,-0.032499432187151546,-0.05972521218883561,-0.032476466082735925,0.11940726481639174,-0.01850469362185152,-0.01297697246620833,0.012424418561622156,-0.308252611043059,-0.022012929995261204,-0.2207963987427049,0.24006628802975963,-0.09566880240132546,-0.08101382957771293,0.07256389384667966,-0.13581124729295246,0.034367643152495304,-0.11090944316894681,0.0573245604123354,-0.05599821857183768,0.00876574097838325,-0.049683014095654045,0.03704431332822933,-0.033805149727492885,0.08758683420510176,0.0058880325744104355,0.030906089660153825,0.02563685688521544,0.037424058275481766
GH85,-0.013704670449149572,0.004879494343421765,0.006212006826648127,-0.0028759407725708437,-0.01813300377431818,-0.010443156989741407,0.04385599084455473,0.00602010012283377,-0.028656930468028207,-0.062403220283830024,-0.03333064973755705,-0.05255601953339648,-0.007542042709540722,-0.02269677615067509,-0.02587334784092778,0.0015581088637930173,-0.01776985452868615,0.03173890082950734,-0.06233456169516147,-0.03578984527748474,0.04009898894611153,-0.10680257088528468,-0.019878319497603648,-0.0387537287065697,-0.015374784290287909,0.008088833610371531,-0.0036995478504325916,-0.04152242594579109,0.011081905745604869,-0.14013784855799905,-0.09492626171708728,0.008191844336644266,-0.026224719090731447,-0.04496033797957732,0.06265913630269981,-0.02568091461202969,-0.027476216288616934,0.06762403720005113,-0.051682392443044456,-0.10982922833836971,-0.020133778349828307,-0.047061872339374825,0.027920004847704398,0.05432964161218421,-0.08386616445283113,-0.01702901974928002,-0.11931321333565471,0.01713778835242067,0.08115086193788959,0.0059258024843598855,0.08503948135820741,0.18835565418231912,0.12999656507581037,0.004130538476458215,0.025004838737670315,0.0391308917340021,0.029715151285163915,-0.05253671410405205,-0.004999425762304028,-0.0959884995683206,-0.1494712005124928,-0.08358298637045807,-0.027841219740387353,-0.07026233598029989,-0.06717287699266951,-0.08024408140759866,-0.01825228754856834,0.05062445153071827,-0.18941531593106892,0.015976868676105503,0.18442765124221688,0.04823830236006904,-0.16639790598707163,0.04405996255489182,-0.0787064986805528,-0.06673804266658732,0.0025651215265330763,0.013269981021814696,-0.06837416348895314,0.04407096163469447,0.11611740225754123,0.05129391001175329,-0.02537597491759152,0.13895844366453658,0.08981998737477835,0.0476110857058894,0.05144789056859257,0.11290665743507482,0.09520505769234881,-0.010590545533583587,-0.04910777476300341,0.02923946055084028,-0.008946043733569413,0.014966799696548712,-0.025066465647209824,0.06654561853446112,-0.02597516689657565,0.02003740100927765,-0.07645890046188233,0.12433978375441543,-0.007225998947721202,-0.14085300464129033,-0.1340877762354888,-0.09419697027393852,-0.05437909757511428,0.12941764175950987,0.05002783743070556,0.017982281077411552,0.05324031423484523,0.09976467981709922,-0.06105689514625819,-0.13926176790050931,-0.020326770294563264,-0.05388225232282123,-0.017023673482094596,-0.05775848995257296,0.10053457694146196,-0.16834921792064675,-0.023527711310062056,0.010133266851849086,-0.016843562868570302,0.021123445860975032,-0.039095041299209266,-0.023830951036949356,-0.026598277868767582,-0.07100627229639477,-0.037356847449754704,0.018152558504797155,0.0387285006598109,0.012976801910437687,-0.039852158002609654,0.05407787225690761,-0.022873782579121562,0.029463176767946565,-0.04792774270284086,0.03715924989692523,-0.030843119966441616,0.03972466364913761,-0.04283918826655576
GH39,0.02075145963395998,0.02632919209456267,-0.03394038065587258,-0.04407662375393211,-0.01362394923328505,0.013317980143383127,0.0973221436211914,-0.014352331788977834,0.024735065085222756,-0.0647730444329361,0.006158095855095934,-0.1232171881629703,-0.07277173838057008,-0.030894574596881927,-0.08629459367806457,0.107403081042799,0.019666790036437416,0.1091576959650738,-0.05883131382838684,0.0076170627694357555,-0.037626808266623846,-0.0525338073241334,-0.04619284668904278,-0.05914832198122753,-0.13126865303708826,-0.03764089299683827,0.03178809739813232,-0.03690286450439599,0.04108135092264701,0.0510561329262646,-0.06214950452501774,0.04691824387624314,-0.01181264715576674,0.13356813842005774,-0.062147038792438165,0.047969165201623344,-0.01577562813114717,-0.06468484689393722,0.008459000934396372,-0.047647971844864086,0.05937498524700754,-0.016053043026080228,-0.042630574533936864,-0.005079403608713094,0.005114447108966394,-0.061756457073186964,-0.0013773635577284866,-0.05429065229368391,0.000981269266090459,-0.06890988107325037,0.08755196500339223,0.00041037981399554056,0.06275151030089177,-0.042609782675234534,-0.010348369352324048,0.026154719517713285,-0.027013340954438324,0.11284147402675429,-0.020439029948537583,-0.09192413181782152,0.04047932066357411,-0.03866706807721815,-0.003844517329839073,-0.009593462566957435,-0.0110117016358284,-0.042497964451457745,0.03434681266020855,-0.005502947000572887,-0.03924205412346399,0.06378877057717319,0.06538544158229725,0.0368162383218167,-0.01294354727971702,0.10695817097857457,-0.007936906794912987,0.021274848154509713,0.014922236896638855,0.0619511180748524,-0.008574212372114025,-0.019609641354840123,-0.003914119926476763,-0.009326513421216433,0.12748533746952856,0.04070845695144077,-0.09115265293624505,-0.0946179263428007,0.0068480104701477106,-0.016757779656665008,-0.002592037744103239,-0.07627020280991637,0.1060817282844232,-0.13606249442652116,-0.0016552343554254011,0.008562463257655445,-0.05062507415871695,0.06555717321225155,0.04734637815279315,0.05764399420202958,-0.06236128328201152,0.06332252481571424,-0.0724240610630945,0.127557618799393,0.027195402044822948,0.16923982602828896,-0.00047699528880807654,0.10729293111010178,0.01353412892053396,-0.05147892419076204,-0.0709172207521251,0.050450124076526166,0.09503480488306129,0.06158159348278764,0.16309538450818967,0.04198542517834832,0.06136311906869612,0.058798562893382825,0.0780435963651186,0.01289663565651259,0.08590988827062528,-0.009667103127385866,-0.1425168742276935,-0.003487288695954068,-0.14245007869458248,-0.16211262329537326,0.11072988967918886,0.029868049153199697,0.0537719954437177,-0.017735422169495835,-0.0014142373351575263,0.15254611211154376,-0.08308485885865394,-0.01041384966978407,0.1006144368717262,-0.08477300823586506,-0.03569666077118435,0.04466439738487701,0.048963105002891846,0.0006363172084054783,-0.0032362588469149085
GH43_22,-0.030898916901602184,-0.06642045305536393,0.013372981820983653,-0.033713143041286274,0.07124685231820363,0.06557667782817544,0.06651746452640993,0.012931921174650298,0.05302513833751532,-0.03375895140276314,0.07128685491172428,-0.08979941044427782,-0.06787125831725337,-0.05190409149414021,-0.08464332921845232,0.10442980262019289,0.02350530552388903,0.09002978136349196,0.018728086427188033,-0.04240309668518204,-0.07137043213319692,-0.09991182497449635,0.11853988531462722,-0.1739901756947354,-0.13536015378041258,-0.07949002533646318,-0.029711482582368137,0.009440285358529412,0.03538732687627602,0.07895819928263814,-0.043923186284427686,-0.0014415559779722554,0.07582039916274827,0.11082855732705911,-0.01476680145141875,0.05445732034414332,0.015499546346226507,-0.07112640707621898,-0.04488161152477266,-0.03232347471005909,-0.020728923184419247,-0.056553915326565014,-0.04043706552329584,-0.09459346958998503,-0.039172495480675515,-0.0919973961876558,0.10612649331550802,0.001914154930190963,0.05754470914517514,-0.15348619916086143,-0.1537025801707484,0.1258393018114727,0.0509501706957699,0.06305001900139745,0.07195001876684594,0.11012055641816115,-0.10109283084171398,-0.07830628593310739,-0.028829493153174804,-0.014046980684900396,0.03868840706118439,-0.008787842825089,0.10303657444031486,-0.009604866766239588,0.0033657776499067403,-0.03136084983243823,-0.023230664992017352,-0.003608029548049106,-0.0655654787902063,0.06700691219620283,0.062332828530842294,0.0038139433172594294,-0.05490589985122467,-0.08163716187884336,0.13203221035412688,-0.026276033661145132,-0.11380323946276899,0.06943610499327545,-0.030558659921356517,-0.10210941003445981,-0.06275276239893006,-0.06191901698827036,-0.029906997241782817,-0.08876917917186798,-0.056173250419930446,-0.17747319621192095,0.04939056606677121,-0.008920837207305533,0.04583004393585981,-0.012311982554819495,-0.04421373257256048,-0.010593196851190062,0.039422871488834214,0.06198430988122792,-0.07743685885252291,-0.055543477485610095,0.041041641658735334,-0.0785192488176277,0.07330010681451202,0.042583401966432594,0.08317139006403948,0.07995662614111658,-0.005144230410482426,0.10735656011520428,0.04051372487938946,-0.1344861039629817,-0.05239010090170349,0.02058755030292663,-0.06526961325852024,0.06153423041466222,-0.036021936974457554,0.042615776109088274,0.06588626424204767,-0.007808086221394506,-0.09312015894070033,-0.016564671261784156,-0.054027877410169935,-0.016155234139034212,-0.12628247702479553,-0.009304753293021164,-0.06654091679568813,0.044559519383635296,-0.06679041545356679,-0.12611699203972632,0.05983283837999716,-0.06786506389923942,-0.1622003123200152,0.26864387424412006,-0.22012153586143116,-0.08825712400745565,0.09154439010225887,-0.11988253876615637,-0.25051974509743635,-0.02589838021084031,-0.009929860585102476,-0.058081581479295805,0.030806305022931062,-0.040108194692469894,-0.021820593162833673
GH93,0.02734379789439266,0.013297291465812686,0.0005096983965963909,-0.010034965654176822,-0.017608597876818875,-0.025326380970909213,0.11844760440994734,-0.013628465884360065,0.037309751800028795,-0.027699901997678605,0.02539068692991949,-0.08015227833373197,-0.12084496105684289,0.00441323257693154,-0.12067130622358321,0.10573158361512727,0.0763165355574241,0.1122602912875996,-0.04052084011182755,0.009296667455126771,-0.022203973984719808,-0.08647050076514626,-0.06101738983989508,-0.09827831576480647,-0.05204940710318818,-0.08403933686145511,0.0041246857266455115,-0.025609979183706628,-0.013783359750970217,0.024123007763521612,0.02698647727666294,0.03741508138828547,0.015657195178499724,0.11306698758151527,-0.0030752400491685385,-0.038839309793156446,-0.0732616126688583,-0.11283724738270243,0.07425812872582148,-0.05246084013933909,0.001561321248883072,-0.0600980719669208,-0.005366555292390743,-0.052586553644086695,-0.0077899620119221795,-0.07462463945101191,0.03976981745267531,0.042818497666987976,0.03390268239409027,-0.010877658569659355,0.009714574806479392,-0.011114553805693555,0.0348412450585749,0.08851328598823792,0.09445156910732813,0.0035862140589567673,-0.028967333556409697,-0.16112952259338909,0.03547237379857976,0.03666892248738436,0.025633152394636798,-0.06294865145764052,0.05154150437570198,0.0069211195549061435,-0.16144112230509858,0.03603600589100227,-0.07274845723333834,0.059769313228914094,-0.06084371549957414,0.08150076982696408,0.05289280497938504,-0.19895001515777933,-0.06989844656950615,-0.04845272579532683,0.17644000002713436,0.04461888501712908,-0.041736184096582744,0.10319295427647272,-0.09733497605696476,0.06888438313889421,-0.012129177308246293,-0.026854276665987952,0.10866660069490011,-0.036034432340475014,0.033993414874551084,-0.06457068663947382,0.01230297921990532,0.05971740858193781,0.11471005629762258,-0.10526285939049965,0.020626686654870257,-0.077485129440313,-0.020583277950395745,0.024153540280387343,-0.13134968200950342,0.08008398832436928,0.09689675669249477,0.05522832601510474,0.07292878373692516,0.0490868458279722,-0.017207272981538478,0.10993176007235121,-0.18423811650753782,0.08801550731873964,-0.006266148183151992,-0.16650411223340122,0.03343576934090811,0.0638950605692286,-0.03567602875631765,0.08668378907442613,-0.012896189314756312,0.012951342299320977,-0.015564950360621244,0.04739963720962395,0.16641683592336745,-0.020329302538909032,-0.11950927649717523,-0.04266349159676306,0.027300503450349276,0.14893150418499573,-0.07945224847079306,0.13785898929623708,-0.08455847516609037,-0.0827318841490197,0.1550217449502176,-0.0941393801048497,-0.04249439181385086,0.005880597184386055,0.029742309852031155,0.11988240297737328,-0.10386134429269323,-0.17000311937462378,0.06703965275351903,-0.028964299077370807,0.07801658065413866,0.06340570575779425,0.02923757974761293,0.02568266376098785,0.025974766898327933
GH98,0.017721809260124958,0.02660812502955481,-0.016555291444809665,-0.04046125453561739,-0.02952558519244696,0.003035058874070497,0.12275613750654156,-0.04565428472964641,0.02005842130294816,-0.023522808878377592,0.08310179483216286,-0.04445892028415533,-0.09029269235964146,-0.015108067272072923,-0.11387552568145515,0.043547430824369106,0.002117657845915756,0.06726616389042454,-0.046362069477428776,0.013800036139568138,-0.010898548501798298,-0.08896026074252948,-0.038652255494851254,-0.07500171443525179,-0.17617825968795153,-0.025692898723024833,0.07432581614184171,-0.029581670330770967,0.05906510145380653,0.08354942479359757,-0.05607106029194391,0.0943833187224042,0.07387869367529985,0.10581231496285852,-0.0228986338198598,0.024128283451064447,-0.03809159495326789,-0.10492513066102534,-0.0505654310776794,-0.13606082427520455,0.07843397242699797,-0.0675065360436421,-0.0954035290187853,-0.04514593433125405,0.06756711524353003,-0.0012118321848338337,0.0018452698147675174,0.08791663999000632,0.0781296820173901,-0.07758422325881482,0.05619553825086905,0.03466957732482761,0.042962910495333545,0.009193630277489312,-0.004244263798765962,0.04035947168137066,-0.06309539441966432,-0.04531264892574795,0.03849381190523549,0.018989342055481296,-0.014622150968581365,-0.018815388345090157,-0.05320412390815258,-0.044708682975791704,-0.21032139081433449,0.05080826744373045,0.05101327084109368,0.014778250030846563,-0.03020851554646735,0.04903461713472833,0.02829478815838207,0.02892932113850796,0.025155490783158912,-0.020589356907587963,0.10060624302927934,0.023334460342248373,-0.13291088641366786,-0.09858220128186278,0.11219392655302347,-0.015547760314398536,-0.05663544387910543,0.04979382785778647,0.033651374217288345,0.013657198835707788,-0.08498188753267324,-0.01870940223899636,-0.09469963268191961,-0.07064023454656801,-0.07888820082348007,-0.005711039175258444,0.03780633674068778,-0.06602093852362952,-0.12389607646861313,0.023504788032875795,0.13442985206600208,0.11079581628120677,-0.030539504173082647,0.11989149058975719,-0.0649246300013145,0.16492111076140592,-0.09968210647284682,0.21340927563802733,0.16458919381429624,-0.0019278604841511488,0.008604312820907465,0.1563365990544137,-0.1054414324388546,0.09413355607751805,0.0851805424067895,0.045746230815383336,0.07919595956999907,0.04391738648298602,0.07783454738938947,0.07250074879516265,0.1967144110770751,-0.1823624389012131,-0.27704278576431135,-0.03344942805187088,0.15750279879678022,0.06553831823023987,-0.08695229825920947,0.1521005982072999,-0.0946347955857938,0.03308332607969663,0.1974534741176286,0.08023713510517516,-0.020556007788219144,-0.0036690508779154687,0.00856691919300999,0.10495146721469499,-0.1309237285949554,-0.07737202800354584,0.017022196471973398,0.0021922645314149756,-0.04183142182950088,-0.005104760331762962,0.029945435264925175,-0.0091398027959153,0.0115009559657569
GT22,-0.022308514094992425,0.01744708832529174,0.015814337083942944,0.00777520485469984,-0.039776638549250766,-0.050467501132354965,0.05509761316085101,-0.017851782189730356,-0.012516007528038482,-0.042787819724683276,-0.02878207671038003,-0.04096618989628747,-0.03819882799850267,-0.009784999390488993,-0.06742260603298143,-0.01604352986117234,0.013533845048033311,0.034412567471773924,-0.03737895713416821,0.02908316875169725,-0.03589048952293706,-0.084515827776991,0.018600687635489443,-0.07871819786814171,-0.0773695411130848,-0.10912622955887828,0.034688774416378756,-0.11949483482121004,0.118712136190679,-0.05434343190277636,-0.030900371689576014,-0.025428143339250985,-0.07698208224526641,-0.04361459268474249,-0.05503471642093307,-0.05354147627648403,0.018607430773215566,0.088040831630887,0.02384242853879851,-0.023507565557438315,0.1592459089381944,-0.12246617992353545,0.13499336114738328,0.07883333847054562,-0.0425417485708224,-0.131051994655842,0.15595673106193403,-0.06262699690093868,0.1052644454078222,0.01843016320453205,-0.07503935115397256,0.06402027745683123,-0.020274768993357884,0.06450294681550507,-0.13127011909580666,0.009693890134711246,-0.029163751771184958,-0.02963681952440725,-0.14236534385837146,-0.08605801236632085,0.018944982902336736,0.1553182102682272,0.1577953394364595,-0.07144757408574197,0.13700203646654474,0.021153645252686468,-0.06783459265494529,0.08097074645887874,0.05305028214835776,-0.012870823597343858,0.28011194709745846,-0.07235979982770264,0.11288525195391227,0.0869280390103764,-0.2518067992524921,-0.1049589816521188,-0.09592533713834002,-0.09875555707663973,0.02736564643518416,0.04568325384597499,0.1205566612527004,0.008452359812881423,-0.10312519395210169,-0.0672520209329673,-0.07090610319399261,0.05797704922017243,0.09651236688800709,-0.0812644158785984,0.0012353126717308952,0.03151295829363206,0.05531479438202205,0.04545216716925735,0.11836484260187279,0.06472233973007605,-0.11355032442578243,0.032773711098114076,-0.01093142376375246,0.018581695583121394,-0.05161036714901313,-0.14240582861692944,-0.03438754209346725,0.20376755914832856,0.04039863593250527,0.03436658159192069,-0.0814958604044169,-0.017603095633517567,-0.0004998391625546103,-0.004936927830671034,-0.046649432303955,-0.10790230794870034,0.019073317193582476,0.05307472627423365,-0.12501065616982565,-0.18091015226374554,-0.1751676114856895,-0.039888309354752224,-0.09688165872848607,-0.13182270597809145,-0.22903878699331406,0.059059744400228396,0.13323231753937284,-0.03448925230392155,0.14289263910580938,-0.1665255817558239,0.005838381948665398,-0.07791203696437135,-0.02876260112136151,0.05395715367759163,-0.07930383919727266,-0.0348533812204579,-0.10210445549332749,-0.05556855102039744,0.04978299078967181,0.08974425015219735,-0.031446998677090034,0.015004446806964538,0.03802712046245191,-0.11776969035189894,-0.051858387852420376
GT101,0.0009822004479765976,-0.011228795250597633,-0.20406367047301874,0.042045288353730594,0.024893316580285905,-0.030837352930367944,0.08383781714545582,0.10239348329103226,0.005054793730634836,-0.040478936038348415,-0.00510433620150339,-0.14143105925719002,-0.07455981084647538,0.11550750096882968,-0.004021150419240029,0.20589545935813086,0.014285864176236004,-0.0328747727003641,-0.08723083648832479,0.03487254996876899,0.15586274985294338,-0.2545050881093848,-0.05643202415398905,-0.031111300528489125,-0.07945080708096398,-0.042171152652770084,-0.23143861657975773,-0.026013760487049783,-0.025345487392139526,-0.13462035129134736,-0.07348304546363248,-0.08362046674760779,-0.0259828634550251,-0.003511893408878029,0.05984922565233077,0.08048613411534147,-0.06891798908943492,-0.13439810445324696,0.0959146421587706,-0.022860178922673814,0.14597091696255682,0.11177762068760218,0.041581045949820546,0.004730031994431355,-0.014474311561128557,-0.062046856035467744,-0.07857313458836235,0.049249793443702304,0.08770189707934803,0.03782321327698834,-0.01894931477429765,-0.1272242092788535,0.06373239326889465,-0.0027157625045503416,0.0011543547378843996,-0.18311939489818038,-0.20176788291605438,-0.1472912979599215,0.0739002404212458,0.10808400098259426,0.08678504340268246,0.0025423903508388374,-0.08749883410065544,0.023236472025170343,-0.041057425085599154,0.029900725784422256,0.12870044713492731,-0.05559495333470289,-0.15636085623659232,-0.03903274443430494,0.11453418766715187,0.04736581161971703,-0.07088287143220452,-0.05018026472755226,0.015179162279753498,0.01923696467370429,0.04379357558273416,0.0753494695001762,-0.17049988879570077,0.05678489641940115,-0.016280498382195075,0.05025736627434927,0.09208082175212305,-0.09545459902720078,0.09435921378494411,-0.1695619703935114,0.20606353023560955,0.26903981383913,0.05985080221471227,0.0008821291145880086,-0.2345790737595118,0.14950226892982074,-0.07229307571631675,0.11299911912949077,0.03802223738185637,-0.12846664917115533,-0.00964716726418496,0.0425198132824507,-0.15073537091891817,-0.03525438305394346,0.08796143898762702,-0.12195685594068012,-0.09485748949587647,-0.044887948040033425,-0.1380911012570831,0.07906495995706078,0.04021687168207636,0.04645943209718063,-0.07871440806950074,-0.1536835637212594,-0.04170677812084944,0.01999636494543914,0.12067532698037062,0.005544270764380301,-0.046989443156595874,0.11719011266906483,0.061143422854373214,0.007542523780552657,0.12184094417564935,-0.019086349911833046,0.03767353609663341,-0.010588512082915695,-0.09845420789714579,-0.08661801514216773,-0.22257991964581406,-0.05812154109776906,-0.026469210426590385,0.05702607397873146,-0.01877730784412986,0.015647036393110107,0.12737852114142958,0.0333168688468019,-0.0514072569284296,0.0023593990222473982,0.003855204312468,-0.04451145107725436,-0.015536519577031135,0.04846234654398056,0.02445359964708421
PL33_2,-0.027737585931338085,-0.006148435601698131,-0.03716820974230979,-0.044689163471003934,-0.09847300363588816,-0.09654836965416684,0.08110772561330208,0.035930833669099944,0.08362824467663728,0.006095312320644639,-0.0855464983884934,-0.08715660621904549,-0.0663411710557261,0.02914122124316204,-0.04796970919949258,0.11929631698483986,0.11157608138536293,-0.04739163462764838,-0.07953444492300374,0.02802685462751958,0.07165480289369554,-0.20686116169096308,-0.07282795459399681,-0.04109704804980883,-0.05464447447697386,0.015004708909514258,-0.17115862933892137,-0.07702336582886532,0.02463313358715499,-0.14058926753937206,-0.07575194300520051,0.07949846876956304,-0.09280924418821841,0.028708646611597548,0.0897395858209044,0.06377376216904092,-0.05935087953098242,-0.00846691405669426,-0.046245864115500974,-0.1504311854605148,0.10029621955773585,-0.021520066122406666,0.0489387195423888,0.07805370912740421,-0.04525980131139989,-0.04888259817944136,-0.004519246073418342,-0.013271488190453363,0.022519501100444483,0.07468898155664216,-0.10084079095055608,-0.011240291265401641,-0.04137329859995492,0.0897167198608035,0.0035108855556011107,0.049548583447411865,-0.0043324688282379,-0.06792213929223871,0.07917309923811452,0.032598010809461314,-0.1106496198906429,-0.02941122528407333,0.06178070203373275,0.058413150531854245,-0.051711625381688234,-0.001460471362420916,0.0062917900982903275,0.03475990435794696,-0.04368148988394028,-0.018203219954724896,0.0075022407741679115,-0.00494496228301789,-0.014930572485729664,0.12741098662619565,-0.021463304476744986,0.04506093118246404,-0.008869880850491865,0.0046794769362620255,-0.0002276926564629069,0.05885410284400728,0.03636384986951776,0.015772076411673178,0.10525680131855553,-0.012566513674041477,0.03520872196996428,-0.04051502757924297,0.07067310965263544,-0.004682022366222088,0.03276173015797085,0.0013657042038155327,-0.02594009290471516,0.0514010593721035,-0.15686060661221063,-0.01830711290257448,0.014032648850683765,-0.04463450088540005,-0.062328286570206975,-0.06750859480263016,-0.03195661598212531,8.287148697833817e-05,0.06304902056191679,-0.0796587595614751,-0.1274466405845729,-0.011768722601134646,0.0038192868188988696,-0.04555666980471655,0.08608623604974193,0.0007437748883576551,-0.014119915097519281,-0.07492614086163432,-0.057079035410064476,-0.028250925894760342,0.06795196463231928,0.008938111994631773,-0.12722679074046322,-0.03935763569910816,0.11426611416059523,-0.12252695779637296,0.11895237959023687,-0.043653205091360454,0.024420780083904477,0.08778919522659656,0.07025285075019459,0.05787453646494274,-0.07391017350173404,-0.1164450701027271,0.016953540968020105,0.04583717502544702,-0.04437855338609792,-0.0573669846603459,0.030192943179205373,0.04512627684834153,0.1747871188286254,-0.036242574619172276,0.039735035746241085,-0.029349699177566413,0.013813329427911447,0.07578549640981569,0.020926622868932092
GH14,-0.031880565791923644,-0.05384002942761732,-0.027008330401614863,-0.07062213789478576,-0.09260741678294249,-0.04841932232899663,0.10165282771299744,-0.1527617067661939,0.07516919407391032,-0.03235446447220289,-0.21648212363678182,-0.06802306790701748,-0.06495129004493314,0.00836120333932252,-0.007112686049852893,0.15582295761141035,-0.021438532358040052,0.059908562312975124,-0.0299348878896752,-0.22911348694661204,0.02437845156508101,-0.23827071158810972,-0.0727457385949404,-0.03156064550009172,0.024573952430489425,-0.005440815373077126,-0.04072615172314706,0.03361219807067303,-0.15290280092151465,-0.057832325336117964,-0.08187028430757234,-0.049565225147692904,0.032470330214765156,-0.036571976263096495,-0.09926737431733931,0.06747469155913553,0.036609027761720904,-0.0950422733046502,-0.02452145292774145,-0.17803490231246258,0.05357825855185317,-0.0002198032719724324,0.044129549240049346,0.06594186088654827,-0.09654731682284103,-0.020197297221650864,0.025291652370149728,-0.001860472414570699,0.023668951733494408,0.0006577005512650128,0.021692780040563568,0.0410935024300714,0.08868294320129673,-0.08536289856537871,0.050008081272235966,-0.010460587467822968,-0.03798865698950537,0.03230295348084474,-0.009553836092331763,0.1123454026474548,-0.1584361665564835,-0.05264167154150553,0.00039175319161801535,-0.01510095934909499,-0.13824817133598416,0.0645890082490959,-0.039215892356646555,-0.02070034195086762,-0.04597330246239719,-0.08982612763896991,0.08898770077478942,0.15961425595425435,-0.10214224193939998,0.142430754534029,-0.030711156938933715,0.11475604118486629,0.06666476812038237,0.006681182747919407,-0.0020160939011300495,-0.02522048617231173,0.03554573463249645,-0.032051584938257625,0.0038471835545735365,0.28635949362260715,0.024474097539963206,-0.029077763957732684,-0.011370644710123617,-0.0273926741742313,-0.050882742177387925,0.10970902158953667,0.1890295739689791,-0.07642161612366007,-0.06189947109582945,-0.03091837352951233,-0.08219622732715227,-0.05200088159027562,0.03395877082672065,0.05857122052514347,0.033119300226849176,0.005013821660965972,0.2543296775711146,-0.12426213164813812,-0.0326645945460375,0.026716341721093204,0.0727507279437937,0.09592097944226802,-0.008014630439081079,-0.07881792308379297,0.031705231920529174,-0.06113900065798701,0.11056123633411939,0.10987648952486694,0.019525066414960324,-0.09870337452843114,-0.10865058556410895,0.09031292193724642,0.04434163157968486,0.03712100947110008,0.07958897498872063,0.13007137503530275,-0.11401700844684566,0.11756255522125468,0.014598291283982084,0.04396122706759917,-0.00019294526899671342,-0.0240467141289772,-0.20757223072156,-0.060491899338974295,0.054246785276240925,-0.28887300259599424,-0.07160033926967728,0.06679700348444195,0.10166901580681273,0.006693658355347128,-0.0020691257936931344,-0.11980581872005042,-0.02846425558784063,0.031113398746589218,0.0214057288164959
